seed,alpha,N,method,lam,lp_feasible,rho,lp_time,gamma,cl_violation,cl_worst_residual
1070,1.0,10,DCM,0.7,True,0.5091898542433161,0.008821784999781812,1.0,,
1070,1.0,10,DCM,0.75,True,0.4588649300742835,0.008426728999438637,1.0,,
1070,1.0,10,DCM,0.8,True,0.40854000582079153,0.008122384000671445,1.0,,
1070,1.0,10,DCM,0.85,True,0.35821508283954734,0.008157649000168021,1.0,,
1070,1.0,10,DCM,0.9,True,0.3078901504846967,0.008405191999372619,1.0,0.0,-0.32481003983556034
1070,1.0,10,DCM,0.95,True,0.2575652351065491,0.00868685200020991,1.0,,
1070,1.0,10,DCM,1.0,True,0.20861031399036636,0.008688489999258309,1.0,,
1070,1.0,10,ICM-noSI,0.7,True,0.5101208494786375,0.013113408999743115,1.0,,
1070,1.0,10,ICM-noSI,0.75,True,0.4599977831358277,0.015943731000334083,1.0,,
1070,1.0,10,ICM-noSI,0.8,True,0.40987471800302017,0.012985831000150938,1.0,,
1070,1.0,10,ICM-noSI,0.85,True,0.35975166986926976,0.016944091000368644,1.0,,
1070,1.0,10,ICM-noSI,0.9,True,0.30962860773030876,0.016442746999928204,1.0,0.0,-0.32645150600734807
1070,1.0,10,ICM-noSI,0.95,True,0.25950554444974216,0.021832753000126104,1.0,,
1070,1.0,10,ICM-noSI,1.0,True,0.21053740951585867,0.021925443000327505,1.0,,
1070,1.0,10,ICM,0.7,True,0.5109785419718316,0.012262416000339726,1.0,,
1070,1.0,10,ICM,0.75,True,0.4606351116286736,0.014060498000617372,1.0,,
1070,1.0,10,ICM,0.8,True,0.41029167031380726,0.013058184999863442,1.0,,
1070,1.0,10,ICM,0.85,True,0.3599482496698921,0.01485785200020473,1.0,,
1070,1.0,10,ICM,0.9,True,0.30960481377483345,0.014897375999680662,1.0,0.0,-0.3257133295286212
1070,1.0,10,ICM,0.95,True,0.25926138336781734,0.014041535000615113,1.0,,
1070,1.0,10,ICM,1.0,True,0.209045086241043,0.013457050999932108,1.0,,
1087,1.0,10,DCM,0.7,True,0.49926573741670494,0.008984086000054958,1.0,,
1087,1.0,10,DCM,0.75,True,0.45049278911345625,0.00861222399998951,1.0,,
1087,1.0,10,DCM,0.8,True,0.401719839888497,0.008550595000087924,1.0,,
1087,1.0,10,DCM,0.85,True,0.35294688887989095,0.008549932999812881,1.0,,
1087,1.0,10,DCM,0.9,True,0.30417393694230055,0.009142296999925748,1.0,0.0,-0.30371584008016117
1087,1.0,10,DCM,0.95,True,0.25540099745034883,0.008756881000408612,1.0,,
1087,1.0,10,DCM,1.0,True,0.20662804898638756,0.008814627999527147,1.0,,
1087,1.0,10,ICM-noSI,0.7,True,0.5063262130825595,0.021348197999941476,1.0,,
1087,1.0,10,ICM-noSI,0.75,True,0.45756371570259835,0.019450394000159577,1.0,,
1087,1.0,10,ICM-noSI,0.8,True,0.40880121849734996,0.017609440999876824,1.0,,
1087,1.0,10,ICM-noSI,0.85,True,0.3600387206946094,0.022353292999468977,1.0,,
1087,1.0,10,ICM-noSI,0.9,True,0.3112762185304399,0.02264541200020176,1.0,0.0,-0.30829620575769023
1087,1.0,10,ICM-noSI,0.95,True,0.26251372873539347,0.02432083199983026,1.0,,
1087,1.0,10,ICM-noSI,1.0,True,0.21375123148425998,0.022408648000237008,1.0,,
1087,1.0,10,ICM,0.7,True,0.5091443007426834,0.014731661999576318,1.0,,
1087,1.0,10,ICM,0.75,True,0.45869659698865145,0.01610276100018382,1.0,,
1087,1.0,10,ICM,0.8,True,0.4082488919532344,0.01770604600005754,1.0,,
1087,1.0,10,ICM,0.85,True,0.3578011909454588,0.017692387000352028,1.0,,
1087,1.0,10,ICM,0.9,True,0.3073534924450813,0.017257812000025297,1.0,0.0,-0.3046575501347779
1087,1.0,10,ICM,0.95,True,0.25690579093415494,0.019191421999494196,1.0,,
1087,1.0,10,ICM,1.0,True,0.20659483469975704,0.017439037999793072,1.0,,
1104,1.0,10,DCM,0.7,True,0.45984543204742184,0.01720465600010357,1.0,,
1104,1.0,10,DCM,0.75,True,0.40726119953097867,0.015726958000414015,1.0,,
1104,1.0,10,DCM,0.8,True,0.3546769642271681,0.011931721000109974,1.0,,
1104,1.0,10,DCM,0.85,True,0.30209273763594735,0.01134241900035704,1.0,,
1104,1.0,10,DCM,0.9,True,0.25141598816913424,0.01055139100026281,1.0,0.0,-0.23329665575347758
1104,1.0,10,DCM,0.95,True,0.2011969884012322,0.011510555999848293,1.0,,
1104,1.0,10,DCM,1.0,True,0.15185084030784374,0.012235036999300064,1.0,,
1104,1.0,10,ICM-noSI,0.7,True,0.5050249292186223,0.010809704999701353,1.0,,
1104,1.0,10,ICM-noSI,0.75,True,0.45489093173060474,0.010450556000250799,1.0,,
1104,1.0,10,ICM-noSI,0.8,True,0.40475694362271064,0.01041541100039467,1.0,,
1104,1.0,10,ICM-noSI,0.85,True,0.3546229463365676,0.010690761000660132,1.0,,
1104,1.0,10,ICM-noSI,0.9,True,0.30455934334205575,0.009820471000239195,1.0,0.0,-0.2254001616924428
1104,1.0,10,ICM-noSI,0.95,True,0.25491749039960576,0.009820510000281502,1.0,,
1104,1.0,10,ICM-noSI,1.0,True,0.2059697500953395,0.009730857999784348,1.0,,
1104,1.0,10,ICM,0.7,True,0.5097126387866668,0.01354887800061988,1.0,,
1104,1.0,10,ICM,0.75,True,0.46019337671009586,0.014256434000344598,1.0,,
1104,1.0,10,ICM,0.8,True,0.41067410528511633,0.013676024999767833,1.0,,
1104,1.0,10,ICM,0.85,True,0.3611548336462485,0.015059606999784592,1.0,,
1104,1.0,10,ICM,0.9,True,0.3116440855558261,0.015470042999368161,1.0,0.0,-0.2192456390359856
1104,1.0,10,ICM,0.95,True,0.2622738751753313,0.016052881999712554,1.0,,
1104,1.0,10,ICM,1.0,True,0.2130273549513681,0.013947593000011693,1.0,,
1121,1.0,10,DCM,0.7,True,0.5143649727940467,0.021865632999833906,1.0,,
1121,1.0,10,DCM,0.75,True,0.46287016199496256,0.02131509199989523,1.0,,
1121,1.0,10,DCM,0.8,True,0.4113753523972538,0.021512285000426346,1.0,,
1121,1.0,10,DCM,0.85,True,0.3598805435889116,0.02131453899983171,1.0,,
1121,1.0,10,DCM,0.9,True,0.3083857305337064,0.021451034000165237,1.0,0.0,-0.2854054172175108
1121,1.0,10,DCM,0.95,True,0.25710308531802034,0.02144707500065124,1.0,,
1121,1.0,10,DCM,1.0,True,0.2085107261776158,0.017697513000712206,1.0,,
1121,1.0,10,ICM-noSI,0.7,True,0.5251483367974126,0.009107500000027358,1.0,,
1121,1.0,10,ICM-noSI,0.75,True,0.4747763437657864,0.009206828999595018,1.0,,
1121,1.0,10,ICM-noSI,0.8,True,0.424404336054701,0.009306580000156828,1.0,,
1121,1.0,10,ICM-noSI,0.85,True,0.374032327597887,0.009653103999880841,1.0,,
1121,1.0,10,ICM-noSI,0.9,True,0.32366031947810114,0.009701114000563393,1.0,0.0,-0.2887348850348268
1121,1.0,10,ICM-noSI,0.95,True,0.2733520708463787,0.009921642999870528,1.0,,
1121,1.0,10,ICM-noSI,1.0,True,0.22363356346590335,0.009201930999552133,1.0,,
1121,1.0,10,ICM,0.7,True,0.5348675381958029,0.013947597999504069,1.0,,
1121,1.0,10,ICM,0.75,True,0.48474937239084226,0.013708258999940881,1.0,,
1121,1.0,10,ICM,0.8,True,0.43463120804858074,0.0134212650000336,1.0,,
1121,1.0,10,ICM,0.85,True,0.3845130457587917,0.013643649000186997,1.0,,
1121,1.0,10,ICM,0.9,True,0.33439487875464646,0.013586281000243616,1.0,0.0,-0.2927085588844669
1121,1.0,10,ICM,0.95,True,0.2842767044981593,0.01541623899993283,1.0,,
1121,1.0,10,ICM,1.0,True,0.234233660325623,0.01550546700036648,1.0,,
1138,1.0,10,DCM,0.7,True,0.514947750618004,0.012680157999966468,1.0,,
1138,1.0,10,DCM,0.75,True,0.46621686347749136,0.012218738000228768,1.0,,
1138,1.0,10,DCM,0.8,True,0.4174859763743405,0.012378577999697882,1.0,,
1138,1.0,10,DCM,0.85,True,0.3687550891583033,0.012442310000551515,1.0,,
1138,1.0,10,DCM,0.9,True,0.32002420105338425,0.01337823300036689,1.0,0.0,-0.42051368682943124
1138,1.0,10,DCM,0.95,True,0.2712933155518554,0.013828899000145611,1.0,,
1138,1.0,10,DCM,1.0,True,0.22256242832590678,0.013438937000501028,1.0,,
1138,1.0,10,ICM-noSI,0.7,True,0.511976324073718,0.010080806999212655,1.0,,
1138,1.0,10,ICM-noSI,0.75,True,0.46328830664363596,0.010131946000001335,1.0,,
1138,1.0,10,ICM-noSI,0.8,True,0.4146002891854803,0.010024342000178876,1.0,,
1138,1.0,10,ICM-noSI,0.85,True,0.3659122716894924,0.010122820000106003,1.0,,
1138,1.0,10,ICM-noSI,0.9,True,0.3172242538670058,0.00934393999978056,1.0,0.0,-0.41974577469430707
1138,1.0,10,ICM-noSI,0.95,True,0.2685362350713017,0.009005079999951704,1.0,,
1138,1.0,10,ICM-noSI,1.0,True,0.21984821427621704,0.008883137000339048,1.0,,
1138,1.0,10,ICM,0.7,True,0.5104112476974362,0.010792959999889717,1.0,,
1138,1.0,10,ICM,0.75,True,0.4613965195094893,0.009843307999290118,1.0,,
1138,1.0,10,ICM,0.8,True,0.4123817932948511,0.010072992999994312,1.0,,
1138,1.0,10,ICM,0.85,True,0.3633670698088424,0.009613154999897233,1.0,,
1138,1.0,10,ICM,0.9,True,0.3143523429233152,0.009403197999745316,1.0,0.0,-0.31631490524108064
1138,1.0,10,ICM,0.95,True,0.2654455953790635,0.008949707000283524,1.0,,
1138,1.0,10,ICM,1.0,True,0.21657577723560967,0.00968825400013884,1.0,,
1155,1.0,10,DCM,0.7,True,0.5179569184823335,0.017745625000316068,1.0,,
1155,1.0,10,DCM,0.75,True,0.46530968286202357,0.019505145000039192,1.0,,
1155,1.0,10,DCM,0.8,True,0.4126624458657728,0.019058828999732214,1.0,,
1155,1.0,10,DCM,0.85,True,0.3600152042604812,0.020551619999423565,1.0,,
1155,1.0,10,DCM,0.9,True,0.307367975188074,0.019826577999992878,1.0,0.0,-0.29807011661756155
1155,1.0,10,DCM,0.95,True,0.25528685484868074,0.02080303799993999,1.0,,
1155,1.0,10,DCM,1.0,True,0.20543619064676769,0.01968036500056769,1.0,,
1155,1.0,10,ICM-noSI,0.7,True,0.5164569601666872,0.013727212000048894,1.0,,
1155,1.0,10,ICM-noSI,0.75,True,0.46300057038400805,0.013552882999647409,1.0,,
1155,1.0,10,ICM-noSI,0.8,True,0.40954419864684777,0.015837615999771515,1.0,,
1155,1.0,10,ICM-noSI,0.85,True,0.3560878128194257,0.019888859999809938,1.0,,
1155,1.0,10,ICM-noSI,0.9,True,0.3026314267357151,0.01984458500010078,1.0,0.0,-0.2958788223825439
1155,1.0,10,ICM-noSI,0.95,True,0.2494844601849346,0.01986376199965889,1.0,,
1155,1.0,10,ICM-noSI,1.0,True,0.1995955035174659,0.019764952000514313,1.0,,
1155,1.0,10,ICM,0.7,True,0.5569149992540833,0.010009880999859888,1.0,,
1155,1.0,10,ICM,0.75,True,0.5061364734010337,0.010005350999563234,1.0,,
1155,1.0,10,ICM,0.8,True,0.45535793319611656,0.010158396999941033,1.0,,
1155,1.0,10,ICM,0.85,True,0.4045793926069654,0.01114689099995303,1.0,,
1155,1.0,10,ICM,0.9,True,0.353800850244589,0.009723743999529688,1.0,0.0,-0.3332619132537268
1155,1.0,10,ICM,0.95,True,0.3030223124626688,0.00920214199959446,1.0,,
1155,1.0,10,ICM,1.0,True,0.2523917919454916,0.009247686999515281,1.0,,
1172,1.0,10,DCM,0.7,True,0.4905736676075784,0.01925477500026318,1.0,,
1172,1.0,10,DCM,0.75,True,0.43974790752035603,0.015146725000704464,1.0,,
1172,1.0,10,DCM,0.8,True,0.38892214800309866,0.014003878000039549,1.0,,
1172,1.0,10,DCM,0.85,True,0.3380963876846118,0.01424430899987783,1.0,,
1172,1.0,10,DCM,0.9,True,0.28727062762652134,0.014708916999552457,1.0,0.0,-0.32807961015933174
1172,1.0,10,DCM,0.95,True,0.23644487358009697,0.014649400000052992,1.0,,
1172,1.0,10,DCM,1.0,True,0.18709148879706353,0.014961363000111305,1.0,,
1172,1.0,10,ICM-noSI,0.7,True,0.5003342753241022,0.013845173999470717,1.0,,
1172,1.0,10,ICM-noSI,0.75,True,0.44873296339553015,0.013546684000175446,1.0,,
1172,1.0,10,ICM-noSI,0.8,True,0.3971316522424676,0.014350340000419237,1.0,,
1172,1.0,10,ICM-noSI,0.85,True,0.3455303404991324,0.014744291000170051,1.0,,
1172,1.0,10,ICM-noSI,0.9,True,0.293929028795604,0.013261626000712567,1.0,0.0,-0.3274484276933667
1172,1.0,10,ICM-noSI,0.95,True,0.24232771542348863,0.017670305000137887,1.0,,
1172,1.0,10,ICM-noSI,1.0,True,0.1922090798862436,0.02030754400038859,1.0,,
1172,1.0,10,ICM,0.7,True,0.5091074087318621,0.010747969000476587,1.0,,
1172,1.0,10,ICM,0.75,True,0.45858246009810216,0.009743786999933945,1.0,,
1172,1.0,10,ICM,0.8,True,0.40805751400543194,0.01004222700066748,1.0,,
1172,1.0,10,ICM,0.85,True,0.3575325748384526,0.010256896000100824,1.0,,
1172,1.0,10,ICM,0.9,True,0.30700762606615406,0.00942957799998112,1.0,0.0,-0.32040148491651843
1172,1.0,10,ICM,0.95,True,0.25648268032102384,0.009872006000477995,1.0,,
1172,1.0,10,ICM,1.0,True,0.20603749236301558,0.009086104000743944,1.0,,
1189,1.0,10,DCM,0.7,True,0.5716451814187926,0.012555836000501586,1.0,,
1189,1.0,10,DCM,0.75,True,0.5211843441248183,0.012434624999514199,1.0,,
1189,1.0,10,DCM,0.8,True,0.47072351137691043,0.014420665000216104,1.0,,
1189,1.0,10,DCM,0.85,True,0.42026267350225827,0.014881050999974832,1.0,,
1189,1.0,10,DCM,0.9,True,0.3698018359749128,0.01641926600041188,1.0,0.0,-0.2799031527533359
1189,1.0,10,DCM,0.95,True,0.31934099765302715,0.014891294999870297,1.0,,
1189,1.0,10,DCM,1.0,True,0.2691480665921098,0.01608558099997026,1.0,,
1189,1.0,10,ICM-noSI,0.7,True,0.5357714567886633,0.017340358999717864,1.0,,
1189,1.0,10,ICM-noSI,0.75,True,0.48681061619648885,0.017569772000570083,1.0,,
1189,1.0,10,ICM-noSI,0.8,True,0.4378497753839485,0.019104985999547353,1.0,,
1189,1.0,10,ICM-noSI,0.85,True,0.38888893398024216,0.02023973700033821,1.0,,
1189,1.0,10,ICM-noSI,0.9,True,0.339928092326164,0.02006357800019032,1.0,0.0,-0.2763477291575057
1189,1.0,10,ICM-noSI,0.95,True,0.2909672555291501,0.018090207000568626,1.0,,
1189,1.0,10,ICM-noSI,1.0,True,0.242026545973802,0.01601429500078666,1.0,,
1189,1.0,10,ICM,0.7,True,0.49245517065370137,0.02079412900002353,1.0,,
1189,1.0,10,ICM,0.75,True,0.4428204878855537,0.020429715999853215,1.0,,
1189,1.0,10,ICM,0.8,True,0.39318580499309197,0.02144694500020705,1.0,,
1189,1.0,10,ICM,0.85,True,0.34355111703538854,0.020898626000416698,1.0,,
1189,1.0,10,ICM,0.9,True,0.2939164401903695,0.021639694000441523,1.0,0.0,-0.34545441199660154
1189,1.0,10,ICM,0.95,True,0.24428175737256475,0.01900163199934468,1.0,,
1189,1.0,10,ICM,1.0,True,0.19464707452301708,0.0195038409992776,1.0,,
1206,1.0,10,DCM,0.7,True,0.5087824071525436,0.013741284999923664,1.0,,
1206,1.0,10,DCM,0.75,True,0.45743958005760527,0.013377642000705237,1.0,,
1206,1.0,10,DCM,0.8,True,0.40609675298012193,0.013693887000044924,1.0,,
1206,1.0,10,DCM,0.85,True,0.3547539258433384,0.01439958100036165,1.0,,
1206,1.0,10,DCM,0.9,True,0.30341109119458787,0.015794119000020146,1.0,0.0,-0.3008928044790695
1206,1.0,10,DCM,0.95,True,0.2549085612780961,0.01754748199982714,1.0,,
1206,1.0,10,DCM,1.0,True,0.20731172972923695,0.016974109999864595,1.0,,
1206,1.0,10,ICM-noSI,0.7,True,0.5242891279915325,0.018527767999330536,1.0,,
1206,1.0,10,ICM-noSI,0.75,True,0.47271065287284275,0.019966216000284476,1.0,,
1206,1.0,10,ICM-noSI,0.8,True,0.42113217740357856,0.016536766999706742,1.0,,
1206,1.0,10,ICM-noSI,0.85,True,0.3695536991951107,0.01497207000011258,1.0,,
1206,1.0,10,ICM-noSI,0.9,True,0.31797523102383124,0.01868195699989883,1.0,0.0,-0.3101926722050744
1206,1.0,10,ICM-noSI,0.95,True,0.26782724856654355,0.019934521000323002,1.0,,
1206,1.0,10,ICM-noSI,1.0,True,0.21955761414080963,0.02001996400031203,1.0,,
1206,1.0,10,ICM,0.7,True,0.5448928826044461,0.019731041000341065,1.0,,
1206,1.0,10,ICM,0.75,True,0.49521466417100407,0.02165194699955464,1.0,,
1206,1.0,10,ICM,0.8,True,0.44553647624479137,0.020770704999449663,1.0,,
1206,1.0,10,ICM,0.85,True,0.3958582729998218,0.019553214999177726,1.0,,
1206,1.0,10,ICM,0.9,True,0.3461800681453694,0.020810378000533092,1.0,0.0,-0.30565275282290416
1206,1.0,10,ICM,0.95,True,0.2965771337450062,0.021200100999521965,1.0,,
1206,1.0,10,ICM,1.0,True,0.24714250045335806,0.020787625999219017,1.0,,
1223,1.0,10,DCM,0.7,True,0.49353340235388515,0.021042217999820423,1.0,,
1223,1.0,10,DCM,0.75,True,0.44462062058588026,0.020959288000085508,1.0,,
1223,1.0,10,DCM,0.8,True,0.39570783934563686,0.021301144000062777,1.0,,
1223,1.0,10,DCM,0.85,True,0.34679505811238565,0.02082317399981548,1.0,,
1223,1.0,10,DCM,0.9,True,0.297882270487663,0.02136957299990172,1.0,0.0,-0.3083239337089876
1223,1.0,10,DCM,0.95,True,0.24896949932257695,0.020849115999226342,1.0,,
1223,1.0,10,DCM,1.0,True,0.20005671833358102,0.021212567000475246,1.0,,
1223,1.0,10,ICM-noSI,0.7,True,0.4938974299828029,0.018198488999587425,1.0,,
1223,1.0,10,ICM-noSI,0.75,True,0.44501642127319196,0.01962681200075167,1.0,,
1223,1.0,10,ICM-noSI,0.8,True,0.3961354131402291,0.020960370000466355,1.0,,
1223,1.0,10,ICM-noSI,0.85,True,0.34725440484332465,0.01927976899969508,1.0,,
1223,1.0,10,ICM-noSI,0.9,True,0.29837339017904607,0.01981455700024526,1.0,0.0,-0.30827219615009005
1223,1.0,10,ICM-noSI,0.95,True,0.2494923931734009,0.01969121899946913,1.0,,
1223,1.0,10,ICM-noSI,1.0,True,0.200611385165504,0.01996516600047471,1.0,,
1223,1.0,10,ICM,0.7,True,0.504838419680743,0.021872827999686706,1.0,,
1223,1.0,10,ICM,0.75,True,0.45487044593050796,0.02156677699986176,1.0,,
1223,1.0,10,ICM,0.8,True,0.4049024716948918,0.021340015999157913,1.0,,
1223,1.0,10,ICM,0.85,True,0.35493449522077036,0.020732988000418118,1.0,,
1223,1.0,10,ICM,0.9,True,0.3049665248853529,0.018433788000038476,1.0,0.0,-0.31474951146091157
1223,1.0,10,ICM,0.95,True,0.2549985505094831,0.018922965000456315,1.0,,
1223,1.0,10,ICM,1.0,True,0.20503057630311164,0.021018385000388662,1.0,,
1240,1.0,10,DCM,0.7,True,0.4918609923716401,0.016927081999710936,1.0,,
1240,1.0,10,DCM,0.75,True,0.44117175565918637,0.016961765999440104,1.0,,
1240,1.0,10,DCM,0.8,True,0.39048251890486474,0.017890975000227627,1.0,,
1240,1.0,10,DCM,0.85,True,0.3397932730209415,0.017703554000036092,1.0,,
1240,1.0,10,DCM,0.9,True,0.28910404553912283,0.01920158899974922,1.0,0.0,-0.2730600523292672
1240,1.0,10,DCM,0.95,True,0.23981038820919973,0.018483134000234713,1.0,,
1240,1.0,10,DCM,1.0,True,0.19098463538956567,0.01708845399934944,1.0,,
1240,1.0,10,ICM-noSI,0.7,True,0.49690619807569125,0.01973081899996032,1.0,,
1240,1.0,10,ICM-noSI,0.75,True,0.4458280941763818,0.013964146999569493,1.0,,
1240,1.0,10,ICM-noSI,0.8,True,0.39474998690373775,0.015674911000132852,1.0,,
1240,1.0,10,ICM-noSI,0.85,True,0.3436718800240104,0.016569542000070214,1.0,,
1240,1.0,10,ICM-noSI,0.9,True,0.2925937825201304,0.013006162999772641,1.0,0.0,-0.2733034867837246
1240,1.0,10,ICM-noSI,0.95,True,0.24304990108900654,0.013503961999958847,1.0,,
1240,1.0,10,ICM-noSI,1.0,True,0.19386026238629753,0.01969273900067492,1.0,,
1240,1.0,10,ICM,0.7,True,0.5140546536573799,0.015229594000629731,1.0,,
1240,1.0,10,ICM,0.75,True,0.4638445716834274,0.014658617000350205,1.0,,
1240,1.0,10,ICM,0.8,True,0.41363449028611754,0.014912100000401551,1.0,,
1240,1.0,10,ICM,0.85,True,0.36342441058050395,0.01378098300028796,1.0,,
1240,1.0,10,ICM,0.9,True,0.3132143286305499,0.014549530000294908,1.0,0.0,-0.3181352871435976
1240,1.0,10,ICM,0.95,True,0.26310290425021493,0.013232862000222667,1.0,,
1240,1.0,10,ICM,1.0,True,0.21304484812047672,0.012869186999523663,1.0,,
1257,1.0,10,DCM,0.7,True,0.5224733571633821,0.016841924999425828,1.0,,
1257,1.0,10,DCM,0.75,True,0.47267177096694857,0.015191786999821488,1.0,,
1257,1.0,10,DCM,0.8,True,0.42287018100889473,0.018966884999827016,1.0,,
1257,1.0,10,DCM,0.85,True,0.3730686022281545,0.019983725000201957,1.0,,
1257,1.0,10,DCM,0.9,True,0.323267015450126,0.019260279000263836,1.0,0.0,-0.3728603376070775
1257,1.0,10,DCM,0.95,True,0.2737310041133945,0.019424090000029537,1.0,,
1257,1.0,10,DCM,1.0,True,0.22440067008241832,0.018788100000165286,1.0,,
1257,1.0,10,ICM-noSI,0.7,True,0.5180823087906722,0.01029965700035973,1.0,,
1257,1.0,10,ICM-noSI,0.75,True,0.4681366405728751,0.010119350000422855,1.0,,
1257,1.0,10,ICM-noSI,0.8,True,0.41819097154834567,0.010136962999240495,1.0,,
1257,1.0,10,ICM-noSI,0.85,True,0.36824531325137283,0.01044699500016577,1.0,,
1257,1.0,10,ICM-noSI,0.9,True,0.31829963964755825,0.01093957800003409,1.0,0.0,-0.37077524416745167
1257,1.0,10,ICM-noSI,0.95,True,0.2688188159132051,0.01203687399993214,1.0,,
1257,1.0,10,ICM-noSI,1.0,True,0.21953470997936483,0.010714257000472571,1.0,,
1257,1.0,10,ICM,0.7,True,0.5118513878294942,0.010137150999980804,1.0,,
1257,1.0,10,ICM,0.75,True,0.46246955023833114,0.009896446999846376,1.0,,
1257,1.0,10,ICM,0.8,True,0.41308772353771006,0.011760246999983792,1.0,,
1257,1.0,10,ICM,0.85,True,0.36370588788734065,0.014327422999485862,1.0,,
1257,1.0,10,ICM,0.9,True,0.3143240500267171,0.01418673599982867,1.0,0.0,-0.37654713546775354
1257,1.0,10,ICM,0.95,True,0.2650548760892774,0.013698888999897463,1.0,,
1257,1.0,10,ICM,1.0,True,0.2158208110869964,0.013773738000054436,1.0,,
1274,1.0,10,DCM,0.7,True,0.49576205393327455,0.08262367200040899,1.0,,
1274,1.0,10,DCM,0.75,True,0.44566719739150534,0.021155051999812713,1.0,,
1274,1.0,10,DCM,0.8,True,0.39557234083957465,0.02106488199933665,1.0,,
1274,1.0,10,DCM,0.85,True,0.3454774850747875,0.019980852999651688,1.0,,
1274,1.0,10,DCM,0.9,True,0.295606982337655,0.02107255900045857,1.0,0.0,-0.2674473785554692
1274,1.0,10,DCM,0.95,True,0.24694051315788507,0.021172634000322432,1.0,,
1274,1.0,10,DCM,1.0,True,0.19827403970352153,0.01923185099985858,1.0,,
1274,1.0,10,ICM-noSI,0.7,True,0.5100697060343772,0.02262884900028439,1.0,,
1274,1.0,10,ICM-noSI,0.75,True,0.4619897955388877,0.020466745000703668,1.0,,
1274,1.0,10,ICM-noSI,0.8,True,0.4139098732789932,0.020082849999198515,1.0,,
1274,1.0,10,ICM-noSI,0.85,True,0.3658299510343301,0.01712672299981932,1.0,,
1274,1.0,10,ICM-noSI,0.9,True,0.3177810933037976,0.01800099699994462,1.0,0.0,-0.2532897664883649
1274,1.0,10,ICM-noSI,0.95,True,0.27078872086905764,0.010660136999831593,1.0,,
1274,1.0,10,ICM-noSI,1.0,True,0.22379633737347746,0.010104289000082645,1.0,,
1274,1.0,10,ICM,0.7,True,0.48740069678365666,0.02170249499977217,1.0,,
1274,1.0,10,ICM,0.75,True,0.43765328107881524,0.01944833200013818,1.0,,
1274,1.0,10,ICM,0.8,True,0.38790586549042005,0.02179557500039664,1.0,,
1274,1.0,10,ICM,0.85,True,0.33815845934889815,0.019827823000014178,1.0,,
1274,1.0,10,ICM,0.9,True,0.2884110447845824,0.018539460999818402,1.0,0.0,-0.4465610674923717
1274,1.0,10,ICM,0.95,True,0.23866363019663767,0.018700455999351107,1.0,,
1274,1.0,10,ICM,1.0,True,0.1889162153821002,0.019125298999824736,1.0,,
1291,1.0,10,DCM,0.7,True,0.4897038701790137,0.009432064999600698,1.0,,
1291,1.0,10,DCM,0.75,True,0.440592480368607,0.0092345490002117,1.0,,
1291,1.0,10,DCM,0.8,True,0.3914811073987936,0.009228310999787936,1.0,,
1291,1.0,10,DCM,0.85,True,0.3423697209393667,0.008721780999621842,1.0,,
1291,1.0,10,DCM,0.9,True,0.29325832694230686,0.008784241999819642,1.0,0.0,-0.3923387784623664
1291,1.0,10,DCM,0.95,True,0.2441902452042052,0.008873386999766808,1.0,,
1291,1.0,10,DCM,1.0,True,0.19512358121150009,0.00886841400006233,1.0,,
1291,1.0,10,ICM-noSI,0.7,True,0.49298789753823913,0.008647733000543667,1.0,,
1291,1.0,10,ICM-noSI,0.75,True,0.4438499130708778,0.008772459000283561,1.0,,
1291,1.0,10,ICM-noSI,0.8,True,0.394711918920851,0.008358066000255349,1.0,,
1291,1.0,10,ICM-noSI,0.85,True,0.3455739454173947,0.008157012000083341,1.0,,
1291,1.0,10,ICM-noSI,0.9,True,0.29643596119595744,0.008216977999836672,1.0,0.0,-0.3946928310505017
1291,1.0,10,ICM-noSI,0.95,True,0.24736405635960793,0.008442573000138509,1.0,,
1291,1.0,10,ICM-noSI,1.0,True,0.19829489308297035,0.008121019000100205,1.0,,
1291,1.0,10,ICM,0.7,True,0.49298948033967555,0.008909936999771162,1.0,,
1291,1.0,10,ICM,0.75,True,0.44385113443949026,0.008532999999260937,1.0,,
1291,1.0,10,ICM,0.8,True,0.39471278880738325,0.008717116999832797,1.0,,
1291,1.0,10,ICM,0.85,True,0.34557444041937596,0.008702172999619506,1.0,,
1291,1.0,10,ICM,0.9,True,0.2964360857348887,0.008800273999440833,1.0,0.0,-0.39506487039659854
1291,1.0,10,ICM,0.95,True,0.2473640577536495,0.008880450999640743,1.0,,
1291,1.0,10,ICM,1.0,True,0.19829489594296354,0.009001050999358995,1.0,,
1308,1.0,10,DCM,0.7,True,0.49249847564977745,0.008676571000250988,1.0,,
1308,1.0,10,DCM,0.75,True,0.44233715538210044,0.009229640000739892,1.0,,
1308,1.0,10,DCM,0.8,True,0.39217583512939774,0.010078111000439094,1.0,,
1308,1.0,10,DCM,0.85,True,0.34201451518889175,0.01019512999937433,1.0,,
1308,1.0,10,DCM,0.9,True,0.292001786864977,0.009265685000173107,1.0,0.0,-0.25225729688796616
1308,1.0,10,DCM,0.95,True,0.24330925506970366,0.009184212000036496,1.0,,
1308,1.0,10,DCM,1.0,True,0.1952291199297858,0.008631539000816701,1.0,,
1308,1.0,10,ICM-noSI,0.7,True,0.4922485241980701,0.008127531000354793,1.0,,
1308,1.0,10,ICM-noSI,0.75,True,0.4421247214064675,0.008136178999848198,1.0,,
1308,1.0,10,ICM-noSI,0.8,True,0.3920009188832138,0.008013505999770132,1.0,,
1308,1.0,10,ICM-noSI,0.85,True,0.3418771129569477,0.007962919999954465,1.0,,
1308,1.0,10,ICM-noSI,0.9,True,0.291851644114615,0.008511398999871744,1.0,0.0,-0.24713703406984744
1308,1.0,10,ICM-noSI,0.95,True,0.24307751655908844,0.008119318999888492,1.0,,
1308,1.0,10,ICM-noSI,1.0,True,0.19466174958655186,0.008641852000437211,1.0,,
1308,1.0,10,ICM,0.7,True,0.5136605133523681,0.008787329999904614,1.0,,
1308,1.0,10,ICM,0.75,True,0.464465666687371,0.009109444000387157,1.0,,
1308,1.0,10,ICM,0.8,True,0.4152708168793001,0.00858470299954206,1.0,,
1308,1.0,10,ICM,0.85,True,0.36607596522432484,0.008644022999760637,1.0,,
1308,1.0,10,ICM,0.9,True,0.316881124296448,0.008564730999751191,1.0,0.0,-0.2481321254952059
1308,1.0,10,ICM,0.95,True,0.2678086224034124,0.00883130800048093,1.0,,
1308,1.0,10,ICM,1.0,True,0.2188742382203185,0.00864441799967608,1.0,,
1325,1.0,10,DCM,0.7,True,0.46197048489588505,0.008734016999369487,1.0,,
1325,1.0,10,DCM,0.75,True,0.41104416889371087,0.00905405299999984,1.0,,
1325,1.0,10,DCM,0.8,True,0.3601178526065584,0.009086590000151773,1.0,,
1325,1.0,10,DCM,0.85,True,0.3091915489063744,0.00874630199996318,1.0,,
1325,1.0,10,DCM,0.9,True,0.258265235651602,0.00873951500034309,1.0,0.0,-0.3449441732071107
1325,1.0,10,DCM,0.95,True,0.20772544434280096,0.008563966000110668,1.0,,
1325,1.0,10,DCM,1.0,True,0.15812982368540857,0.008369868000045244,1.0,,
1325,1.0,10,ICM-noSI,0.7,True,0.47722521108975463,0.009024560999932874,1.0,,
1325,1.0,10,ICM-noSI,0.75,True,0.4261547066848444,0.008966244000475854,1.0,,
1325,1.0,10,ICM-noSI,0.8,True,0.3750842080769878,0.008839705999889702,1.0,,
1325,1.0,10,ICM-noSI,0.85,True,0.32401370258014006,0.009118044999922859,1.0,,
1325,1.0,10,ICM-noSI,0.9,True,0.27294319681821827,0.008993894000013825,1.0,0.0,-0.34461563471363177
1325,1.0,10,ICM-noSI,0.95,True,0.22199928025209298,0.00863060299980134,1.0,,
1325,1.0,10,ICM-noSI,1.0,True,0.17188237826518638,0.008915913000237197,1.0,,
1325,1.0,10,ICM,0.7,True,0.4791558702879405,0.008496572000694869,1.0,,
1325,1.0,10,ICM,0.75,True,0.4278027144951971,0.008263311000519025,1.0,,
1325,1.0,10,ICM,0.8,True,0.37644956294166665,0.008485307000228204,1.0,,
1325,1.0,10,ICM,0.85,True,0.3250964188257074,0.008595792999585683,1.0,,
1325,1.0,10,ICM,0.9,True,0.27374326399144006,0.00826909599982173,1.0,0.0,-0.3644258153945257
1325,1.0,10,ICM,0.95,True,0.2223901131204795,0.008228532999964955,1.0,,
1325,1.0,10,ICM,1.0,True,0.17117913026280124,0.008421837999776471,1.0,,
1342,1.0,10,DCM,0.7,True,0.4892350513451256,0.00847687199984648,1.0,,
1342,1.0,10,DCM,0.75,True,0.4396337795250552,0.008401354999477917,1.0,,
1342,1.0,10,DCM,0.8,True,0.39003250506092635,0.008758175000366464,1.0,,
1342,1.0,10,DCM,0.85,True,0.34043125106765915,0.008643330999802856,1.0,,
1342,1.0,10,DCM,0.9,True,0.2908299820433741,0.008330968000336725,1.0,0.0,-0.29247941485328366
1342,1.0,10,DCM,0.95,True,0.24133964404452843,0.008667874999446212,1.0,,
1342,1.0,10,DCM,1.0,True,0.1921308188867125,0.008767825000177254,1.0,,
1342,1.0,10,ICM-noSI,0.7,True,0.5235963202449206,0.009876320999865129,1.0,,
1342,1.0,10,ICM-noSI,0.75,True,0.4746915894130653,0.010197319999861065,1.0,,
1342,1.0,10,ICM-noSI,0.8,True,0.4257868582058567,0.009934055000485387,1.0,,
1342,1.0,10,ICM-noSI,0.85,True,0.37688212701891066,0.009554096000101708,1.0,,
1342,1.0,10,ICM-noSI,0.9,True,0.3279773947856343,0.008961270999861881,1.0,0.0,-0.3587756620429894
1342,1.0,10,ICM-noSI,0.95,True,0.27907266986238555,0.008811361999505607,1.0,,
1342,1.0,10,ICM-noSI,1.0,True,0.23016793816806802,0.008522076000190282,1.0,,
1342,1.0,10,ICM,0.7,True,0.49998783015083437,0.008902368000235583,1.0,,
1342,1.0,10,ICM,0.75,True,0.4502776334445685,0.009022939999340451,1.0,,
1342,1.0,10,ICM,0.8,True,0.4005674365477949,0.008481224000206566,1.0,,
1342,1.0,10,ICM,0.85,True,0.35085723942528124,0.008860060999722918,1.0,,
1342,1.0,10,ICM,0.9,True,0.3011470451100771,0.008506056999976863,1.0,0.0,-0.3422194869035141
1342,1.0,10,ICM,0.95,True,0.2514368484453233,0.008618654000201786,1.0,,
1342,1.0,10,ICM,1.0,True,0.20172665192693656,0.00873078600034205,1.0,,
1359,1.0,10,DCM,0.7,True,0.48970318840620447,0.008062253999923996,1.0,,
1359,1.0,10,DCM,0.75,True,0.4418300659455889,0.008302076000290981,1.0,,
1359,1.0,10,DCM,0.8,True,0.39395694362933736,0.009087350999834598,1.0,,
1359,1.0,10,DCM,0.85,True,0.34608382102644025,0.008659890000672021,1.0,,
1359,1.0,10,DCM,0.9,True,0.2982106977639913,0.008468771000480046,1.0,0.0,-0.3264152828992418
1359,1.0,10,DCM,0.95,True,0.25033757732380896,0.008735456000067643,1.0,,
1359,1.0,10,DCM,1.0,True,0.20246445420813003,0.008693834000041534,1.0,,
1359,1.0,10,ICM-noSI,0.7,True,0.49023730434969187,0.008620799000709667,1.0,,
1359,1.0,10,ICM-noSI,0.75,True,0.4411487584610611,0.009017020000101184,1.0,,
1359,1.0,10,ICM-noSI,0.8,True,0.39206020758380766,0.009237186999598634,1.0,,
1359,1.0,10,ICM-noSI,0.85,True,0.34297165586561046,0.009068959999240178,1.0,,
1359,1.0,10,ICM-noSI,0.9,True,0.2938831067166705,0.009253915999579476,1.0,0.0,-0.3216650185747426
1359,1.0,10,ICM-noSI,0.95,True,0.24486658791715687,0.009090620999813837,1.0,,
1359,1.0,10,ICM-noSI,1.0,True,0.19587223906886547,0.008633803000520857,1.0,,
1359,1.0,10,ICM,0.7,True,0.5284960129098611,0.008648426000036125,1.0,,
1359,1.0,10,ICM,0.75,True,0.4781195658583841,0.008840692000376293,1.0,,
1359,1.0,10,ICM,0.8,True,0.42774312108965284,0.008387343999856967,1.0,,
1359,1.0,10,ICM,0.85,True,0.37736667383999195,0.008099530000436062,1.0,,
1359,1.0,10,ICM,0.9,True,0.326990244126396,0.00836262800021359,1.0,0.0,-0.3480915758650527
1359,1.0,10,ICM,0.95,True,0.2767133289392646,0.00864034799997171,1.0,,
1359,1.0,10,ICM,1.0,True,0.2264889634588563,0.008732657999644289,1.0,,
1376,1.0,10,DCM,0.7,True,0.48855662501792657,0.008512735999829601,1.0,,
1376,1.0,10,DCM,0.75,True,0.44211543801030234,0.008592012000008253,1.0,,
1376,1.0,10,DCM,0.8,True,0.39567425100422177,0.00834886299981008,1.0,,
1376,1.0,10,DCM,0.85,True,0.3492330638862667,0.0080933979998008,1.0,,
1376,1.0,10,DCM,0.9,True,0.30279187667809465,0.008572130000175093,1.0,0.0,-0.3216537899761789
1376,1.0,10,DCM,0.95,True,0.25635068754003726,0.00817524499962019,1.0,,
1376,1.0,10,DCM,1.0,True,0.20990949675443027,0.008099257999674592,1.0,,
1376,1.0,10,ICM-noSI,0.7,True,0.4850101737297739,0.016462589999719057,1.0,,
1376,1.0,10,ICM-noSI,0.75,True,0.4379106533811521,0.015584443000079773,1.0,,
1376,1.0,10,ICM-noSI,0.8,True,0.39081113309978477,0.017424386000129743,1.0,,
1376,1.0,10,ICM-noSI,0.85,True,0.3437116124027677,0.021705771999222634,1.0,,
1376,1.0,10,ICM-noSI,0.9,True,0.29661208722942617,0.021203884999522415,1.0,0.0,-0.31663539988521616
1376,1.0,10,ICM-noSI,0.95,True,0.24951257440880215,0.018685732000449207,1.0,,
1376,1.0,10,ICM-noSI,1.0,True,0.2024130542163172,0.02186063000044669,1.0,,
1376,1.0,10,ICM,0.7,True,0.5020355617894483,0.014901038000061817,1.0,,
1376,1.0,10,ICM,0.75,True,0.45281094442694575,0.014222430999325297,1.0,,
1376,1.0,10,ICM,0.8,True,0.4035863269889807,0.013423303000308806,1.0,,
1376,1.0,10,ICM,0.85,True,0.35436170925462435,0.009832208000261744,1.0,,
1376,1.0,10,ICM,0.9,True,0.30513709286095614,0.00961644799917849,1.0,0.0,-0.32609757304258447
1376,1.0,10,ICM,0.95,True,0.2559124754607346,0.008830243000375049,1.0,,
1376,1.0,10,ICM,1.0,True,0.2066878579832449,0.0087475619993711,1.0,,
1393,1.0,10,DCM,0.7,True,0.48120354351901506,0.009954596999705245,1.0,,
1393,1.0,10,DCM,0.75,True,0.43120519401526447,0.009968988000764512,1.0,,
1393,1.0,10,DCM,0.8,True,0.38120684749642575,0.009829837999859592,1.0,,
1393,1.0,10,DCM,0.85,True,0.33120849867179575,0.010118668999893998,1.0,,
1393,1.0,10,DCM,0.9,True,0.28138458694398033,0.009768449000148394,1.0,0.0,-0.26493771318080783
1393,1.0,10,DCM,0.95,True,0.23188714111944378,0.011060001000259945,1.0,,
1393,1.0,10,DCM,1.0,True,0.1824608888939249,0.015617293000104837,1.0,,
1393,1.0,10,ICM-noSI,0.7,True,0.5224903592631763,0.016057922000072722,1.0,,
1393,1.0,10,ICM-noSI,0.75,True,0.4720060212340441,0.015844851000110793,1.0,,
1393,1.0,10,ICM-noSI,0.8,True,0.421521683175481,0.016008147999855282,1.0,,
1393,1.0,10,ICM-noSI,0.85,True,0.3710373456404218,0.015818647999367386,1.0,,
1393,1.0,10,ICM-noSI,0.9,True,0.320552994515482,0.01729377699939505,1.0,0.0,-0.2839043626026796
1393,1.0,10,ICM-noSI,0.95,True,0.27080689802704466,0.016698904999429942,1.0,,
1393,1.0,10,ICM-noSI,1.0,True,0.22112835688240506,0.016533311999410216,1.0,,
1393,1.0,10,ICM,0.7,True,0.5284053521970903,0.020796821000658383,1.0,,
1393,1.0,10,ICM,0.75,True,0.4783173202817814,0.022209279999515275,1.0,,
1393,1.0,10,ICM,0.8,True,0.42822930517085744,0.022607828000218433,1.0,,
1393,1.0,10,ICM,0.85,True,0.37814127799536706,0.023878756999692996,1.0,,
1393,1.0,10,ICM,0.9,True,0.3280532507353972,0.020781672000339313,1.0,0.0,-0.30282099884468083
1393,1.0,10,ICM,0.95,True,0.278083773591833,0.015533824000158347,1.0,,
1393,1.0,10,ICM,1.0,True,0.22814815508223232,0.014695113000016136,1.0,,
2070,2.0,10,DCM,0.7,False,,,1.0,,
2070,2.0,10,DCM,0.75,False,,,1.0,,
2070,2.0,10,DCM,0.8,False,,,1.0,,
2070,2.0,10,DCM,0.85,False,,,1.0,,
2070,2.0,10,DCM,0.9,False,,,1.0,,
2070,2.0,10,DCM,0.95,False,,,1.0,,
2070,2.0,10,DCM,1.0,False,,,1.0,,
2070,2.0,10,ICM-noSI,0.7,True,0.43641267622409735,0.009330631000011635,1.0,,
2070,2.0,10,ICM-noSI,0.75,True,0.3920366901630248,0.009554780000144092,1.0,,
2070,2.0,10,ICM-noSI,0.8,True,0.3476607043364723,0.009560553000483196,1.0,,
2070,2.0,10,ICM-noSI,0.85,True,0.30328471957225783,0.010092535000694625,1.0,,
2070,2.0,10,ICM-noSI,0.9,True,0.2589087302262239,0.009074877999410091,1.0,0.0,-0.35041642243843074
2070,2.0,10,ICM-noSI,0.95,True,0.21453275298726346,0.009982608000427717,1.0,,
2070,2.0,10,ICM-noSI,1.0,True,0.17015676770381302,0.009755361000316043,1.0,,
2070,2.0,10,ICM,0.7,True,0.5191587918723273,0.019234305000281893,1.0,,
2070,2.0,10,ICM,0.75,True,0.4709182669803959,0.02092964099938399,1.0,,
2070,2.0,10,ICM,0.8,True,0.4226777418700969,0.020426504000170098,1.0,,
2070,2.0,10,ICM,0.85,True,0.3744372160255276,0.019434011999692302,1.0,,
2070,2.0,10,ICM,0.9,True,0.3261966886527077,0.020014712000374857,1.0,0.0,-0.39518016896080443
2070,2.0,10,ICM,0.95,True,0.277956166342427,0.020826070999646618,1.0,,
2070,2.0,10,ICM,1.0,True,0.2297156405352332,0.02070118800020282,1.0,,
2087,2.0,10,DCM,0.7,True,0.5310707757023336,0.009242830999937723,1.0,,
2087,2.0,10,DCM,0.75,True,0.48091209388172457,0.009898586999952386,1.0,,
2087,2.0,10,DCM,0.8,True,0.43075341202285305,0.00956311700065271,1.0,,
2087,2.0,10,DCM,0.85,True,0.38059472991331794,0.00942217299962067,1.0,,
2087,2.0,10,DCM,0.9,True,0.33043604785726755,0.010667096999895875,1.0,0.0,-0.2857259764878848
2087,2.0,10,DCM,0.95,True,0.2802773714860293,0.009474036000028718,1.0,,
2087,2.0,10,DCM,1.0,True,0.23011868871358568,0.00965856899983919,1.0,,
2087,2.0,10,ICM-noSI,0.7,True,0.5517474658989437,0.01505274500050291,1.0,,
2087,2.0,10,ICM-noSI,0.75,True,0.5024245008904491,0.014371324999956414,1.0,,
2087,2.0,10,ICM-noSI,0.8,True,0.4531015353823553,0.016947403999438393,1.0,,
2087,2.0,10,ICM-noSI,0.85,True,0.40377858430475466,0.016870729999936884,1.0,,
2087,2.0,10,ICM-noSI,0.9,True,0.35445561876808174,0.015989696999895386,1.0,0.0,-0.30456695800950906
2087,2.0,10,ICM-noSI,0.95,True,0.3051889708001287,0.018092292000801535,1.0,,
2087,2.0,10,ICM-noSI,1.0,True,0.2560660804596482,0.01900322999972559,1.0,,
2087,2.0,10,ICM,0.7,True,0.5349207074809174,0.014120087000264903,1.0,,
2087,2.0,10,ICM,0.75,True,0.48468762377201224,0.014559665999513527,1.0,,
2087,2.0,10,ICM,0.8,True,0.4344545398507008,0.014398799999980838,1.0,,
2087,2.0,10,ICM,0.85,True,0.38422145534888935,0.01653206299943122,1.0,,
2087,2.0,10,ICM,0.9,True,0.3339883692390902,0.014980326000113564,1.0,0.0,-0.29271675533376473
2087,2.0,10,ICM,0.95,True,0.28375528800331823,0.01575108100041689,1.0,,
2087,2.0,10,ICM,1.0,True,0.2335222032620916,0.015202151999801572,1.0,,
2104,2.0,10,DCM,0.7,True,0.5256642185538328,0.01087842200013256,1.0,,
2104,2.0,10,DCM,0.75,True,0.4766709146209747,0.010771682000267901,1.0,,
2104,2.0,10,DCM,0.8,True,0.42767761038368596,0.010022581999692193,1.0,,
2104,2.0,10,DCM,0.85,True,0.378684305891034,0.009572764999575156,1.0,,
2104,2.0,10,DCM,0.9,True,0.32969100148377734,0.009723987000143097,1.0,0.0,-0.38603004103866523
2104,2.0,10,DCM,0.95,True,0.28069769501980235,0.009093489999941085,1.0,,
2104,2.0,10,DCM,1.0,True,0.2317043974437588,0.010262761999911163,1.0,,
2104,2.0,10,ICM-noSI,0.7,True,0.5830366771668718,0.016229743999247148,1.0,,
2104,2.0,10,ICM-noSI,0.75,True,0.5326561410107797,0.015527971000665275,1.0,,
2104,2.0,10,ICM-noSI,0.8,True,0.4822756047024417,0.014752105999832565,1.0,,
2104,2.0,10,ICM-noSI,0.85,True,0.4318950684268182,0.014360185999976238,1.0,,
2104,2.0,10,ICM-noSI,0.9,True,0.3815145320687284,0.014888901999256632,1.0,0.0,-0.4246502432796757
2104,2.0,10,ICM-noSI,0.95,True,0.33113399461991394,0.013715244000195526,1.0,,
2104,2.0,10,ICM-noSI,1.0,True,0.28075346003452345,0.01332619199911278,1.0,,
2104,2.0,10,ICM,0.7,True,0.5823557624389132,0.014586047000193503,1.0,,
2104,2.0,10,ICM,0.75,True,0.5321350303595993,0.014974368000366667,1.0,,
2104,2.0,10,ICM,0.8,True,0.4819142981577532,0.014050859000235505,1.0,,
2104,2.0,10,ICM,0.85,True,0.4316935658493823,0.013977927999803796,1.0,,
2104,2.0,10,ICM,0.9,True,0.38147283346634037,0.013975006000691792,1.0,0.0,-0.4236664057514884
2104,2.0,10,ICM,0.95,True,0.3312521003881674,0.014151479000247491,1.0,,
2104,2.0,10,ICM,1.0,True,0.2810313661505572,0.015045038000607747,1.0,,
2121,2.0,10,DCM,0.7,False,,,1.0,,
2121,2.0,10,DCM,0.75,False,,,1.0,,
2121,2.0,10,DCM,0.8,False,,,1.0,,
2121,2.0,10,DCM,0.85,False,,,1.0,,
2121,2.0,10,DCM,0.9,False,,,1.0,,
2121,2.0,10,DCM,0.95,False,,,1.0,,
2121,2.0,10,DCM,1.0,False,,,1.0,,
2121,2.0,10,ICM-noSI,0.7,True,0.5687947681487271,0.009857660999841755,1.0,,
2121,2.0,10,ICM-noSI,0.75,True,0.5171409399971839,0.01013673200031917,1.0,,
2121,2.0,10,ICM-noSI,0.8,True,0.4654871120812698,0.011766276999878755,1.0,,
2121,2.0,10,ICM-noSI,0.85,True,0.413833284423738,0.009828137999647879,1.0,,
2121,2.0,10,ICM-noSI,0.9,True,0.3621794558412356,0.009925430000294,1.0,0.0,-0.23719950703410841
2121,2.0,10,ICM-noSI,0.95,True,0.3105256239005226,0.009532131999549165,1.0,,
2121,2.0,10,ICM-noSI,1.0,True,0.26039606090803724,0.009487424000326428,1.0,,
2121,2.0,10,ICM,0.7,True,0.5885774075003617,0.013667580000401358,1.0,,
2121,2.0,10,ICM,0.75,True,0.5382090425307838,0.01392419100011466,1.0,,
2121,2.0,10,ICM,0.8,True,0.48784069356866044,0.01353865799956111,1.0,,
2121,2.0,10,ICM,0.85,True,0.4374723339857522,0.01353933300015342,1.0,,
2121,2.0,10,ICM,0.9,True,0.3871039743328605,0.01592671500020515,1.0,0.0,-0.23758351521177812
2121,2.0,10,ICM,0.95,True,0.3367356141336125,0.013609555000584805,1.0,,
2121,2.0,10,ICM,1.0,True,0.28639964490033987,0.012825559000702924,1.0,,
2138,2.0,10,DCM,0.7,True,0.5184852263107231,0.010401989000456524,1.0,,
2138,2.0,10,DCM,0.75,True,0.46722152563918384,0.010418085999845061,1.0,,
2138,2.0,10,DCM,0.8,True,0.4159578208114325,0.009751264999977138,1.0,,
2138,2.0,10,DCM,0.85,True,0.3646941160151978,0.009678074000476045,1.0,,
2138,2.0,10,DCM,0.9,True,0.3134304107992412,0.00959192400023312,1.0,0.0,-0.3501862860846665
2138,2.0,10,DCM,0.95,True,0.26216669842681284,0.010301970999535115,1.0,,
2138,2.0,10,DCM,1.0,True,0.2113384124689216,0.010234644999400189,1.0,,
2138,2.0,10,ICM-noSI,0.7,True,0.5097506110030787,0.010709189000408514,1.0,,
2138,2.0,10,ICM-noSI,0.75,True,0.45995653768408,0.010922209999989718,1.0,,
2138,2.0,10,ICM-noSI,0.8,True,0.4101624641488779,0.012469174999750976,1.0,,
2138,2.0,10,ICM-noSI,0.85,True,0.3603683905367513,0.010251726000205963,1.0,,
2138,2.0,10,ICM-noSI,0.9,True,0.3105743174729384,0.01255959299942333,1.0,0.0,-0.3394132138147068
2138,2.0,10,ICM-noSI,0.95,True,0.2607802444108888,0.014306064000265906,1.0,,
2138,2.0,10,ICM-noSI,1.0,True,0.21114291455975398,0.014537301000018488,1.0,,
2138,2.0,10,ICM,0.7,True,0.5536884210226333,0.021223527000074682,1.0,,
2138,2.0,10,ICM,0.75,True,0.503558098380948,0.02054673600014212,1.0,,
2138,2.0,10,ICM,0.8,True,0.4534277802454893,0.02085876000001008,1.0,,
2138,2.0,10,ICM,0.85,True,0.4032974548290578,0.02026582500002405,1.0,,
2138,2.0,10,ICM,0.9,True,0.35316712922484733,0.02031600800000888,1.0,0.0,-0.33167806893100193
2138,2.0,10,ICM,0.95,True,0.3030368016026452,0.02121336800064455,1.0,,
2138,2.0,10,ICM,1.0,True,0.2529450953871023,0.021079183999972884,1.0,,
2155,2.0,10,DCM,0.7,True,0.523439473613101,0.009578960999533592,1.0,,
2155,2.0,10,DCM,0.75,True,0.47113151661693226,0.009387769000568369,1.0,,
2155,2.0,10,DCM,0.8,True,0.41882355909112234,0.00892254700011108,1.0,,
2155,2.0,10,DCM,0.85,True,0.3665156024729359,0.008722085000044899,1.0,,
2155,2.0,10,DCM,0.9,True,0.3142076370478429,0.009435858999495395,1.0,0.0,-0.3235468643525268
2155,2.0,10,DCM,0.95,True,0.26189969143017294,0.010103054999490269,1.0,,
2155,2.0,10,DCM,1.0,True,0.2101323918128955,0.011717413000042143,1.0,,
2155,2.0,10,ICM-noSI,0.7,True,0.5319583243168864,0.014002001999870117,1.0,,
2155,2.0,10,ICM-noSI,0.75,True,0.47916468093457537,0.013025040999309567,1.0,,
2155,2.0,10,ICM-noSI,0.8,True,0.4263710414155962,0.013371689999985392,1.0,,
2155,2.0,10,ICM-noSI,0.85,True,0.3735774023562191,0.01283082900044974,1.0,,
2155,2.0,10,ICM-noSI,0.9,True,0.32078375927002506,0.012575335000292398,1.0,0.0,-0.324016523033817
2155,2.0,10,ICM-noSI,0.95,True,0.26799011677127826,0.01310770500003855,1.0,,
2155,2.0,10,ICM-noSI,1.0,True,0.2155814986894738,0.013043322999692464,1.0,,
2155,2.0,10,ICM,0.7,True,0.5255390612768598,0.016835804999573156,1.0,,
2155,2.0,10,ICM,0.75,True,0.4733621032973385,0.01664617700043891,1.0,,
2155,2.0,10,ICM,0.8,True,0.42118514492743675,0.017049279999810096,1.0,,
2155,2.0,10,ICM,0.85,True,0.3690081850506178,0.01676618400051666,1.0,,
2155,2.0,10,ICM,0.9,True,0.316831229021331,0.01605560699954367,1.0,0.0,-0.3028710906892099
2155,2.0,10,ICM,0.95,True,0.26479001212008557,0.015871471000536985,1.0,,
2155,2.0,10,ICM,1.0,True,0.21287226234475765,0.01722641299966199,1.0,,
2172,2.0,10,DCM,0.7,False,,,1.0,,
2172,2.0,10,DCM,0.75,False,,,1.0,,
2172,2.0,10,DCM,0.8,False,,,1.0,,
2172,2.0,10,DCM,0.85,False,,,1.0,,
2172,2.0,10,DCM,0.9,False,,,1.0,,
2172,2.0,10,DCM,0.95,False,,,1.0,,
2172,2.0,10,DCM,1.0,False,,,1.0,,
2172,2.0,10,ICM-noSI,0.7,True,0.522019205574801,0.015180870999756735,1.0,,
2172,2.0,10,ICM-noSI,0.75,True,0.47230078050127344,0.014565168999979505,1.0,,
2172,2.0,10,ICM-noSI,0.8,True,0.42258235845018455,0.014697057000375935,1.0,,
2172,2.0,10,ICM-noSI,0.85,True,0.3728639336221925,0.014255935000619502,1.0,,
2172,2.0,10,ICM-noSI,0.9,True,0.32314552476519987,0.015750970000226516,1.0,0.0,-0.28245839415606144
2172,2.0,10,ICM-noSI,0.95,True,0.27342710320437513,0.017134231000454747,1.0,,
2172,2.0,10,ICM-noSI,1.0,True,0.2237086800741341,0.016688562000126694,1.0,,
2172,2.0,10,ICM,0.7,True,0.5164898476641014,0.014507607000268763,1.0,,
2172,2.0,10,ICM,0.75,True,0.4674644117417382,0.013780087999293755,1.0,,
2172,2.0,10,ICM,0.8,True,0.4184389753867607,0.013084642000649183,1.0,,
2172,2.0,10,ICM,0.85,True,0.3694135383026837,0.012691934000031324,1.0,,
2172,2.0,10,ICM,0.9,True,0.32038810011394914,0.01381109199974162,1.0,0.0,-0.28103412632059466
2172,2.0,10,ICM,0.95,True,0.2713626675605824,0.01379997000003641,1.0,,
2172,2.0,10,ICM,1.0,True,0.22233723079259432,0.012618304999705288,1.0,,
2189,2.0,10,DCM,0.7,False,,,1.0,,
2189,2.0,10,DCM,0.75,False,,,1.0,,
2189,2.0,10,DCM,0.8,False,,,1.0,,
2189,2.0,10,DCM,0.85,False,,,1.0,,
2189,2.0,10,DCM,0.9,False,,,1.0,,
2189,2.0,10,DCM,0.95,False,,,1.0,,
2189,2.0,10,DCM,1.0,False,,,1.0,,
2189,2.0,10,ICM-noSI,0.7,True,0.47256945339265555,0.009509953999440768,1.0,,
2189,2.0,10,ICM-noSI,0.75,True,0.425811789141014,0.009274635999645398,1.0,,
2189,2.0,10,ICM-noSI,0.8,True,0.37905412483132755,0.009193938999487727,1.0,,
2189,2.0,10,ICM-noSI,0.85,True,0.33229646045870864,0.00876777299981768,1.0,,
2189,2.0,10,ICM-noSI,0.9,True,0.28553879337776206,0.009177274999274232,1.0,0.0,-0.3453291347053813
2189,2.0,10,ICM-noSI,0.95,True,0.23878112195619242,0.011070581000240054,1.0,,
2189,2.0,10,ICM-noSI,1.0,True,0.19202346793783726,0.011701191000611288,1.0,,
2189,2.0,10,ICM,0.7,True,0.5114928494470962,0.01436104299955332,1.0,,
2189,2.0,10,ICM,0.75,True,0.4612826334190714,0.013994184000694077,1.0,,
2189,2.0,10,ICM,0.8,True,0.41107242649700515,0.013571696000326483,1.0,,
2189,2.0,10,ICM,0.85,True,0.36086220922066514,0.013627840000481228,1.0,,
2189,2.0,10,ICM,0.9,True,0.3106519905439814,0.01449102500009758,1.0,0.0,-0.3394039164853584
2189,2.0,10,ICM,0.95,True,0.2604865506483725,0.01345161800054484,1.0,,
2189,2.0,10,ICM,1.0,True,0.2104305248912538,0.014087829999880341,1.0,,
2206,2.0,10,DCM,0.7,False,,,1.0,,
2206,2.0,10,DCM,0.75,False,,,1.0,,
2206,2.0,10,DCM,0.8,False,,,1.0,,
2206,2.0,10,DCM,0.85,False,,,1.0,,
2206,2.0,10,DCM,0.9,False,,,1.0,,
2206,2.0,10,DCM,0.95,False,,,1.0,,
2206,2.0,10,DCM,1.0,False,,,1.0,,
2206,2.0,10,ICM-noSI,0.7,True,0.5608218971199292,0.017218109000168624,1.0,,
2206,2.0,10,ICM-noSI,0.75,True,0.5096637630626922,0.015891992000433675,1.0,,
2206,2.0,10,ICM-noSI,0.8,True,0.45850565001186483,0.01682559399978345,1.0,,
2206,2.0,10,ICM-noSI,0.85,True,0.40734752266002083,0.017493680999905337,1.0,,
2206,2.0,10,ICM-noSI,0.9,True,0.3561893947241963,0.01690322600006766,1.0,0.0,-0.36752002051414334
2206,2.0,10,ICM-noSI,0.95,True,0.30503126992117696,0.01342291400032991,1.0,,
2206,2.0,10,ICM-noSI,1.0,True,0.25473771371952864,0.013658656999723462,1.0,,
2206,2.0,10,ICM,0.7,True,0.5405301881454158,0.010297669000465248,1.0,,
2206,2.0,10,ICM,0.75,True,0.48882586715574167,0.009772725000402716,1.0,,
2206,2.0,10,ICM,0.8,True,0.4371215461121377,0.009166637999442173,1.0,,
2206,2.0,10,ICM,0.85,True,0.3854172244239621,0.009707447999971919,1.0,,
2206,2.0,10,ICM,0.9,True,0.3337129047295245,0.009380550000059884,1.0,0.0,-0.43814840019683
2206,2.0,10,ICM,0.95,True,0.2820085836826431,0.0099177599995528,1.0,,
2206,2.0,10,ICM,1.0,True,0.23030426255159037,0.009986595999180281,1.0,,
2223,2.0,10,DCM,0.7,False,,,1.0,,
2223,2.0,10,DCM,0.75,False,,,1.0,,
2223,2.0,10,DCM,0.8,False,,,1.0,,
2223,2.0,10,DCM,0.85,False,,,1.0,,
2223,2.0,10,DCM,0.9,False,,,1.0,,
2223,2.0,10,DCM,0.95,False,,,1.0,,
2223,2.0,10,DCM,1.0,False,,,1.0,,
2223,2.0,10,ICM-noSI,0.7,True,0.5181936403197362,0.008588159000282758,1.0,,
2223,2.0,10,ICM-noSI,0.75,True,0.4689536563511505,0.009059701999831304,1.0,,
2223,2.0,10,ICM-noSI,0.8,True,0.41971366561488693,0.00969426299980114,1.0,,
2223,2.0,10,ICM-noSI,0.85,True,0.3704736751068468,0.00926995900044858,1.0,,
2223,2.0,10,ICM-noSI,0.9,True,0.3212336813691544,0.009903211000164447,1.0,0.0,-0.37110904145438284
2223,2.0,10,ICM-noSI,0.95,True,0.2729332682946428,0.010520378000364872,1.0,,
2223,2.0,10,ICM-noSI,1.0,True,0.2255240368763104,0.010277084999870567,1.0,,
2223,2.0,10,ICM,0.7,True,0.5696133441656756,0.015519709999352926,1.0,,
2223,2.0,10,ICM,0.75,True,0.5202835332331176,0.01427527000032569,1.0,,
2223,2.0,10,ICM,0.8,True,0.4709537221005014,0.014793835000091349,1.0,,
2223,2.0,10,ICM,0.85,True,0.42162391117011,0.013141767999513831,1.0,,
2223,2.0,10,ICM,0.9,True,0.37229409894824383,0.013728187999731745,1.0,0.0,-0.40952620541884976
2223,2.0,10,ICM,0.95,True,0.3229642865876221,0.013878007999664987,1.0,,
2223,2.0,10,ICM,1.0,True,0.2736344787117454,0.013770235999800207,1.0,,
2240,2.0,10,DCM,0.7,True,0.5313716681082644,0.013784384000246064,1.0,,
2240,2.0,10,DCM,0.75,True,0.48127871597835664,0.013146770999810542,1.0,,
2240,2.0,10,DCM,0.8,True,0.4311857638632554,0.013202141999499872,1.0,,
2240,2.0,10,DCM,0.85,True,0.3810928116692784,0.013448651000544487,1.0,,
2240,2.0,10,DCM,0.9,True,0.3309998597271101,0.016164245000254596,1.0,0.0,-0.36708735019396344
2240,2.0,10,DCM,0.95,True,0.2812225488678073,0.017062662000171258,1.0,,
2240,2.0,10,DCM,1.0,True,0.23280564228999895,0.018781687999762653,1.0,,
2240,2.0,10,ICM-noSI,0.7,True,0.5224725980823705,0.009179005000078178,1.0,,
2240,2.0,10,ICM-noSI,0.75,True,0.47131141424754075,0.00962687100036419,1.0,,
2240,2.0,10,ICM-noSI,0.8,True,0.4201502304495419,0.009278845999688201,1.0,,
2240,2.0,10,ICM-noSI,0.85,True,0.3689890461750031,0.00959938100004365,1.0,,
2240,2.0,10,ICM-noSI,0.9,True,0.3178278612853013,0.009853135999946971,1.0,0.0,-0.3709123721201091
2240,2.0,10,ICM-noSI,0.95,True,0.2667717769500055,0.011339628000314406,1.0,,
2240,2.0,10,ICM-noSI,1.0,True,0.21768497868252284,0.012131203999160789,1.0,,
2240,2.0,10,ICM,0.7,True,0.5209767239389823,0.009108880999519897,1.0,,
2240,2.0,10,ICM,0.75,True,0.4702604847552426,0.008851102999869909,1.0,,
2240,2.0,10,ICM,0.8,True,0.41954424294265136,0.008910481000384607,1.0,,
2240,2.0,10,ICM,0.85,True,0.3688280025925223,0.008661977999508963,1.0,,
2240,2.0,10,ICM,0.9,True,0.3181117759174947,0.00859350400060066,1.0,0.0,-0.376208012783143
2240,2.0,10,ICM,0.95,True,0.267492280804992,0.0096536829996694,1.0,,
2240,2.0,10,ICM,1.0,True,0.2169349741485769,0.010896910000155913,1.0,,
2257,2.0,10,DCM,0.7,True,0.4311355029632081,0.013445487999888428,1.0,,
2257,2.0,10,DCM,0.75,True,0.37694398882549446,0.013644489000398607,1.0,,
2257,2.0,10,DCM,0.8,True,0.3227524886258446,0.014277649000177917,1.0,,
2257,2.0,10,DCM,0.85,True,0.26856097351467034,0.015429860000040208,1.0,,
2257,2.0,10,DCM,0.9,True,0.21964243456453228,0.014378928000041924,1.0,0.0,-0.2808920589165159
2257,2.0,10,DCM,0.95,True,0.1709515510936619,0.014391829000487633,1.0,,
2257,2.0,10,DCM,1.0,True,0.12226066523166944,0.014944868000384304,1.0,,
2257,2.0,10,ICM-noSI,0.7,True,0.46163305337654287,0.015229240000735444,1.0,,
2257,2.0,10,ICM-noSI,0.75,True,0.4126753896333723,0.013996734999636828,1.0,,
2257,2.0,10,ICM-noSI,0.8,True,0.36371773595176854,0.01585495300059847,1.0,,
2257,2.0,10,ICM-noSI,0.85,True,0.31476007226007796,0.015080687000590842,1.0,,
2257,2.0,10,ICM-noSI,0.9,True,0.2658024041605089,0.014273508999394835,1.0,0.0,-0.2901045426835791
2257,2.0,10,ICM-noSI,0.95,True,0.2168447463938112,0.014423031000660558,1.0,,
2257,2.0,10,ICM-noSI,1.0,True,0.1680538724080949,0.01369084300040413,1.0,,
2257,2.0,10,ICM,0.7,True,0.46901066936901076,0.009244714000487875,1.0,,
2257,2.0,10,ICM,0.75,True,0.4198245198818468,0.00928775600004883,1.0,,
2257,2.0,10,ICM,0.8,True,0.37063837013381423,0.008936726000683848,1.0,,
2257,2.0,10,ICM,0.85,True,0.32145220972934935,0.008972093000011228,1.0,,
2257,2.0,10,ICM,0.9,True,0.272266071884332,0.01014921299974958,1.0,0.0,-0.3183349417101684
2257,2.0,10,ICM,0.95,True,0.22307992240846783,0.013213446000008844,1.0,,
2257,2.0,10,ICM,1.0,True,0.17389377290541627,0.012634325999897555,1.0,,
2274,2.0,10,DCM,0.7,False,,,1.0,,
2274,2.0,10,DCM,0.75,False,,,1.0,,
2274,2.0,10,DCM,0.8,False,,,1.0,,
2274,2.0,10,DCM,0.85,False,,,1.0,,
2274,2.0,10,DCM,0.9,False,,,1.0,,
2274,2.0,10,DCM,0.95,False,,,1.0,,
2274,2.0,10,DCM,1.0,False,,,1.0,,
2274,2.0,10,ICM-noSI,0.7,True,0.5072229291754642,0.017066892000002554,1.0,,
2274,2.0,10,ICM-noSI,0.75,True,0.4625970200298237,0.01674497599924507,1.0,,
2274,2.0,10,ICM-noSI,0.8,True,0.4179711117480135,0.017136892000053194,1.0,,
2274,2.0,10,ICM-noSI,0.85,True,0.37334520282774397,0.018179095999585115,1.0,,
2274,2.0,10,ICM-noSI,0.9,True,0.3287192932487959,0.018867157000386214,1.0,0.0,-0.40031439524720114
2274,2.0,10,ICM-noSI,0.95,True,0.2840933839617589,0.018676325999877008,1.0,,
2274,2.0,10,ICM-noSI,1.0,True,0.2394674799616012,0.018645105000359763,1.0,,
2274,2.0,10,ICM,0.7,True,0.45380504244487024,0.016956511999524082,1.0,,
2274,2.0,10,ICM,0.75,True,0.40407083376874137,0.0191225119997398,1.0,,
2274,2.0,10,ICM,0.8,True,0.3543366164833799,0.019212232999961998,1.0,,
2274,2.0,10,ICM,0.85,True,0.3046023995559319,0.020128266999563493,1.0,,
2274,2.0,10,ICM,0.9,True,0.2548681806580657,0.018967674000123225,1.0,0.0,-0.3462305857804653
2274,2.0,10,ICM,0.95,True,0.2051578732468986,0.01888172700000723,1.0,,
2274,2.0,10,ICM,1.0,True,0.1555746481868359,0.018447776999892085,1.0,,
2291,2.0,10,DCM,0.7,False,,,1.0,,
2291,2.0,10,DCM,0.75,False,,,1.0,,
2291,2.0,10,DCM,0.8,False,,,1.0,,
2291,2.0,10,DCM,0.85,False,,,1.0,,
2291,2.0,10,DCM,0.9,False,,,1.0,,
2291,2.0,10,DCM,0.95,False,,,1.0,,
2291,2.0,10,DCM,1.0,False,,,1.0,,
2291,2.0,10,ICM-noSI,0.7,True,0.4601766529808083,0.017123190000347677,1.0,,
2291,2.0,10,ICM-noSI,0.75,True,0.40844478797162004,0.015054012999826227,1.0,,
2291,2.0,10,ICM-noSI,0.8,True,0.3567129224403752,0.016690692999873136,1.0,,
2291,2.0,10,ICM-noSI,0.85,True,0.30498105276256254,0.01769740800045838,1.0,,
2291,2.0,10,ICM-noSI,0.9,True,0.25324918192446105,0.017297033999966516,1.0,0.0,-0.2708545718410761
2291,2.0,10,ICM-noSI,0.95,True,0.20151731839532344,0.01733063499978016,1.0,,
2291,2.0,10,ICM-noSI,1.0,True,0.1497854632859984,0.01769649300058518,1.0,,
2291,2.0,10,ICM,0.7,True,0.5002975666781143,0.013599253000393219,1.0,,
2291,2.0,10,ICM,0.75,True,0.44966652729085194,0.015631778999704693,1.0,,
2291,2.0,10,ICM,0.8,True,0.39903548736188793,0.0156460349999179,1.0,,
2291,2.0,10,ICM,0.85,True,0.3484044470115129,0.015304464999644551,1.0,,
2291,2.0,10,ICM,0.9,True,0.29777340948126024,0.014643724999586993,1.0,0.0,-0.30771435397558144
2291,2.0,10,ICM,0.95,True,0.24714236973689802,0.014516223000100581,1.0,,
2291,2.0,10,ICM,1.0,True,0.19651133005988736,0.01654602500002511,1.0,,
2308,2.0,10,DCM,0.7,False,,,1.0,,
2308,2.0,10,DCM,0.75,False,,,1.0,,
2308,2.0,10,DCM,0.8,False,,,1.0,,
2308,2.0,10,DCM,0.85,False,,,1.0,,
2308,2.0,10,DCM,0.9,False,,,1.0,,
2308,2.0,10,DCM,0.95,False,,,1.0,,
2308,2.0,10,DCM,1.0,False,,,1.0,,
2308,2.0,10,ICM-noSI,0.7,True,0.4905101799007715,0.014457293000305071,1.0,,
2308,2.0,10,ICM-noSI,0.75,True,0.44132868756738197,0.014643860999967728,1.0,,
2308,2.0,10,ICM-noSI,0.8,True,0.3921471946561354,0.014482723999208247,1.0,,
2308,2.0,10,ICM-noSI,0.85,True,0.34296570090886425,0.013766203000159294,1.0,,
2308,2.0,10,ICM-noSI,0.9,True,0.29378420078003026,0.015930798999761464,1.0,0.0,-0.36970118458711987
2308,2.0,10,ICM-noSI,0.95,True,0.24609131967343878,0.01942749499994534,1.0,,
2308,2.0,10,ICM-noSI,1.0,True,0.19848578717707996,0.018227859000035096,1.0,,
2308,2.0,10,ICM,0.7,True,0.5314942576874531,0.013522822000595625,1.0,,
2308,2.0,10,ICM,0.75,True,0.47943000667397384,0.012770823999744607,1.0,,
2308,2.0,10,ICM,0.8,True,0.4273657548295287,0.013463168000271253,1.0,,
2308,2.0,10,ICM,0.85,True,0.37530150283924174,0.012969179999345215,1.0,,
2308,2.0,10,ICM,0.9,True,0.3232372455540193,0.012713086000076146,1.0,0.0,-0.4032496081448449
2308,2.0,10,ICM,0.95,True,0.27117300360744834,0.012817934999475256,1.0,,
2308,2.0,10,ICM,1.0,True,0.21910875242474503,0.013494112000444147,1.0,,
2325,2.0,10,DCM,0.7,False,,,1.0,,
2325,2.0,10,DCM,0.75,False,,,1.0,,
2325,2.0,10,DCM,0.8,False,,,1.0,,
2325,2.0,10,DCM,0.85,False,,,1.0,,
2325,2.0,10,DCM,0.9,False,,,1.0,,
2325,2.0,10,DCM,0.95,False,,,1.0,,
2325,2.0,10,DCM,1.0,False,,,1.0,,
2325,2.0,10,ICM-noSI,0.7,True,0.5543086502961566,0.01728997900045215,1.0,,
2325,2.0,10,ICM-noSI,0.75,True,0.505876033489005,0.016550772999835317,1.0,,
2325,2.0,10,ICM-noSI,0.8,True,0.45744341773052777,0.017417074000150023,1.0,,
2325,2.0,10,ICM-noSI,0.85,True,0.4090108004139909,0.016390533999583567,1.0,,
2325,2.0,10,ICM-noSI,0.9,True,0.3605781973091493,0.016374994999750925,1.0,0.0,-0.31389246814371374
2325,2.0,10,ICM-noSI,0.95,True,0.3121455816983155,0.017108748000282503,1.0,,
2325,2.0,10,ICM-noSI,1.0,True,0.26435460617678475,0.017363085999932082,1.0,,
2325,2.0,10,ICM,0.7,True,0.558151526816689,0.010390985999947588,1.0,,
2325,2.0,10,ICM,0.75,True,0.5071697084033102,0.009970990000510938,1.0,,
2325,2.0,10,ICM,0.8,True,0.4561878857290796,0.010182957000324677,1.0,,
2325,2.0,10,ICM,0.85,True,0.4052060848972246,0.010302882000360114,1.0,,
2325,2.0,10,ICM,0.9,True,0.3542242687370737,0.0099685290006164,1.0,0.0,-0.37678820504898547
2325,2.0,10,ICM,0.95,True,0.3032424481201498,0.009257488000002922,1.0,,
2325,2.0,10,ICM,1.0,True,0.25228927022639525,0.008829520000290358,1.0,,
2342,2.0,10,DCM,0.7,True,0.4879245217947341,0.009115706000557111,1.0,,
2342,2.0,10,DCM,0.75,True,0.4323485792157536,0.00909807300013199,1.0,,
2342,2.0,10,DCM,0.8,True,0.37677263535774724,0.00909731699994154,1.0,,
2342,2.0,10,DCM,0.85,True,0.3211966936649383,0.009155943000223488,1.0,,
2342,2.0,10,DCM,0.9,True,0.26773566077625777,0.009533442000247305,1.0,0.0,-0.3324726898179019
2342,2.0,10,DCM,0.95,True,0.2186329665768112,0.009947063000254275,1.0,,
2342,2.0,10,DCM,1.0,True,0.16953026419737363,0.009360394999930577,1.0,,
2342,2.0,10,ICM-noSI,0.7,True,0.45511175255230785,0.01630889100033528,1.0,,
2342,2.0,10,ICM-noSI,0.75,True,0.404386250897097,0.013867972999833,1.0,,
2342,2.0,10,ICM-noSI,0.8,True,0.3536607491074073,0.013476547000209393,1.0,,
2342,2.0,10,ICM-noSI,0.85,True,0.30293524361225127,0.014160421000269707,1.0,,
2342,2.0,10,ICM-noSI,0.9,True,0.25241164160108587,0.013445511000099941,1.0,0.0,-0.3189596037589807
2342,2.0,10,ICM-noSI,0.95,True,0.20301715007348817,0.013464709000800212,1.0,,
2342,2.0,10,ICM-noSI,1.0,True,0.15377892226949547,0.013862699000128487,1.0,,
2342,2.0,10,ICM,0.7,True,0.48783466432150396,0.013152821000403492,1.0,,
2342,2.0,10,ICM,0.75,True,0.43785791832019444,0.012627705000340939,1.0,,
2342,2.0,10,ICM,0.8,True,0.3878811666951878,0.013028528999711853,1.0,,
2342,2.0,10,ICM,0.85,True,0.33790443570494955,0.013044244999946386,1.0,,
2342,2.0,10,ICM,0.9,True,0.2879276903619662,0.013305960000252526,1.0,0.0,-0.32329038220815165
2342,2.0,10,ICM,0.95,True,0.23812178844724965,0.014126241000667505,1.0,,
2342,2.0,10,ICM,1.0,True,0.18844389368545017,0.013833143999363529,1.0,,
2359,2.0,10,DCM,0.7,False,,,1.0,,
2359,2.0,10,DCM,0.75,False,,,1.0,,
2359,2.0,10,DCM,0.8,False,,,1.0,,
2359,2.0,10,DCM,0.85,False,,,1.0,,
2359,2.0,10,DCM,0.9,False,,,1.0,,
2359,2.0,10,DCM,0.95,False,,,1.0,,
2359,2.0,10,DCM,1.0,False,,,1.0,,
2359,2.0,10,ICM-noSI,0.7,True,0.5259729684250296,0.009487690999776532,1.0,,
2359,2.0,10,ICM-noSI,0.75,True,0.47597018607363845,0.009679571000560827,1.0,,
2359,2.0,10,ICM-noSI,0.8,True,0.4259674029701022,0.011324408999826119,1.0,,
2359,2.0,10,ICM-noSI,0.85,True,0.37596461977269025,0.009775673999683931,1.0,,
2359,2.0,10,ICM-noSI,0.9,True,0.3259618362802547,0.00949572699937562,1.0,0.0,-0.41768780605367095
2359,2.0,10,ICM-noSI,0.95,True,0.2759590491016497,0.009285621999879368,1.0,,
2359,2.0,10,ICM-noSI,1.0,True,0.22595627300047974,0.009065768999789725,1.0,,
2359,2.0,10,ICM,0.7,True,0.5175793770567748,0.009907970000313071,1.0,,
2359,2.0,10,ICM,0.75,True,0.46658773682389804,0.010326688000532158,1.0,,
2359,2.0,10,ICM,0.8,True,0.4155960962431233,0.010445914999763772,1.0,,
2359,2.0,10,ICM,0.85,True,0.3646044545573847,0.011640150999483012,1.0,,
2359,2.0,10,ICM,0.9,True,0.3136128132246397,0.013598237999758567,1.0,0.0,-0.32232327497195756
2359,2.0,10,ICM,0.95,True,0.2627456164477514,0.012774832000104652,1.0,,
2359,2.0,10,ICM,1.0,True,0.21191211498432255,0.012914513999930932,1.0,,
2376,2.0,10,DCM,0.7,True,0.5473728232835408,0.012421349000760529,1.0,,
2376,2.0,10,DCM,0.75,True,0.49715029102044295,0.0118954859999576,1.0,,
2376,2.0,10,DCM,0.8,True,0.4469277573358168,0.01285734999964916,1.0,,
2376,2.0,10,DCM,0.85,True,0.39670521914226625,0.012529818999610143,1.0,,
2376,2.0,10,DCM,0.9,True,0.3464826982362888,0.012883824000709865,1.0,0.0,-0.27924223172052365
2376,2.0,10,DCM,0.95,True,0.29626016641555614,0.01330513399989286,1.0,,
2376,2.0,10,DCM,1.0,True,0.24615160862777385,0.014389249000487325,1.0,,
2376,2.0,10,ICM-noSI,0.7,True,0.5491742663528367,0.014020385999174323,1.0,,
2376,2.0,10,ICM-noSI,0.75,True,0.4986889028804437,0.013217178000559215,1.0,,
2376,2.0,10,ICM-noSI,0.8,True,0.44820355396291167,0.013779259999864735,1.0,,
2376,2.0,10,ICM-noSI,0.85,True,0.3977181923510422,0.013637570999890158,1.0,,
2376,2.0,10,ICM-noSI,0.9,True,0.3472328302935079,0.013094428000840708,1.0,0.0,-0.2840091423679584
2376,2.0,10,ICM-noSI,0.95,True,0.2967474672076028,0.011622902999988582,1.0,,
2376,2.0,10,ICM-noSI,1.0,True,0.24650531222443,0.010279337000611122,1.0,,
2376,2.0,10,ICM,0.7,True,0.5422518323228821,0.008825235000585963,1.0,,
2376,2.0,10,ICM,0.75,True,0.49157939410964274,0.009435632999156951,1.0,,
2376,2.0,10,ICM,0.8,True,0.4409069570367368,0.00953082700016239,1.0,,
2376,2.0,10,ICM,0.85,True,0.39023452782697476,0.009776387999409053,1.0,,
2376,2.0,10,ICM,0.9,True,0.3395620907312982,0.010566164000010758,1.0,0.0,-0.29313771607354777
2376,2.0,10,ICM,0.95,True,0.2888896490889852,0.009876762000203598,1.0,,
2376,2.0,10,ICM,1.0,True,0.23825334582308302,0.009563067999806663,1.0,,
2393,2.0,10,DCM,0.7,False,,,1.0,,
2393,2.0,10,DCM,0.75,False,,,1.0,,
2393,2.0,10,DCM,0.8,False,,,1.0,,
2393,2.0,10,DCM,0.85,False,,,1.0,,
2393,2.0,10,DCM,0.9,False,,,1.0,,
2393,2.0,10,DCM,0.95,False,,,1.0,,
2393,2.0,10,DCM,1.0,False,,,1.0,,
2393,2.0,10,ICM-noSI,0.7,True,0.45215413892944467,0.014123817999461608,1.0,,
2393,2.0,10,ICM-noSI,0.75,True,0.40195354106671194,0.014534402999743179,1.0,,
2393,2.0,10,ICM-noSI,0.8,True,0.3517529584415034,0.01440690699928382,1.0,,
2393,2.0,10,ICM-noSI,0.85,True,0.3015523648227419,0.01367932999983168,1.0,,
2393,2.0,10,ICM-noSI,0.9,True,0.2513517675218828,0.015099023000402667,1.0,0.0,-0.26816794375405484
2393,2.0,10,ICM-noSI,0.95,True,0.20117123596791223,0.014769163999517332,1.0,,
2393,2.0,10,ICM-noSI,1.0,True,0.15102402731742928,0.015254429999913555,1.0,,
2393,2.0,10,ICM,0.7,True,0.4527347524690407,0.021794351000608003,1.0,,
2393,2.0,10,ICM,0.75,True,0.4025915817943823,0.02146925899978669,1.0,,
2393,2.0,10,ICM,0.8,True,0.35244841227837176,0.020903192000332638,1.0,,
2393,2.0,10,ICM,0.85,True,0.3023052467089987,0.020800233999580087,1.0,,
2393,2.0,10,ICM,0.9,True,0.2521621879182701,0.021378339999500895,1.0,0.0,-0.2697651823298456
2393,2.0,10,ICM,0.95,True,0.20202111630680525,0.020223146999342134,1.0,,
2393,2.0,10,ICM,1.0,True,0.15188003531184685,0.01759124799991696,1.0,,
3070,3.0,10,DCM,0.7,False,,,1.0,,
3070,3.0,10,DCM,0.75,False,,,1.0,,
3070,3.0,10,DCM,0.8,False,,,1.0,,
3070,3.0,10,DCM,0.85,False,,,1.0,,
3070,3.0,10,DCM,0.9,False,,,1.0,,
3070,3.0,10,DCM,0.95,False,,,1.0,,
3070,3.0,10,DCM,1.0,False,,,1.0,,
3070,3.0,10,ICM-noSI,0.7,True,0.41071482075921917,0.00960669100004452,1.0,,
3070,3.0,10,ICM-noSI,0.75,True,0.3522586138063926,0.009745355999257299,1.0,,
3070,3.0,10,ICM-noSI,0.8,True,0.29380238807707515,0.009948523999810277,1.0,,
3070,3.0,10,ICM-noSI,0.85,True,0.23534616199076056,0.010239670000373735,1.0,,
3070,3.0,10,ICM-noSI,0.9,True,0.1816884416028487,0.01029390300027444,1.0,0.0,-0.24963158393176443
3070,3.0,10,ICM-noSI,0.95,True,0.13742714651109023,0.010186593000071298,1.0,,
3070,3.0,10,ICM-noSI,1.0,True,0.09712530239704105,0.009666820999882475,1.0,,
3070,3.0,10,ICM,0.7,True,0.5181265504347979,0.014748800999768719,1.0,,
3070,3.0,10,ICM,0.75,True,0.46515825591526955,0.014485278999927687,1.0,,
3070,3.0,10,ICM,0.8,True,0.412189964528724,0.015341259999331669,1.0,,
3070,3.0,10,ICM,0.85,True,0.3592216966407821,0.015527137000390212,1.0,,
3070,3.0,10,ICM,0.9,True,0.3062533977222263,0.014444123000430409,1.0,0.0,-0.2830288678355104
3070,3.0,10,ICM,0.95,True,0.25334342524454945,0.019146679999721528,1.0,,
3070,3.0,10,ICM,1.0,True,0.20063110233469467,0.0198029029997997,1.0,,
3087,3.0,10,DCM,0.7,False,,,1.0,,
3087,3.0,10,DCM,0.75,False,,,1.0,,
3087,3.0,10,DCM,0.8,False,,,1.0,,
3087,3.0,10,DCM,0.85,False,,,1.0,,
3087,3.0,10,DCM,0.9,False,,,1.0,,
3087,3.0,10,DCM,0.95,False,,,1.0,,
3087,3.0,10,DCM,1.0,False,,,1.0,,
3087,3.0,10,ICM-noSI,0.7,True,0.37826470779508725,0.017309538000517932,1.0,,
3087,3.0,10,ICM-noSI,0.75,True,0.326167241502117,0.017160468999463774,1.0,,
3087,3.0,10,ICM-noSI,0.8,True,0.2740697752681587,0.016936389999500534,1.0,,
3087,3.0,10,ICM-noSI,0.85,True,0.22197230938851742,0.017815576999964833,1.0,,
3087,3.0,10,ICM-noSI,0.9,True,0.1698748442881947,0.01581127099962032,1.0,0.0,-0.25456787552111126
3087,3.0,10,ICM-noSI,0.95,True,0.11777738577602385,0.015809411999725853,1.0,,
3087,3.0,10,ICM-noSI,1.0,True,0.06567991921832673,0.015530135000517475,1.0,,
3087,3.0,10,ICM,0.7,True,0.5068628829723859,0.009204062000208069,1.0,,
3087,3.0,10,ICM,0.75,True,0.4551744532285871,0.009704750999844691,1.0,,
3087,3.0,10,ICM,0.8,True,0.40348602350695106,0.009394649000569189,1.0,,
3087,3.0,10,ICM,0.85,True,0.35179759143528716,0.009761532999618794,1.0,,
3087,3.0,10,ICM,0.9,True,0.3001091573342886,0.010973962000207393,1.0,0.0,-0.2932897162515401
3087,3.0,10,ICM,0.95,True,0.24848824633636463,0.009652379999351979,1.0,,
3087,3.0,10,ICM,1.0,True,0.19697167227257054,0.009171566000077291,1.0,,
3104,3.0,10,DCM,0.7,True,0.48459466841873106,0.013151900000593741,1.0,,
3104,3.0,10,DCM,0.75,True,0.42770936320042846,0.01339987800020026,1.0,,
3104,3.0,10,DCM,0.8,True,0.3708240540809703,0.013826502000483742,1.0,,
3104,3.0,10,DCM,0.85,True,0.31427550504142865,0.013779462999991665,1.0,,
3104,3.0,10,DCM,0.9,True,0.25882112168459814,0.013598078000541136,1.0,0.0,-0.41004124178826884
3104,3.0,10,DCM,0.95,True,0.2033667489330916,0.013718647000132478,1.0,,
3104,3.0,10,DCM,1.0,True,0.14791238817305144,0.013521782999305287,1.0,,
3104,3.0,10,ICM-noSI,0.7,True,0.3536781887830574,0.018875579999985348,1.0,,
3104,3.0,10,ICM-noSI,0.75,True,0.3034503442186096,0.018202233000010892,1.0,,
3104,3.0,10,ICM-noSI,0.8,True,0.25529582628016056,0.01930761900075595,1.0,,
3104,3.0,10,ICM-noSI,0.85,True,0.21066962188327557,0.018357054999796674,1.0,,
3104,3.0,10,ICM-noSI,0.9,True,0.16604340894956332,0.019138077999741654,1.0,0.0,-0.3959175148098041
3104,3.0,10,ICM-noSI,0.95,True,0.12141719519963197,0.018658187000255566,1.0,,
3104,3.0,10,ICM-noSI,1.0,True,0.07679098053644197,0.019025067000256968,1.0,,
3104,3.0,10,ICM,0.7,True,0.4788484033152616,0.009613213000193355,1.0,,
3104,3.0,10,ICM,0.75,True,0.430204096057129,0.00962686399998347,1.0,,
3104,3.0,10,ICM,0.8,True,0.3815597888179849,0.00963636599954043,1.0,,
3104,3.0,10,ICM,0.85,True,0.33291548084023853,0.00926604899996164,1.0,,
3104,3.0,10,ICM,0.9,True,0.2842711746730771,0.009285054999963904,1.0,0.0,-0.3383802710064726
3104,3.0,10,ICM,0.95,True,0.23576225330283443,0.010040080000180751,1.0,,
3104,3.0,10,ICM,1.0,True,0.1873311369770541,0.010770200000479235,1.0,,
3121,3.0,10,DCM,0.7,False,,,1.0,,
3121,3.0,10,DCM,0.75,False,,,1.0,,
3121,3.0,10,DCM,0.8,False,,,1.0,,
3121,3.0,10,DCM,0.85,False,,,1.0,,
3121,3.0,10,DCM,0.9,False,,,1.0,,
3121,3.0,10,DCM,0.95,False,,,1.0,,
3121,3.0,10,DCM,1.0,False,,,1.0,,
3121,3.0,10,ICM-noSI,0.7,True,0.4296437341931655,0.011498715000016091,1.0,,
3121,3.0,10,ICM-noSI,0.75,True,0.38042979403853155,0.011888997999449202,1.0,,
3121,3.0,10,ICM-noSI,0.8,True,0.33121585685169064,0.012209634999635455,1.0,,
3121,3.0,10,ICM-noSI,0.85,True,0.2823645626396449,0.013316296999619226,1.0,,
3121,3.0,10,ICM-noSI,0.9,True,0.23521819290984788,0.012897231999886571,1.0,0.0,-0.22490099070370462
3121,3.0,10,ICM-noSI,0.95,True,0.18807183010025558,0.0126973469996301,1.0,,
3121,3.0,10,ICM-noSI,1.0,True,0.14092546472928352,0.012939046000610688,1.0,,
3121,3.0,10,ICM,0.7,True,0.49905293890813385,0.01380274199982523,1.0,,
3121,3.0,10,ICM,0.75,True,0.449006891274297,0.014195947999724012,1.0,,
3121,3.0,10,ICM,0.8,True,0.3989608429486364,0.014697130999593355,1.0,,
3121,3.0,10,ICM,0.85,True,0.34891479503384165,0.014175566999256262,1.0,,
3121,3.0,10,ICM,0.9,True,0.2988687473839871,0.013662276000104612,1.0,0.0,-0.275411051906689
3121,3.0,10,ICM,0.95,True,0.24882269783895636,0.013119618000018818,1.0,,
3121,3.0,10,ICM,1.0,True,0.19877664487831334,0.014401028000065708,1.0,,
3138,3.0,10,DCM,0.7,False,,,1.0,,
3138,3.0,10,DCM,0.75,False,,,1.0,,
3138,3.0,10,DCM,0.8,False,,,1.0,,
3138,3.0,10,DCM,0.85,False,,,1.0,,
3138,3.0,10,DCM,0.9,False,,,1.0,,
3138,3.0,10,DCM,0.95,False,,,1.0,,
3138,3.0,10,DCM,1.0,False,,,1.0,,
3138,3.0,10,ICM-noSI,0.7,True,0.5120012134783891,0.012331063000601716,1.0,,
3138,3.0,10,ICM-noSI,0.75,True,0.461218124262918,0.012259627000275941,1.0,,
3138,3.0,10,ICM-noSI,0.8,True,0.4104350221049673,0.012552627999866672,1.0,,
3138,3.0,10,ICM-noSI,0.85,True,0.3596519195902944,0.011353584000062256,1.0,,
3138,3.0,10,ICM-noSI,0.9,True,0.3088688101411143,0.011040743000194198,1.0,0.0,-0.35513437332463327
3138,3.0,10,ICM-noSI,0.95,True,0.2601990962144156,0.010469880000528065,1.0,,
3138,3.0,10,ICM-noSI,1.0,True,0.21206322705156858,0.010858611000003293,1.0,,
3138,3.0,10,ICM,0.7,True,0.5722611599480044,0.0091170890000285,1.0,,
3138,3.0,10,ICM,0.75,True,0.5185152530756493,0.009963387999960105,1.0,,
3138,3.0,10,ICM,0.8,True,0.4647693413141473,0.010330770999644301,1.0,,
3138,3.0,10,ICM,0.85,True,0.41102345120267003,0.010338506000152847,1.0,,
3138,3.0,10,ICM,0.9,True,0.3572775454945385,0.009626991000004637,1.0,0.0,-0.4628643474115156
3138,3.0,10,ICM,0.95,True,0.30353163939694755,0.00963664500068262,1.0,,
3138,3.0,10,ICM,1.0,True,0.2497857335293347,0.009209756000018388,1.0,,
3155,3.0,10,DCM,0.7,False,,,1.0,,
3155,3.0,10,DCM,0.75,False,,,1.0,,
3155,3.0,10,DCM,0.8,False,,,1.0,,
3155,3.0,10,DCM,0.85,False,,,1.0,,
3155,3.0,10,DCM,0.9,False,,,1.0,,
3155,3.0,10,DCM,0.95,False,,,1.0,,
3155,3.0,10,DCM,1.0,False,,,1.0,,
3155,3.0,10,ICM-noSI,0.7,True,0.5617947063015077,0.01596841199989285,1.0,,
3155,3.0,10,ICM-noSI,0.75,True,0.5155808186686532,0.017032127999300428,1.0,,
3155,3.0,10,ICM-noSI,0.8,True,0.46936692650050865,0.014636216000326385,1.0,,
3155,3.0,10,ICM-noSI,0.85,True,0.4231530342522938,0.014980732999902102,1.0,,
3155,3.0,10,ICM-noSI,0.9,True,0.3769391555094478,0.01420351899923844,1.0,0.0,-0.3362953791722919
3155,3.0,10,ICM-noSI,0.95,True,0.33076474571483094,0.01368189899949357,1.0,,
3155,3.0,10,ICM-noSI,1.0,True,0.28588677048531713,0.01445765000062238,1.0,,
3155,3.0,10,ICM,0.7,True,0.502279224585766,0.013350915999581048,1.0,,
3155,3.0,10,ICM,0.75,True,0.4511031120424939,0.013242054000329517,1.0,,
3155,3.0,10,ICM,0.8,True,0.39992701400816794,0.013295730000209005,1.0,,
3155,3.0,10,ICM,0.85,True,0.3487509006369358,0.013745913999628101,1.0,,
3155,3.0,10,ICM,0.9,True,0.2975747744105244,0.01373328399949969,1.0,0.0,-0.28549492354065675
3155,3.0,10,ICM,0.95,True,0.24649143914248536,0.014043586999832769,1.0,,
3155,3.0,10,ICM,1.0,True,0.19547324062774582,0.013347669999348,1.0,,
3172,3.0,10,DCM,0.7,False,,,1.0,,
3172,3.0,10,DCM,0.75,False,,,1.0,,
3172,3.0,10,DCM,0.8,False,,,1.0,,
3172,3.0,10,DCM,0.85,False,,,1.0,,
3172,3.0,10,DCM,0.9,False,,,1.0,,
3172,3.0,10,DCM,0.95,False,,,1.0,,
3172,3.0,10,DCM,1.0,False,,,1.0,,
3172,3.0,10,ICM-noSI,0.7,True,0.5328853135601439,0.010115299000062805,1.0,,
3172,3.0,10,ICM-noSI,0.75,True,0.4814242542071597,0.009409232000507473,1.0,,
3172,3.0,10,ICM-noSI,0.8,True,0.42996319497138613,0.009276505999878282,1.0,,
3172,3.0,10,ICM-noSI,0.85,True,0.37850213372515273,0.009180271999866818,1.0,,
3172,3.0,10,ICM-noSI,0.9,True,0.32704106423686846,0.009777737999684177,1.0,0.0,-0.324354399172072
3172,3.0,10,ICM-noSI,0.95,True,0.2770090422213135,0.011546093000106339,1.0,,
3172,3.0,10,ICM-noSI,1.0,True,0.23042480701397966,0.010457583000061277,1.0,,
3172,3.0,10,ICM,0.7,True,0.583105403902403,0.014358156000525923,1.0,,
3172,3.0,10,ICM,0.75,True,0.5336430448439856,0.013439064999147377,1.0,,
3172,3.0,10,ICM,0.8,True,0.4841806796202445,0.014368754999850353,1.0,,
3172,3.0,10,ICM,0.85,True,0.434718339833377,0.014203015000020969,1.0,,
3172,3.0,10,ICM,0.9,True,0.38525598358123686,0.013833072000124957,1.0,0.0,-0.36434623142488154
3172,3.0,10,ICM,0.95,True,0.33579362319807005,0.014137594000203535,1.0,,
3172,3.0,10,ICM,1.0,True,0.28640980704422125,0.014694378999593027,1.0,,
3189,3.0,10,DCM,0.7,False,,,1.0,,
3189,3.0,10,DCM,0.75,False,,,1.0,,
3189,3.0,10,DCM,0.8,False,,,1.0,,
3189,3.0,10,DCM,0.85,False,,,1.0,,
3189,3.0,10,DCM,0.9,False,,,1.0,,
3189,3.0,10,DCM,0.95,False,,,1.0,,
3189,3.0,10,DCM,1.0,False,,,1.0,,
3189,3.0,10,ICM-noSI,0.7,True,0.5229761537977964,0.009189768000396725,1.0,,
3189,3.0,10,ICM-noSI,0.75,True,0.4729144030160262,0.009239736999916204,1.0,,
3189,3.0,10,ICM-noSI,0.8,True,0.42285265205099065,0.009724649999952817,1.0,,
3189,3.0,10,ICM-noSI,0.85,True,0.3727908991255468,0.00965146199996525,1.0,,
3189,3.0,10,ICM-noSI,0.9,True,0.3227320548323886,0.009488975999374816,1.0,0.0,-0.32697707244683616
3189,3.0,10,ICM-noSI,0.95,True,0.27278727313393314,0.009981938999771955,1.0,,
3189,3.0,10,ICM-noSI,1.0,True,0.22284248883879348,0.009888434000458801,1.0,,
3189,3.0,10,ICM,0.7,True,0.5201358754533562,0.013015287000598619,1.0,,
3189,3.0,10,ICM,0.75,True,0.47168140058984326,0.013189386999329145,1.0,,
3189,3.0,10,ICM,0.8,True,0.423226920650075,0.013937837999947078,1.0,,
3189,3.0,10,ICM,0.85,True,0.37477244987696867,0.014367104000484687,1.0,,
3189,3.0,10,ICM,0.9,True,0.32631798632672965,0.014057043000320846,1.0,0.0,-0.3006595374386254
3189,3.0,10,ICM,0.95,True,0.27789822859579666,0.01306664300045668,1.0,,
3189,3.0,10,ICM,1.0,True,0.22962664021422935,0.013049038000644941,1.0,,
3206,3.0,10,DCM,0.7,False,,,1.0,,
3206,3.0,10,DCM,0.75,False,,,1.0,,
3206,3.0,10,DCM,0.8,False,,,1.0,,
3206,3.0,10,DCM,0.85,False,,,1.0,,
3206,3.0,10,DCM,0.9,False,,,1.0,,
3206,3.0,10,DCM,0.95,False,,,1.0,,
3206,3.0,10,DCM,1.0,False,,,1.0,,
3206,3.0,10,ICM-noSI,0.7,True,0.5237776802960414,0.01333025300027657,1.0,,
3206,3.0,10,ICM-noSI,0.75,True,0.47367093918741127,0.014157495999825187,1.0,,
3206,3.0,10,ICM-noSI,0.8,True,0.42356419801084216,0.013661277000210248,1.0,,
3206,3.0,10,ICM-noSI,0.85,True,0.373457456469459,0.013366046000555798,1.0,,
3206,3.0,10,ICM-noSI,0.9,True,0.3233507146479525,0.014061493000554037,1.0,0.0,-0.40184005578055393
3206,3.0,10,ICM-noSI,0.95,True,0.2732439726751049,0.012476384000365215,1.0,,
3206,3.0,10,ICM-noSI,1.0,True,0.22313723377734782,0.013629518999550783,1.0,,
3206,3.0,10,ICM,0.7,True,0.5852574267597972,0.010034662000180106,1.0,,
3206,3.0,10,ICM,0.75,True,0.5291159560307922,0.009317185999861977,1.0,,
3206,3.0,10,ICM,0.8,True,0.4729744814839902,0.010738180999396718,1.0,,
3206,3.0,10,ICM,0.85,True,0.4168330170803274,0.00972890999946685,1.0,,
3206,3.0,10,ICM,0.9,True,0.360691561394425,0.008919634999983828,1.0,0.0,-0.3287029680796847
3206,3.0,10,ICM,0.95,True,0.30455008608949197,0.009025676999954158,1.0,,
3206,3.0,10,ICM,1.0,True,0.24847384056821475,0.008731396000257519,1.0,,
3223,3.0,10,DCM,0.7,False,,,1.0,,
3223,3.0,10,DCM,0.75,False,,,1.0,,
3223,3.0,10,DCM,0.8,False,,,1.0,,
3223,3.0,10,DCM,0.85,False,,,1.0,,
3223,3.0,10,DCM,0.9,False,,,1.0,,
3223,3.0,10,DCM,0.95,False,,,1.0,,
3223,3.0,10,DCM,1.0,False,,,1.0,,
3223,3.0,10,ICM-noSI,0.7,True,0.6221565165713108,0.013398727999629045,1.0,,
3223,3.0,10,ICM-noSI,0.75,True,0.5696902737994769,0.013151500000276428,1.0,,
3223,3.0,10,ICM-noSI,0.8,True,0.517224030993436,0.014520384999741509,1.0,,
3223,3.0,10,ICM-noSI,0.85,True,0.46475778793888955,0.013581727000200772,1.0,,
3223,3.0,10,ICM-noSI,0.9,True,0.4122915438766001,0.013824171000123897,1.0,0.0,-0.3778074410173974
3223,3.0,10,ICM-noSI,0.95,True,0.36025143971544205,0.014349144999869168,1.0,,
3223,3.0,10,ICM-noSI,1.0,True,0.31178666500510643,0.013580084999375686,1.0,,
3223,3.0,10,ICM,0.7,True,0.4905820047190704,0.02059665100023267,1.0,,
3223,3.0,10,ICM,0.75,True,0.4393026484693571,0.015555082999526348,1.0,,
3223,3.0,10,ICM,0.8,True,0.388023290998271,0.013038826000411063,1.0,,
3223,3.0,10,ICM,0.85,True,0.33674393302315425,0.012686961999861524,1.0,,
3223,3.0,10,ICM,0.9,True,0.28546459320100714,0.013422002999504912,1.0,0.0,-0.389067666925333
3223,3.0,10,ICM,0.95,True,0.23430642379508887,0.01497528600066289,1.0,,
3223,3.0,10,ICM,1.0,True,0.18318513161263877,0.019385302999580745,1.0,,
3240,3.0,10,DCM,0.7,False,,,1.0,,
3240,3.0,10,DCM,0.75,False,,,1.0,,
3240,3.0,10,DCM,0.8,False,,,1.0,,
3240,3.0,10,DCM,0.85,False,,,1.0,,
3240,3.0,10,DCM,0.9,False,,,1.0,,
3240,3.0,10,DCM,0.95,False,,,1.0,,
3240,3.0,10,DCM,1.0,False,,,1.0,,
3240,3.0,10,ICM-noSI,0.7,True,0.5506018845393468,0.00949836600011622,1.0,,
3240,3.0,10,ICM-noSI,0.75,True,0.5023714853427642,0.009125399999902584,1.0,,
3240,3.0,10,ICM-noSI,0.8,True,0.4541410851817584,0.00909275300000445,1.0,,
3240,3.0,10,ICM-noSI,0.85,True,0.40591068540842257,0.008885190999535553,1.0,,
3240,3.0,10,ICM-noSI,0.9,True,0.3576802856542661,0.0101058539994483,1.0,0.0,-0.3365786535002818
3240,3.0,10,ICM-noSI,0.95,True,0.30944988574160626,0.011472230999970634,1.0,,
3240,3.0,10,ICM-noSI,1.0,True,0.26121948813084406,0.010425010999824735,1.0,,
3240,3.0,10,ICM,0.7,True,0.5540701584425515,0.008850623000398627,1.0,,
3240,3.0,10,ICM,0.75,True,0.502780301589488,0.009624440999687067,1.0,,
3240,3.0,10,ICM,0.8,True,0.45149045436839447,0.009711302000141586,1.0,,
3240,3.0,10,ICM,0.85,True,0.4002005939506923,0.0100033570006417,1.0,,
3240,3.0,10,ICM,0.9,True,0.3489107335337372,0.010580356999525975,1.0,0.0,-0.3361897875707347
3240,3.0,10,ICM,0.95,True,0.2976208694899072,0.011344567000378447,1.0,,
3240,3.0,10,ICM,1.0,True,0.24638240827780503,0.010473567999724764,1.0,,
3257,3.0,10,DCM,0.7,False,,,1.0,,
3257,3.0,10,DCM,0.75,False,,,1.0,,
3257,3.0,10,DCM,0.8,False,,,1.0,,
3257,3.0,10,DCM,0.85,False,,,1.0,,
3257,3.0,10,DCM,0.9,False,,,1.0,,
3257,3.0,10,DCM,0.95,False,,,1.0,,
3257,3.0,10,DCM,1.0,False,,,1.0,,
3257,3.0,10,ICM-noSI,0.7,True,0.5496127294516926,0.01389632900009019,1.0,,
3257,3.0,10,ICM-noSI,0.75,True,0.4990475348413785,0.012391923999530263,1.0,,
3257,3.0,10,ICM-noSI,0.8,True,0.44848234322335245,0.012307386999964365,1.0,,
3257,3.0,10,ICM-noSI,0.85,True,0.3979171482544269,0.012106135999601975,1.0,,
3257,3.0,10,ICM-noSI,0.9,True,0.3476277795854666,0.012194757000543177,1.0,0.0,-0.2729314863556349
3257,3.0,10,ICM-noSI,0.95,True,0.29809330005251794,0.013339791999896988,1.0,,
3257,3.0,10,ICM-noSI,1.0,True,0.2485588274522279,0.012724803000310203,1.0,,
3257,3.0,10,ICM,0.7,True,0.5393638598138405,0.014938475000235485,1.0,,
3257,3.0,10,ICM,0.75,True,0.4888584893228101,0.01363094899988937,1.0,,
3257,3.0,10,ICM,0.8,True,0.43835313914920543,0.013930939000601938,1.0,,
3257,3.0,10,ICM,0.85,True,0.38784777620727,0.014365571999405802,1.0,,
3257,3.0,10,ICM,0.9,True,0.33734241293177347,0.01522910400035471,1.0,0.0,-0.2938280923882779
3257,3.0,10,ICM,0.95,True,0.28683705016844707,0.015273475999492803,1.0,,
3257,3.0,10,ICM,1.0,True,0.23646199288533354,0.014123828999800025,1.0,,
3274,3.0,10,DCM,0.7,True,0.43454878715796597,0.009400984000421886,1.0,,
3274,3.0,10,DCM,0.75,True,0.3847701513573178,0.011168267999892123,1.0,,
3274,3.0,10,DCM,0.8,True,0.33499151550849754,0.009493437999481102,1.0,,
3274,3.0,10,DCM,0.85,True,0.28521287927785677,0.009232721999978821,1.0,,
3274,3.0,10,DCM,0.9,True,0.235434243359605,0.009178059000078065,1.0,0.0,-0.4759208679233956
3274,3.0,10,DCM,0.95,True,0.18565560586107457,0.00892251999994187,1.0,,
3274,3.0,10,DCM,1.0,True,0.13587696554018427,0.009613447000447195,1.0,,
3274,3.0,10,ICM-noSI,0.7,True,0.4460151464099645,0.009804718999475881,1.0,,
3274,3.0,10,ICM-noSI,0.75,True,0.3961878200564984,0.010527208999519644,1.0,,
3274,3.0,10,ICM-noSI,0.8,True,0.34636049378696904,0.011081583000304818,1.0,,
3274,3.0,10,ICM-noSI,0.85,True,0.2965331672614287,0.011587106999286334,1.0,,
3274,3.0,10,ICM-noSI,0.9,True,0.24670584055510467,0.011945837999519426,1.0,0.0,-0.4851778577931736
3274,3.0,10,ICM-noSI,0.95,True,0.19687851295234815,0.013592266999694402,1.0,,
3274,3.0,10,ICM-noSI,1.0,True,0.1470511832322499,0.01327697899978375,1.0,,
3274,3.0,10,ICM,0.7,True,0.48396982220878093,0.014801758999965386,1.0,,
3274,3.0,10,ICM,0.75,True,0.4352233317249495,0.013727545999245194,1.0,,
3274,3.0,10,ICM,0.8,True,0.3864768410112735,0.012778935999449459,1.0,,
3274,3.0,10,ICM,0.85,True,0.33773034113420924,0.013258394000331464,1.0,,
3274,3.0,10,ICM,0.9,True,0.28898386116099106,0.013357034000364365,1.0,0.0,-0.5091791200041307
3274,3.0,10,ICM,0.95,True,0.24023737071140097,0.018293586999789113,1.0,,
3274,3.0,10,ICM,1.0,True,0.19149088030521264,0.01886473600006866,1.0,,
3291,3.0,10,DCM,0.7,False,,,1.0,,
3291,3.0,10,DCM,0.75,False,,,1.0,,
3291,3.0,10,DCM,0.8,False,,,1.0,,
3291,3.0,10,DCM,0.85,False,,,1.0,,
3291,3.0,10,DCM,0.9,False,,,1.0,,
3291,3.0,10,DCM,0.95,False,,,1.0,,
3291,3.0,10,DCM,1.0,False,,,1.0,,
3291,3.0,10,ICM-noSI,0.7,True,0.5430928510021434,0.009908476000418887,1.0,,
3291,3.0,10,ICM-noSI,0.75,True,0.4896710466788031,0.00979056699998182,1.0,,
3291,3.0,10,ICM-noSI,0.8,True,0.43624926087251265,0.009444174999771349,1.0,,
3291,3.0,10,ICM-noSI,0.85,True,0.38282745957616476,0.009024382000461628,1.0,,
3291,3.0,10,ICM-noSI,0.9,True,0.3296306930809036,0.009279724999942118,1.0,0.0,-0.34822484031350076
3291,3.0,10,ICM-noSI,0.95,True,0.2766732609397136,0.009679037999376305,1.0,,
3291,3.0,10,ICM-noSI,1.0,True,0.22371582037790066,0.010329255999749876,1.0,,
3291,3.0,10,ICM,0.7,True,0.5451157714084883,0.009579563000443159,1.0,,
3291,3.0,10,ICM,0.75,True,0.49557426251575787,0.009955683999578469,1.0,,
3291,3.0,10,ICM,0.8,True,0.44603275382294844,0.010268685000482947,1.0,,
3291,3.0,10,ICM,0.85,True,0.3964912438112445,0.009831114000007801,1.0,,
3291,3.0,10,ICM,0.9,True,0.3469497315197146,0.0090514860003168,1.0,0.0,-0.3717629420960813
3291,3.0,10,ICM,0.95,True,0.29747889699325886,0.010017965999395528,1.0,,
3291,3.0,10,ICM,1.0,True,0.24809095577257662,0.01104379800017341,1.0,,
3308,3.0,10,DCM,0.7,False,,,1.0,,
3308,3.0,10,DCM,0.75,False,,,1.0,,
3308,3.0,10,DCM,0.8,False,,,1.0,,
3308,3.0,10,DCM,0.85,False,,,1.0,,
3308,3.0,10,DCM,0.9,False,,,1.0,,
3308,3.0,10,DCM,0.95,False,,,1.0,,
3308,3.0,10,DCM,1.0,False,,,1.0,,
3308,3.0,10,ICM-noSI,0.7,True,0.5015684709954912,0.013652337999701558,1.0,,
3308,3.0,10,ICM-noSI,0.75,True,0.449027202279321,0.013782506000097783,1.0,,
3308,3.0,10,ICM-noSI,0.8,True,0.3964859343507037,0.013043947000369371,1.0,,
3308,3.0,10,ICM-noSI,0.85,True,0.34394466402803614,0.013134574000105204,1.0,,
3308,3.0,10,ICM-noSI,0.9,True,0.29140339852764324,0.013703196000278695,1.0,0.0,-0.38043528782781033
3308,3.0,10,ICM-noSI,0.95,True,0.2394200219869787,0.01284932500038849,1.0,,
3308,3.0,10,ICM-noSI,1.0,True,0.1876498176084232,0.013097572000333457,1.0,,
3308,3.0,10,ICM,0.7,True,0.6338162119683962,0.014489819000118587,1.0,,
3308,3.0,10,ICM,0.75,True,0.5814915871456908,0.01758179599983123,1.0,,
3308,3.0,10,ICM,0.8,True,0.5291669552524789,0.018366585999501694,1.0,,
3308,3.0,10,ICM,0.85,True,0.47684233951850824,0.019119401999887486,1.0,,
3308,3.0,10,ICM,0.9,True,0.4245177141409219,0.01943023900003027,1.0,0.0,-0.3895345777572181
3308,3.0,10,ICM,0.95,True,0.3721930888778554,0.018035752999821852,1.0,,
3308,3.0,10,ICM,1.0,True,0.3198684638878378,0.01919287200053077,1.0,,
3325,3.0,10,DCM,0.7,False,,,1.0,,
3325,3.0,10,DCM,0.75,False,,,1.0,,
3325,3.0,10,DCM,0.8,False,,,1.0,,
3325,3.0,10,DCM,0.85,False,,,1.0,,
3325,3.0,10,DCM,0.9,False,,,1.0,,
3325,3.0,10,DCM,0.95,False,,,1.0,,
3325,3.0,10,DCM,1.0,False,,,1.0,,
3325,3.0,10,ICM-noSI,0.7,True,0.4379681803302573,0.010607412000354088,1.0,,
3325,3.0,10,ICM-noSI,0.75,True,0.38623010246023554,0.009587976000148046,1.0,,
3325,3.0,10,ICM-noSI,0.8,True,0.33449201079703567,0.00963302400032262,1.0,,
3325,3.0,10,ICM-noSI,0.85,True,0.2827539180516645,0.009926212000209489,1.0,,
3325,3.0,10,ICM-noSI,0.9,True,0.23101582288649647,0.009883042999717873,1.0,0.0,-0.2597753708775482
3325,3.0,10,ICM-noSI,0.95,True,0.1812180021348316,0.009998280999752751,1.0,,
3325,3.0,10,ICM-noSI,1.0,True,0.1343654368663679,0.010912324999480916,1.0,,
3325,3.0,10,ICM,0.7,True,0.53811348241725,0.012377112000649504,1.0,,
3325,3.0,10,ICM,0.75,True,0.48917339395916376,0.01347955399978673,1.0,,
3325,3.0,10,ICM,0.8,True,0.440233304707346,0.01408679199994367,1.0,,
3325,3.0,10,ICM,0.85,True,0.39129321534078454,0.014445441999669129,1.0,,
3325,3.0,10,ICM,0.9,True,0.34235313101849185,0.015777075000187324,1.0,0.0,-0.3287436425052972
3325,3.0,10,ICM,0.95,True,0.2934130427591824,0.01701339899955201,1.0,,
3325,3.0,10,ICM,1.0,True,0.24457281681478005,0.01644067599954724,1.0,,
3342,3.0,10,DCM,0.7,False,,,1.0,,
3342,3.0,10,DCM,0.75,False,,,1.0,,
3342,3.0,10,DCM,0.8,False,,,1.0,,
3342,3.0,10,DCM,0.85,False,,,1.0,,
3342,3.0,10,DCM,0.9,False,,,1.0,,
3342,3.0,10,DCM,0.95,False,,,1.0,,
3342,3.0,10,DCM,1.0,False,,,1.0,,
3342,3.0,10,ICM-noSI,0.7,True,0.5673223498412783,0.016942002000178036,1.0,,
3342,3.0,10,ICM-noSI,0.75,True,0.5182531002748949,0.01717644099971949,1.0,,
3342,3.0,10,ICM-noSI,0.8,True,0.469183850699631,0.015651101999537786,1.0,,
3342,3.0,10,ICM-noSI,0.85,True,0.4201146011288894,0.014975649999541929,1.0,,
3342,3.0,10,ICM-noSI,0.9,True,0.3710453515397178,0.01365459600037866,1.0,0.0,-0.33765889419660333
3342,3.0,10,ICM-noSI,0.95,True,0.32197610196845944,0.0131215470000825,1.0,,
3342,3.0,10,ICM-noSI,1.0,True,0.2729068515615524,0.013297833999786235,1.0,,
3342,3.0,10,ICM,0.7,True,0.5763847490646782,0.010202733000369335,1.0,,
3342,3.0,10,ICM,0.75,True,0.5225754512108368,0.009761566000634048,1.0,,
3342,3.0,10,ICM,0.8,True,0.4687661475428833,0.009173528000246733,1.0,,
3342,3.0,10,ICM,0.85,True,0.414956861476989,0.009211262999997416,1.0,,
3342,3.0,10,ICM,0.9,True,0.36114755922115815,0.009035916000357247,1.0,0.0,-0.2924966275517207
3342,3.0,10,ICM,0.95,True,0.3073382564897413,0.009159520999673987,1.0,,
3342,3.0,10,ICM,1.0,True,0.25352895303156625,0.009381973000017751,1.0,,
3359,3.0,10,DCM,0.7,False,,,1.0,,
3359,3.0,10,DCM,0.75,False,,,1.0,,
3359,3.0,10,DCM,0.8,False,,,1.0,,
3359,3.0,10,DCM,0.85,False,,,1.0,,
3359,3.0,10,DCM,0.9,False,,,1.0,,
3359,3.0,10,DCM,0.95,False,,,1.0,,
3359,3.0,10,DCM,1.0,False,,,1.0,,
3359,3.0,10,ICM-noSI,0.7,True,0.5147660635223938,0.00945787399996334,1.0,,
3359,3.0,10,ICM-noSI,0.75,True,0.4681552158320996,0.0093075590002627,1.0,,
3359,3.0,10,ICM-noSI,0.8,True,0.421544379999912,0.00922169300065434,1.0,,
3359,3.0,10,ICM-noSI,0.85,True,0.37493352822172266,0.008792716000243672,1.0,,
3359,3.0,10,ICM-noSI,0.9,True,0.32832270218661375,0.008858060000420664,1.0,0.0,-0.3202680824394336
3359,3.0,10,ICM-noSI,0.95,True,0.2817118592541145,0.009825694999562984,1.0,,
3359,3.0,10,ICM-noSI,1.0,True,0.23515221750331317,0.009927731000061613,1.0,,
3359,3.0,10,ICM,0.7,True,0.5200499779392115,0.013592872999652172,1.0,,
3359,3.0,10,ICM,0.75,True,0.4707420072485488,0.014609548000407813,1.0,,
3359,3.0,10,ICM,0.8,True,0.4214340370069571,0.015403451000565838,1.0,,
3359,3.0,10,ICM,0.85,True,0.37212606256395225,0.014937058000214165,1.0,,
3359,3.0,10,ICM,0.9,True,0.3228180951272628,0.013616111999908753,1.0,0.0,-0.30725557659044056
3359,3.0,10,ICM,0.95,True,0.27352610108555986,0.014554725000380131,1.0,,
3359,3.0,10,ICM,1.0,True,0.2243656949828529,0.014165048999529972,1.0,,
3376,3.0,10,DCM,0.7,False,,,1.0,,
3376,3.0,10,DCM,0.75,False,,,1.0,,
3376,3.0,10,DCM,0.8,False,,,1.0,,
3376,3.0,10,DCM,0.85,False,,,1.0,,
3376,3.0,10,DCM,0.9,False,,,1.0,,
3376,3.0,10,DCM,0.95,False,,,1.0,,
3376,3.0,10,DCM,1.0,False,,,1.0,,
3376,3.0,10,ICM-noSI,0.7,True,0.5398254077716454,0.014611564000006183,1.0,,
3376,3.0,10,ICM-noSI,0.75,True,0.4891282931344589,0.014564412000254379,1.0,,
3376,3.0,10,ICM-noSI,0.8,True,0.43843116647427416,0.014185836000251584,1.0,,
3376,3.0,10,ICM-noSI,0.85,True,0.3877340398392521,0.01446826399933343,1.0,,
3376,3.0,10,ICM-noSI,0.9,True,0.33703691318550794,0.013946956000836508,1.0,0.0,-0.35763493609013997
3376,3.0,10,ICM-noSI,0.95,True,0.286339786200621,0.012412665999363526,1.0,,
3376,3.0,10,ICM-noSI,1.0,True,0.23595861776937394,0.011774271999456687,1.0,,
3376,3.0,10,ICM,0.7,True,0.5811278597012263,0.009534773000268615,1.0,,
3376,3.0,10,ICM,0.75,True,0.5306770960995164,0.009694146999208897,1.0,,
3376,3.0,10,ICM,0.8,True,0.48022633066213394,0.00962223099941184,1.0,,
3376,3.0,10,ICM,0.85,True,0.4297755662056436,0.010570890000053623,1.0,,
3376,3.0,10,ICM,0.9,True,0.3793248064065886,0.009635600999899907,1.0,0.0,-0.4380588669392862
3376,3.0,10,ICM,0.95,True,0.32887404189753866,0.009123041999373527,1.0,,
3376,3.0,10,ICM,1.0,True,0.2784232769278392,0.009149821000391967,1.0,,
3393,3.0,10,DCM,0.7,False,,,1.0,,
3393,3.0,10,DCM,0.75,False,,,1.0,,
3393,3.0,10,DCM,0.8,False,,,1.0,,
3393,3.0,10,DCM,0.85,False,,,1.0,,
3393,3.0,10,DCM,0.9,False,,,1.0,,
3393,3.0,10,DCM,0.95,False,,,1.0,,
3393,3.0,10,DCM,1.0,False,,,1.0,,
3393,3.0,10,ICM-noSI,0.7,True,0.4526939443566093,0.013610619999781193,1.0,,
3393,3.0,10,ICM-noSI,0.75,True,0.4163785487183933,0.012552127999697404,1.0,,
3393,3.0,10,ICM-noSI,0.8,True,0.3800631527246414,0.012627358999452554,1.0,,
3393,3.0,10,ICM-noSI,0.85,True,0.34374775647569983,0.011727831000825972,1.0,,
3393,3.0,10,ICM-noSI,0.9,True,0.30743235954283415,0.013373791999583773,1.0,0.0,-0.4494110204786591
3393,3.0,10,ICM-noSI,0.95,True,0.27111696054726375,0.01999487200009753,1.0,,
3393,3.0,10,ICM-noSI,1.0,True,0.23480157212774688,0.020625313000891765,1.0,,
3393,3.0,10,ICM,0.7,True,0.5326496399965132,0.012352018000456155,1.0,,
3393,3.0,10,ICM,0.75,True,0.4756998192702815,0.010354727000049024,1.0,,
3393,3.0,10,ICM,0.8,True,0.41874999751690256,0.009710550999443512,1.0,,
3393,3.0,10,ICM,0.85,True,0.3618001758657224,0.009464253999794892,1.0,,
3393,3.0,10,ICM,0.9,True,0.30485034502649294,0.009113346000049205,1.0,0.0,-0.4041212350949236
3393,3.0,10,ICM,0.95,True,0.24790053499157327,0.010920988000179932,1.0,,
3393,3.0,10,ICM,1.0,True,0.1909507135325999,0.01044227599959413,1.0,,
4070,4.0,10,DCM,0.7,False,,,1.0,,
4070,4.0,10,DCM,0.75,False,,,1.0,,
4070,4.0,10,DCM,0.8,False,,,1.0,,
4070,4.0,10,DCM,0.85,False,,,1.0,,
4070,4.0,10,DCM,0.9,False,,,1.0,,
4070,4.0,10,DCM,0.95,False,,,1.0,,
4070,4.0,10,DCM,1.0,False,,,1.0,,
4070,4.0,10,ICM-noSI,0.7,True,0.5351022792673367,0.019797500999629847,1.0,,
4070,4.0,10,ICM-noSI,0.75,True,0.48614271002968995,0.019713143999979366,1.0,,
4070,4.0,10,ICM-noSI,0.8,True,0.43718314058883156,0.020265701999960584,1.0,,
4070,4.0,10,ICM-noSI,0.85,True,0.3882235709354865,0.01968599500014534,1.0,,
4070,4.0,10,ICM-noSI,0.9,True,0.33926400159830594,0.020919317999869236,1.0,0.0,-0.33934107202945796
4070,4.0,10,ICM-noSI,0.95,True,0.2903044314923914,0.020803986000828445,1.0,,
4070,4.0,10,ICM-noSI,1.0,True,0.24134486626068782,0.016169472000001406,1.0,,
4070,4.0,10,ICM,0.7,True,0.56548886390274,0.019121381000331894,1.0,,
4070,4.0,10,ICM,0.75,True,0.5154551379027696,0.013131148999491415,1.0,,
4070,4.0,10,ICM,0.8,True,0.4654214114848972,0.01742769100019359,1.0,,
4070,4.0,10,ICM,0.85,True,0.41538768236739304,0.010189714000262029,1.0,,
4070,4.0,10,ICM,0.9,True,0.36535395395334824,0.009235753000211844,1.0,0.0,-0.3813854488157543
4070,4.0,10,ICM,0.95,True,0.31532022656080555,0.00905095899997832,1.0,,
4070,4.0,10,ICM,1.0,True,0.26528649359587386,0.008717194000382733,1.0,,
4087,4.0,10,DCM,0.7,False,,,1.0,,
4087,4.0,10,DCM,0.75,False,,,1.0,,
4087,4.0,10,DCM,0.8,False,,,1.0,,
4087,4.0,10,DCM,0.85,False,,,1.0,,
4087,4.0,10,DCM,0.9,False,,,1.0,,
4087,4.0,10,DCM,0.95,False,,,1.0,,
4087,4.0,10,DCM,1.0,False,,,1.0,,
4087,4.0,10,ICM-noSI,0.7,True,0.5186983647269415,0.013887150999835285,1.0,,
4087,4.0,10,ICM-noSI,0.75,True,0.4733050737723333,0.012436748000254738,1.0,,
4087,4.0,10,ICM-noSI,0.8,True,0.4279117827871511,0.012448533999304345,1.0,,
4087,4.0,10,ICM-noSI,0.85,True,0.3825184917224902,0.012486761999753071,1.0,,
4087,4.0,10,ICM-noSI,0.9,True,0.33712520068943186,0.011433063999902515,1.0,0.0,-0.46852323463778855
4087,4.0,10,ICM-noSI,0.95,True,0.29173190764560775,0.010661663999599114,1.0,,
4087,4.0,10,ICM-noSI,1.0,True,0.24633861262694656,0.010477558999809844,1.0,,
4087,4.0,10,ICM,0.7,False,,,1.0,,
4087,4.0,10,ICM,0.75,False,,,1.0,,
4087,4.0,10,ICM,0.8,False,,,1.0,,
4087,4.0,10,ICM,0.85,False,,,1.0,,
4087,4.0,10,ICM,0.9,False,,,1.0,,
4087,4.0,10,ICM,0.95,False,,,1.0,,
4087,4.0,10,ICM,1.0,False,,,1.0,,
4104,4.0,10,DCM,0.7,False,,,1.0,,
4104,4.0,10,DCM,0.75,False,,,1.0,,
4104,4.0,10,DCM,0.8,False,,,1.0,,
4104,4.0,10,DCM,0.85,False,,,1.0,,
4104,4.0,10,DCM,0.9,False,,,1.0,,
4104,4.0,10,DCM,0.95,False,,,1.0,,
4104,4.0,10,DCM,1.0,False,,,1.0,,
4104,4.0,10,ICM-noSI,0.7,True,0.4779040374134951,0.012636600000405451,1.0,,
4104,4.0,10,ICM-noSI,0.75,True,0.4292312919632557,0.013431901000330981,1.0,,
4104,4.0,10,ICM-noSI,0.8,True,0.3805585296896432,0.012689751999459986,1.0,,
4104,4.0,10,ICM-noSI,0.85,True,0.3318857684119733,0.013238393000392534,1.0,,
4104,4.0,10,ICM-noSI,0.9,True,0.28321300500777663,0.013387883999712358,1.0,0.0,-0.2577090489861841
4104,4.0,10,ICM-noSI,0.95,True,0.2345402463943302,0.015172581999649992,1.0,,
4104,4.0,10,ICM-noSI,1.0,True,0.18821400174172306,0.01481593399967096,1.0,,
4104,4.0,10,ICM,0.7,True,0.5629549670112514,0.012719037999886496,1.0,,
4104,4.0,10,ICM,0.75,True,0.508730100978216,0.012136487000134366,1.0,,
4104,4.0,10,ICM,0.8,True,0.45450523659399966,0.012269710000509804,1.0,,
4104,4.0,10,ICM,0.85,True,0.40028036964274644,0.011299972999950114,1.0,,
4104,4.0,10,ICM,0.9,True,0.34605550492224935,0.011197152999557147,1.0,0.0,-0.30342182316335575
4104,4.0,10,ICM,0.95,True,0.29183063958225025,0.01328907400056778,1.0,,
4104,4.0,10,ICM,1.0,True,0.23760578221266218,0.013333013000192295,1.0,,
4121,4.0,10,DCM,0.7,False,,,1.0,,
4121,4.0,10,DCM,0.75,False,,,1.0,,
4121,4.0,10,DCM,0.8,False,,,1.0,,
4121,4.0,10,DCM,0.85,False,,,1.0,,
4121,4.0,10,DCM,0.9,False,,,1.0,,
4121,4.0,10,DCM,0.95,False,,,1.0,,
4121,4.0,10,DCM,1.0,False,,,1.0,,
4121,4.0,10,ICM-noSI,0.7,True,0.6388490754085734,0.009180695000395644,1.0,,
4121,4.0,10,ICM-noSI,0.75,True,0.584283741135117,0.00999699500061979,1.0,,
4121,4.0,10,ICM-noSI,0.8,True,0.5297184064593944,0.010669794000023103,1.0,,
4121,4.0,10,ICM-noSI,0.85,True,0.4751530718868533,0.010728483999628224,1.0,,
4121,4.0,10,ICM-noSI,0.9,True,0.42058773744453837,0.010570933000053628,1.0,0.0,-0.46599011931778667
4121,4.0,10,ICM-noSI,0.95,True,0.36602240315411044,0.010636106999299955,1.0,,
4121,4.0,10,ICM-noSI,1.0,True,0.31145706368881965,0.010939938999399601,1.0,,
4121,4.0,10,ICM,0.7,True,0.5940197462077754,0.011175113999343012,1.0,,
4121,4.0,10,ICM,0.75,True,0.5352998405021991,0.011427272999753768,1.0,,
4121,4.0,10,ICM,0.8,True,0.47657993439008334,0.012116498000068532,1.0,,
4121,4.0,10,ICM,0.85,True,0.4178600269297219,0.012590289000399935,1.0,,
4121,4.0,10,ICM,0.9,True,0.3591401188502202,0.011713584000062838,1.0,0.0,-0.4478447300906978
4121,4.0,10,ICM,0.95,True,0.3004202169067239,0.012685980000242125,1.0,,
4121,4.0,10,ICM,1.0,True,0.24170030988224103,0.012734650999846053,1.0,,
4138,4.0,10,DCM,0.7,False,,,1.0,,
4138,4.0,10,DCM,0.75,False,,,1.0,,
4138,4.0,10,DCM,0.8,False,,,1.0,,
4138,4.0,10,DCM,0.85,False,,,1.0,,
4138,4.0,10,DCM,0.9,False,,,1.0,,
4138,4.0,10,DCM,0.95,False,,,1.0,,
4138,4.0,10,DCM,1.0,False,,,1.0,,
4138,4.0,10,ICM-noSI,0.7,True,0.4930075795203679,0.013992979999784438,1.0,,
4138,4.0,10,ICM-noSI,0.75,True,0.44398828269635887,0.013684171999557293,1.0,,
4138,4.0,10,ICM-noSI,0.8,True,0.39496898497005783,0.014503584000522096,1.0,,
4138,4.0,10,ICM-noSI,0.85,True,0.3459496870499608,0.014167738000651298,1.0,,
4138,4.0,10,ICM-noSI,0.9,True,0.2969303881829668,0.01358681700003217,1.0,0.0,-0.30152781027073716
4138,4.0,10,ICM-noSI,0.95,True,0.25100198751794467,0.013579528000263963,1.0,,
4138,4.0,10,ICM-noSI,1.0,True,0.20585108445696496,0.01266180099992198,1.0,,
4138,4.0,10,ICM,0.7,True,0.5310131600954677,0.01189161599995714,1.0,,
4138,4.0,10,ICM,0.75,True,0.4810446740923216,0.012406845999976213,1.0,,
4138,4.0,10,ICM,0.8,True,0.4310761868383148,0.014205649000359699,1.0,,
4138,4.0,10,ICM,0.85,True,0.3811076955692507,0.011629024000285426,1.0,,
4138,4.0,10,ICM,0.9,True,0.3311392221004337,0.011461736999990535,1.0,0.0,-0.33236864795058974
4138,4.0,10,ICM,0.95,True,0.2811707380827363,0.011190172000169696,1.0,,
4138,4.0,10,ICM,1.0,True,0.23134777711947804,0.012095580999812228,1.0,,
4155,4.0,10,DCM,0.7,False,,,1.0,,
4155,4.0,10,DCM,0.75,False,,,1.0,,
4155,4.0,10,DCM,0.8,False,,,1.0,,
4155,4.0,10,DCM,0.85,False,,,1.0,,
4155,4.0,10,DCM,0.9,False,,,1.0,,
4155,4.0,10,DCM,0.95,False,,,1.0,,
4155,4.0,10,DCM,1.0,False,,,1.0,,
4155,4.0,10,ICM-noSI,0.7,True,0.5414723718938435,0.01743659899875638,1.0,,
4155,4.0,10,ICM-noSI,0.75,True,0.4952695637089734,0.015502353000556468,1.0,,
4155,4.0,10,ICM-noSI,0.8,True,0.4490667402878021,0.014416558999073459,1.0,,
4155,4.0,10,ICM-noSI,0.85,True,0.4028639168599311,0.015098227000635234,1.0,,
4155,4.0,10,ICM-noSI,0.9,True,0.3566610933986196,0.014680566999231814,1.0,0.0,-0.3963388191376219
4155,4.0,10,ICM-noSI,0.95,True,0.31045826989610964,0.018345237998801167,1.0,,
4155,4.0,10,ICM-noSI,1.0,True,0.2642554446185111,0.019894437999028014,1.0,,
4155,4.0,10,ICM,0.7,True,0.6245757540548429,0.01117268000052718,1.0,,
4155,4.0,10,ICM,0.75,True,0.5671873152802153,0.010628829999404843,1.0,,
4155,4.0,10,ICM,0.8,True,0.5097988755889054,0.010021948999565211,1.0,,
4155,4.0,10,ICM,0.85,True,0.45241043428668243,0.009763440999449813,1.0,,
4155,4.0,10,ICM,0.9,True,0.39502199142728633,0.009610425999198924,1.0,0.0,-0.42451635157488676
4155,4.0,10,ICM,0.95,True,0.3376335482183812,0.010293150000507012,1.0,,
4155,4.0,10,ICM,1.0,True,0.28024511180806266,0.01029314900006284,1.0,,
4172,4.0,10,DCM,0.7,False,,,1.0,,
4172,4.0,10,DCM,0.75,False,,,1.0,,
4172,4.0,10,DCM,0.8,False,,,1.0,,
4172,4.0,10,DCM,0.85,False,,,1.0,,
4172,4.0,10,DCM,0.9,False,,,1.0,,
4172,4.0,10,DCM,0.95,False,,,1.0,,
4172,4.0,10,DCM,1.0,False,,,1.0,,
4172,4.0,10,ICM-noSI,0.7,True,0.41174480112700723,0.013539434999984223,1.0,,
4172,4.0,10,ICM-noSI,0.75,True,0.3651893680241292,0.013760320000073989,1.0,,
4172,4.0,10,ICM-noSI,0.8,True,0.31863393538375406,0.014542847999109654,1.0,,
4172,4.0,10,ICM-noSI,0.85,True,0.27207849153023944,0.013687475000551785,1.0,,
4172,4.0,10,ICM-noSI,0.9,True,0.22659300322141865,0.014009023001563037,1.0,0.0,-0.3370423251453708
4172,4.0,10,ICM-noSI,0.95,True,0.18249779900639862,0.015262087999872165,1.0,,
4172,4.0,10,ICM-noSI,1.0,True,0.13840259049583417,0.01536851899982139,1.0,,
4172,4.0,10,ICM,0.7,True,0.5404928922448451,0.016946916999586392,1.0,,
4172,4.0,10,ICM,0.75,True,0.4910264528246862,0.017044774000169127,1.0,,
4172,4.0,10,ICM,0.8,True,0.4415600291968798,0.01673771800051327,1.0,,
4172,4.0,10,ICM,0.85,True,0.3920935906390074,0.017461964998801704,1.0,,
4172,4.0,10,ICM,0.9,True,0.34262715211627137,0.01716703100100858,1.0,0.0,-0.45113719206115055
4172,4.0,10,ICM,0.95,True,0.29316071351051487,0.01347646200156305,1.0,,
4172,4.0,10,ICM,1.0,True,0.24369427474160782,0.013580827999248868,1.0,,
4189,4.0,10,DCM,0.7,False,,,1.0,,
4189,4.0,10,DCM,0.75,False,,,1.0,,
4189,4.0,10,DCM,0.8,False,,,1.0,,
4189,4.0,10,DCM,0.85,False,,,1.0,,
4189,4.0,10,DCM,0.9,False,,,1.0,,
4189,4.0,10,DCM,0.95,False,,,1.0,,
4189,4.0,10,DCM,1.0,False,,,1.0,,
4189,4.0,10,ICM-noSI,0.7,True,0.5033851051445195,0.00961120200008736,1.0,,
4189,4.0,10,ICM-noSI,0.75,True,0.4531827987996327,0.010301688000254217,1.0,,
4189,4.0,10,ICM-noSI,0.8,True,0.40298049867749663,0.010026474999904167,1.0,,
4189,4.0,10,ICM-noSI,0.85,True,0.35277819475008565,0.009334791999208392,1.0,,
4189,4.0,10,ICM-noSI,0.9,True,0.30257589006036373,0.00939008600107627,1.0,0.0,-0.3397999048341731
4189,4.0,10,ICM-noSI,0.95,True,0.2530363528701501,0.008813123000436462,1.0,,
4189,4.0,10,ICM-noSI,1.0,True,0.20507029772170257,0.008801702000710065,1.0,,
4189,4.0,10,ICM,0.7,True,0.4444215637934836,0.014359954000610742,1.0,,
4189,4.0,10,ICM,0.75,True,0.39519316087532913,0.014608457999202074,1.0,,
4189,4.0,10,ICM,0.8,True,0.3459647667847899,0.01526009599911049,1.0,,
4189,4.0,10,ICM,0.85,True,0.2967363682473791,0.014566419000402675,1.0,,
4189,4.0,10,ICM,0.9,True,0.24750797614613076,0.014667834000647417,1.0,0.0,-0.31400597240079897
4189,4.0,10,ICM,0.95,True,0.19833702006696546,0.012991435000003548,1.0,,
4189,4.0,10,ICM,1.0,True,0.1492534218098649,0.013869628999600536,1.0,,
4206,4.0,10,DCM,0.7,False,,,1.0,,
4206,4.0,10,DCM,0.75,False,,,1.0,,
4206,4.0,10,DCM,0.8,False,,,1.0,,
4206,4.0,10,DCM,0.85,False,,,1.0,,
4206,4.0,10,DCM,0.9,False,,,1.0,,
4206,4.0,10,DCM,0.95,False,,,1.0,,
4206,4.0,10,DCM,1.0,False,,,1.0,,
4206,4.0,10,ICM-noSI,0.7,True,0.4847900136707547,0.012396506001095986,1.0,,
4206,4.0,10,ICM-noSI,0.75,True,0.4323515909213365,0.013316603000930627,1.0,,
4206,4.0,10,ICM-noSI,0.8,True,0.37991316364303196,0.012887594000858371,1.0,,
4206,4.0,10,ICM-noSI,0.85,True,0.3274747381573522,0.013297009998495923,1.0,,
4206,4.0,10,ICM-noSI,0.9,True,0.2750363190861309,0.012538560000393772,1.0,0.0,-0.23775202586554034
4206,4.0,10,ICM-noSI,0.95,True,0.22259790102939128,0.012368542000331217,1.0,,
4206,4.0,10,ICM-noSI,1.0,True,0.17111815953285248,0.01255142199988768,1.0,,
4206,4.0,10,ICM,0.7,True,0.4672679806570996,0.0097466400002304,1.0,,
4206,4.0,10,ICM,0.75,True,0.41785000706736314,0.009352495000712224,1.0,,
4206,4.0,10,ICM,0.8,True,0.36843202461925084,0.009243045000403072,1.0,,
4206,4.0,10,ICM,0.85,True,0.3190140686318905,0.009332116000223323,1.0,,
4206,4.0,10,ICM,0.9,True,0.2695960977914292,0.009853935998762609,1.0,0.0,-0.23197893992094842
4206,4.0,10,ICM,0.95,True,0.22017812213294588,0.009302439000748564,1.0,,
4206,4.0,10,ICM,1.0,True,0.17085300693509428,0.009935227999449125,1.0,,
4223,4.0,10,DCM,0.7,False,,,1.0,,
4223,4.0,10,DCM,0.75,False,,,1.0,,
4223,4.0,10,DCM,0.8,False,,,1.0,,
4223,4.0,10,DCM,0.85,False,,,1.0,,
4223,4.0,10,DCM,0.9,False,,,1.0,,
4223,4.0,10,DCM,0.95,False,,,1.0,,
4223,4.0,10,DCM,1.0,False,,,1.0,,
4223,4.0,10,ICM-noSI,0.7,True,0.5762191996457074,0.015399515999888536,1.0,,
4223,4.0,10,ICM-noSI,0.75,True,0.5278616932771043,0.015318582998588681,1.0,,
4223,4.0,10,ICM-noSI,0.8,True,0.47950418532774647,0.016609172998869326,1.0,,
4223,4.0,10,ICM-noSI,0.85,True,0.43114914072152866,0.01742188399839506,1.0,,
4223,4.0,10,ICM-noSI,0.9,True,0.38302840360391066,0.018040465998637956,1.0,0.0,-0.14441555390348693
4223,4.0,10,ICM-noSI,0.95,True,0.33490767107008357,0.01912800900026923,1.0,,
4223,4.0,10,ICM-noSI,1.0,True,0.2867869330882257,0.01890497000022151,1.0,,
4223,4.0,10,ICM,0.7,True,0.5418219939280343,0.0137329810004303,1.0,,
4223,4.0,10,ICM,0.75,True,0.4922097570255966,0.013868011001250125,1.0,,
4223,4.0,10,ICM,0.8,True,0.4425975185298489,0.01378929700149456,1.0,,
4223,4.0,10,ICM,0.85,True,0.39298529131685006,0.012226245000420022,1.0,,
4223,4.0,10,ICM,0.9,True,0.34337305464778606,0.013352218998988974,1.0,0.0,-0.2977274227842165
4223,4.0,10,ICM,0.95,True,0.29376081710597446,0.012200600000142003,1.0,,
4223,4.0,10,ICM,1.0,True,0.24414858116166577,0.011869468999066157,1.0,,
4240,4.0,10,DCM,0.7,False,,,1.0,,
4240,4.0,10,DCM,0.75,False,,,1.0,,
4240,4.0,10,DCM,0.8,False,,,1.0,,
4240,4.0,10,DCM,0.85,False,,,1.0,,
4240,4.0,10,DCM,0.9,False,,,1.0,,
4240,4.0,10,DCM,0.95,False,,,1.0,,
4240,4.0,10,DCM,1.0,False,,,1.0,,
4240,4.0,10,ICM-noSI,0.7,True,0.675385912258328,0.008861944999807747,1.0,,
4240,4.0,10,ICM-noSI,0.75,True,0.6223042443102159,0.009253956999600632,1.0,,
4240,4.0,10,ICM-noSI,0.8,True,0.5692225752907771,0.009640738000598503,1.0,,
4240,4.0,10,ICM-noSI,0.85,True,0.5161409046889146,0.010105445000590407,1.0,,
4240,4.0,10,ICM-noSI,0.9,True,0.4630592350551654,0.010904864000622183,1.0,0.0,-0.485885564773632
4240,4.0,10,ICM-noSI,0.95,True,0.40997756654760714,0.009477951998633216,1.0,,
4240,4.0,10,ICM-noSI,1.0,True,0.3568958981383029,0.01045013399925665,1.0,,
4240,4.0,10,ICM,0.7,True,0.6342232815151183,0.009089574001336587,1.0,,
4240,4.0,10,ICM,0.75,True,0.5809081989778377,0.009053195000888081,1.0,,
4240,4.0,10,ICM,0.8,True,0.5275931524243628,0.00901610199980496,1.0,,
4240,4.0,10,ICM,0.85,True,0.47427808792163184,0.00879028599956655,1.0,,
4240,4.0,10,ICM,0.9,True,0.4209630234278737,0.008541848999811918,1.0,0.0,-0.45236805352894727
4240,4.0,10,ICM,0.95,True,0.3676479589120274,0.009501335998720606,1.0,,
4240,4.0,10,ICM,1.0,True,0.31433289417496785,0.009728252000059001,1.0,,
4257,4.0,10,DCM,0.7,False,,,1.0,,
4257,4.0,10,DCM,0.75,False,,,1.0,,
4257,4.0,10,DCM,0.8,False,,,1.0,,
4257,4.0,10,DCM,0.85,False,,,1.0,,
4257,4.0,10,DCM,0.9,False,,,1.0,,
4257,4.0,10,DCM,0.95,False,,,1.0,,
4257,4.0,10,DCM,1.0,False,,,1.0,,
4257,4.0,10,ICM-noSI,0.7,True,0.579881421039762,0.013295450999066816,1.0,,
4257,4.0,10,ICM-noSI,0.75,True,0.5276830172340267,0.013494388998879003,1.0,,
4257,4.0,10,ICM-noSI,0.8,True,0.47548461354879046,0.013943799998742179,1.0,,
4257,4.0,10,ICM-noSI,0.85,True,0.42328620761380886,0.01723748400036129,1.0,,
4257,4.0,10,ICM-noSI,0.9,True,0.37108780092431437,0.020837064999795984,1.0,0.0,-0.2619809185455896
4257,4.0,10,ICM-noSI,0.95,True,0.3188894106933038,0.02052372300022398,1.0,,
4257,4.0,10,ICM-noSI,1.0,True,0.26669100833197323,0.020597969998561894,1.0,,
4257,4.0,10,ICM,0.7,True,0.5238243896609723,0.011405148999983794,1.0,,
4257,4.0,10,ICM,0.75,True,0.47221444787250766,0.010338072999729775,1.0,,
4257,4.0,10,ICM,0.8,True,0.42060449736367295,0.010350415999710094,1.0,,
4257,4.0,10,ICM,0.85,True,0.3689945466616764,0.010112742998899193,1.0,,
4257,4.0,10,ICM,0.9,True,0.31738459600374824,0.010640246000548359,1.0,0.0,-0.20802313729904232
4257,4.0,10,ICM,0.95,True,0.2657746482169145,0.009662133001256734,1.0,,
4257,4.0,10,ICM,1.0,True,0.21423792230048339,0.00958527000148024,1.0,,
4274,4.0,10,DCM,0.7,False,,,1.0,,
4274,4.0,10,DCM,0.75,False,,,1.0,,
4274,4.0,10,DCM,0.8,False,,,1.0,,
4274,4.0,10,DCM,0.85,False,,,1.0,,
4274,4.0,10,DCM,0.9,False,,,1.0,,
4274,4.0,10,DCM,0.95,False,,,1.0,,
4274,4.0,10,DCM,1.0,False,,,1.0,,
4274,4.0,10,ICM-noSI,0.7,True,0.4474464691662748,0.009021759000461316,1.0,,
4274,4.0,10,ICM-noSI,0.75,True,0.39591225398915136,0.00908230900131457,1.0,,
4274,4.0,10,ICM-noSI,0.8,True,0.34437803882771917,0.008781913998973323,1.0,,
4274,4.0,10,ICM-noSI,0.85,True,0.2928438236502871,0.008945976000177325,1.0,,
4274,4.0,10,ICM-noSI,0.9,True,0.24130960823904862,0.008998022000014316,1.0,0.0,-0.35054266164827474
4274,4.0,10,ICM-noSI,0.95,True,0.1897753971430278,0.009489629999734461,1.0,,
4274,4.0,10,ICM-noSI,1.0,True,0.13824117926590213,0.009975412998755928,1.0,,
4274,4.0,10,ICM,0.7,True,0.5785615878750945,0.014053744000193547,1.0,,
4274,4.0,10,ICM,0.75,True,0.5268450933815354,0.01408840000112832,1.0,,
4274,4.0,10,ICM,0.8,True,0.47512859850115374,0.01499973099998897,1.0,,
4274,4.0,10,ICM,0.85,True,0.423412102378735,0.013428560001557344,1.0,,
4274,4.0,10,ICM,0.9,True,0.37169560484277075,0.01267846800146799,1.0,0.0,-0.4507555346937876
4274,4.0,10,ICM,0.95,True,0.3199791142790485,0.013044199999058037,1.0,,
4274,4.0,10,ICM,1.0,True,0.2682626188165786,0.012680275998718571,1.0,,
4291,4.0,10,DCM,0.7,False,,,1.0,,
4291,4.0,10,DCM,0.75,False,,,1.0,,
4291,4.0,10,DCM,0.8,False,,,1.0,,
4291,4.0,10,DCM,0.85,False,,,1.0,,
4291,4.0,10,DCM,0.9,False,,,1.0,,
4291,4.0,10,DCM,0.95,False,,,1.0,,
4291,4.0,10,DCM,1.0,False,,,1.0,,
4291,4.0,10,ICM-noSI,0.7,True,0.5312175976240189,0.012665906000620453,1.0,,
4291,4.0,10,ICM-noSI,0.75,True,0.4842505042600941,0.012401461000990821,1.0,,
4291,4.0,10,ICM-noSI,0.8,True,0.437283410633937,0.011828926000816864,1.0,,
4291,4.0,10,ICM-noSI,0.85,True,0.3903163180785427,0.012213228999826242,1.0,,
4291,4.0,10,ICM-noSI,0.9,True,0.34334921849258443,0.013118556000335957,1.0,0.0,-0.32984024295055037
4291,4.0,10,ICM-noSI,0.95,True,0.29726189384918494,0.013737373001276865,1.0,,
4291,4.0,10,ICM-noSI,1.0,True,0.25282602980282365,0.013299747999553801,1.0,,
4291,4.0,10,ICM,0.7,True,0.6499068278234762,0.009648891000324511,1.0,,
4291,4.0,10,ICM,0.75,True,0.5919374996736962,0.01060237700039579,1.0,,
4291,4.0,10,ICM,0.8,True,0.5339681671941329,0.010704050000640564,1.0,,
4291,4.0,10,ICM,0.85,True,0.4759988371522302,0.011685373998261639,1.0,,
4291,4.0,10,ICM,0.9,True,0.41802950384415777,0.010176160001719836,1.0,0.0,-0.3984639823907715
4291,4.0,10,ICM,0.95,True,0.36006017059405054,0.00915673600138689,1.0,,
4291,4.0,10,ICM,1.0,True,0.3020908461639007,0.00915201300085755,1.0,,
4308,4.0,10,DCM,0.7,False,,,1.0,,
4308,4.0,10,DCM,0.75,False,,,1.0,,
4308,4.0,10,DCM,0.8,False,,,1.0,,
4308,4.0,10,DCM,0.85,False,,,1.0,,
4308,4.0,10,DCM,0.9,False,,,1.0,,
4308,4.0,10,DCM,0.95,False,,,1.0,,
4308,4.0,10,DCM,1.0,False,,,1.0,,
4308,4.0,10,ICM-noSI,0.7,True,0.5087629135190768,0.01671535999957996,1.0,,
4308,4.0,10,ICM-noSI,0.75,True,0.46053795790029245,0.016616029999568127,1.0,,
4308,4.0,10,ICM-noSI,0.8,True,0.4123130022457943,0.017447989001084352,1.0,,
4308,4.0,10,ICM-noSI,0.85,True,0.3640880394744889,0.015669395999793778,1.0,,
4308,4.0,10,ICM-noSI,0.9,True,0.31586308945611785,0.014762941998924362,1.0,0.0,-0.3384065267088464
4308,4.0,10,ICM-noSI,0.95,True,0.2713773732880093,0.012542965001557604,1.0,,
4308,4.0,10,ICM-noSI,1.0,True,0.22898667280045915,0.012814760999390273,1.0,,
4308,4.0,10,ICM,0.7,True,0.5794336199562813,0.014894593999997596,1.0,,
4308,4.0,10,ICM,0.75,True,0.5323413968639155,0.01439210699936666,1.0,,
4308,4.0,10,ICM,0.8,True,0.48524916989468475,0.014144118000331218,1.0,,
4308,4.0,10,ICM,0.85,True,0.43815694159355356,0.014107218999924953,1.0,,
4308,4.0,10,ICM,0.9,True,0.39106472949455506,0.014248376999603352,1.0,0.0,-0.38055757827556935
4308,4.0,10,ICM,0.95,True,0.3439725053952646,0.014058824001040193,1.0,,
4308,4.0,10,ICM,1.0,True,0.2968802809007284,0.013597766001112177,1.0,,
4325,4.0,10,DCM,0.7,False,,,1.0,,
4325,4.0,10,DCM,0.75,False,,,1.0,,
4325,4.0,10,DCM,0.8,False,,,1.0,,
4325,4.0,10,DCM,0.85,False,,,1.0,,
4325,4.0,10,DCM,0.9,False,,,1.0,,
4325,4.0,10,DCM,0.95,False,,,1.0,,
4325,4.0,10,DCM,1.0,False,,,1.0,,
4325,4.0,10,ICM-noSI,0.7,True,0.6588285907820478,0.08003697999993165,1.0,,
4325,4.0,10,ICM-noSI,0.75,True,0.6111656648623329,0.01600148800025636,1.0,,
4325,4.0,10,ICM-noSI,0.8,True,0.5635027370989748,0.014892334998876322,1.0,,
4325,4.0,10,ICM-noSI,0.85,True,0.5158398077876278,0.014857200998449116,1.0,,
4325,4.0,10,ICM-noSI,0.9,True,0.46817688088975523,0.014278995999120525,1.0,0.0,-0.4552981519285383
4325,4.0,10,ICM-noSI,0.95,True,0.420513952724632,0.01451749199986807,1.0,,
4325,4.0,10,ICM-noSI,1.0,True,0.37285102455212743,0.015114268000615994,1.0,,
4325,4.0,10,ICM,0.7,True,0.5643356237852322,0.012307344999499037,1.0,,
4325,4.0,10,ICM,0.75,True,0.5166355215896855,0.013946606999525102,1.0,,
4325,4.0,10,ICM,0.8,True,0.46893541893371754,0.013815459000397823,1.0,,
4325,4.0,10,ICM,0.85,True,0.42123531747481924,0.013993499998832704,1.0,,
4325,4.0,10,ICM,0.9,True,0.37353521797766215,0.01323020100062422,1.0,0.0,-0.3834465020786254
4325,4.0,10,ICM,0.95,True,0.3258351154901639,0.012933059999340912,1.0,,
4325,4.0,10,ICM,1.0,True,0.2781490095239131,0.013292091998664546,1.0,,
4342,4.0,10,DCM,0.7,False,,,1.0,,
4342,4.0,10,DCM,0.75,False,,,1.0,,
4342,4.0,10,DCM,0.8,False,,,1.0,,
4342,4.0,10,DCM,0.85,False,,,1.0,,
4342,4.0,10,DCM,0.9,False,,,1.0,,
4342,4.0,10,DCM,0.95,False,,,1.0,,
4342,4.0,10,DCM,1.0,False,,,1.0,,
4342,4.0,10,ICM-noSI,0.7,True,0.5101558681318915,0.0093418960004783,1.0,,
4342,4.0,10,ICM-noSI,0.75,True,0.4601598678214548,0.009401370998602943,1.0,,
4342,4.0,10,ICM-noSI,0.8,True,0.41016386745352157,0.009065535001354874,1.0,,
4342,4.0,10,ICM-noSI,0.85,True,0.36016786533527395,0.009638796998842736,1.0,,
4342,4.0,10,ICM-noSI,0.9,True,0.31017186450951145,0.009694709999166662,1.0,0.0,-0.36276728610855047
4342,4.0,10,ICM-noSI,0.95,True,0.2601758633716008,0.010536310999668785,1.0,,
4342,4.0,10,ICM-noSI,1.0,True,0.21301848508275562,0.009855382999376161,1.0,,
4342,4.0,10,ICM,0.7,True,0.6017803382667141,0.009902568999677896,1.0,,
4342,4.0,10,ICM,0.75,True,0.5520065213947358,0.00986880399977963,1.0,,
4342,4.0,10,ICM,0.8,True,0.5022327036247779,0.009557384999425267,1.0,,
4342,4.0,10,ICM,0.85,True,0.45245888432018766,0.010704345000704052,1.0,,
4342,4.0,10,ICM,0.9,True,0.40268507398990394,0.009423240999240079,1.0,0.0,-0.3728576815541693
4342,4.0,10,ICM,0.95,True,0.3529112534998326,0.008732262998819351,1.0,,
4342,4.0,10,ICM,1.0,True,0.3031374317690997,0.008773178000410553,1.0,,
4359,4.0,10,DCM,0.7,False,,,1.0,,
4359,4.0,10,DCM,0.75,False,,,1.0,,
4359,4.0,10,DCM,0.8,False,,,1.0,,
4359,4.0,10,DCM,0.85,False,,,1.0,,
4359,4.0,10,DCM,0.9,False,,,1.0,,
4359,4.0,10,DCM,0.95,False,,,1.0,,
4359,4.0,10,DCM,1.0,False,,,1.0,,
4359,4.0,10,ICM-noSI,0.7,True,0.6157478849832926,0.017855965999842738,1.0,,
4359,4.0,10,ICM-noSI,0.75,True,0.5652434883685287,0.014897636001478531,1.0,,
4359,4.0,10,ICM-noSI,0.8,True,0.5147390917287549,0.014198980999935884,1.0,,
4359,4.0,10,ICM-noSI,0.85,True,0.46423469488816493,0.014303346999440691,1.0,,
4359,4.0,10,ICM-noSI,0.9,True,0.41373029878392675,0.01402987499932351,1.0,0.0,-0.2374498142909468
4359,4.0,10,ICM-noSI,0.95,True,0.3632259021696895,0.013948314001027029,1.0,,
4359,4.0,10,ICM-noSI,1.0,True,0.3153364151474152,0.016690217000359553,1.0,,
4359,4.0,10,ICM,0.7,True,0.6251004028912045,0.013914076000219211,1.0,,
4359,4.0,10,ICM,0.75,True,0.5735307756362612,0.01545810000061465,1.0,,
4359,4.0,10,ICM,0.8,True,0.5219611455555752,0.01409360500110779,1.0,,
4359,4.0,10,ICM,0.85,True,0.47039151837674503,0.014085528000578051,1.0,,
4359,4.0,10,ICM,0.9,True,0.4188218895115872,0.013571297000453342,1.0,0.0,-0.4890110809919803
4359,4.0,10,ICM,0.95,True,0.36725226087204244,0.01306257600117533,1.0,,
4359,4.0,10,ICM,1.0,True,0.3156826297114431,0.012895279000076698,1.0,,
4376,4.0,10,DCM,0.7,False,,,1.0,,
4376,4.0,10,DCM,0.75,False,,,1.0,,
4376,4.0,10,DCM,0.8,False,,,1.0,,
4376,4.0,10,DCM,0.85,False,,,1.0,,
4376,4.0,10,DCM,0.9,False,,,1.0,,
4376,4.0,10,DCM,0.95,False,,,1.0,,
4376,4.0,10,DCM,1.0,False,,,1.0,,
4376,4.0,10,ICM-noSI,0.7,True,0.5072998590319195,0.0098201800010429,1.0,,
4376,4.0,10,ICM-noSI,0.75,True,0.46349455406996776,0.010093984999912209,1.0,,
4376,4.0,10,ICM-noSI,0.8,True,0.4196892489785084,0.011082724000516464,1.0,,
4376,4.0,10,ICM-noSI,0.85,True,0.3758839427375688,0.009586317999492167,1.0,,
4376,4.0,10,ICM-noSI,0.9,True,0.3320786363779509,0.009100064999074675,1.0,0.0,-0.36863525955146315
4376,4.0,10,ICM-noSI,0.95,True,0.288273330141783,0.009084936998988269,1.0,,
4376,4.0,10,ICM-noSI,1.0,True,0.2444680226731506,0.008753393000006326,1.0,,
4376,4.0,10,ICM,0.7,True,0.5875311372554121,0.013905014000556548,1.0,,
4376,4.0,10,ICM,0.75,True,0.5391071319422849,0.013906643000154872,1.0,,
4376,4.0,10,ICM,0.8,True,0.4906831230954665,0.01240234299984877,1.0,,
4376,4.0,10,ICM,0.85,True,0.4422591140261603,0.012943895999342203,1.0,,
4376,4.0,10,ICM,0.9,True,0.3938351057572648,0.013990519999424578,1.0,0.0,-0.4337448909302516
4376,4.0,10,ICM,0.95,True,0.34541109718526275,0.012703972000963404,1.0,,
4376,4.0,10,ICM,1.0,True,0.2969870937163141,0.013437809999231831,1.0,,
4393,4.0,10,DCM,0.7,True,0.4543204175684237,0.014633877000960638,1.0,,
4393,4.0,10,DCM,0.75,True,0.4025261224745762,0.01427596400026232,1.0,,
4393,4.0,10,DCM,0.8,True,0.35073182712461,0.015692238999690744,1.0,,
4393,4.0,10,DCM,0.85,True,0.2989754267650284,0.016055865000453196,1.0,,
4393,4.0,10,DCM,0.9,True,0.2533863356408757,0.014149484999506967,1.0,0.0,-0.2732187016523996
4393,4.0,10,DCM,0.95,True,0.20779724677669856,0.014617863000239595,1.0,,
4393,4.0,10,DCM,1.0,True,0.16220815706098757,0.017509328999949503,1.0,,
4393,4.0,10,ICM-noSI,0.7,True,0.5006386615173215,0.012301818998821545,1.0,,
4393,4.0,10,ICM-noSI,0.75,True,0.44935831658167136,0.010479782000402338,1.0,,
4393,4.0,10,ICM-noSI,0.8,True,0.398077960227693,0.009649489998992067,1.0,,
4393,4.0,10,ICM-noSI,0.85,True,0.34679760747480265,0.008955525001510978,1.0,,
4393,4.0,10,ICM-noSI,0.9,True,0.29792662378717366,0.00891427300120995,1.0,0.0,-0.2718520511573469
4393,4.0,10,ICM-noSI,0.95,True,0.2500603007861075,0.00955046299895912,1.0,,
4393,4.0,10,ICM-noSI,1.0,True,0.20219397291710606,0.009446730999115971,1.0,,
4393,4.0,10,ICM,0.7,True,0.5155589894038405,0.008611274999566376,1.0,,
4393,4.0,10,ICM,0.75,True,0.46141705783620646,0.008674618999066297,1.0,,
4393,4.0,10,ICM,0.8,True,0.40727513477081967,0.008854896001139423,1.0,,
4393,4.0,10,ICM,0.85,True,0.35313320283268146,0.0097117139994225,1.0,,
4393,4.0,10,ICM,0.9,True,0.2989912707686632,0.010248357999444124,1.0,0.0,-0.30514366614080224
4393,4.0,10,ICM,0.95,True,0.24497161638701978,0.011590452999371337,1.0,,
4393,4.0,10,ICM,1.0,True,0.19100145244792982,0.011055593000492081,1.0,,
5070,5.0,10,DCM,0.7,False,,,1.0,,
5070,5.0,10,DCM,0.75,False,,,1.0,,
5070,5.0,10,DCM,0.8,False,,,1.0,,
5070,5.0,10,DCM,0.85,False,,,1.0,,
5070,5.0,10,DCM,0.9,False,,,1.0,,
5070,5.0,10,DCM,0.95,False,,,1.0,,
5070,5.0,10,DCM,1.0,False,,,1.0,,
5070,5.0,10,ICM-noSI,0.7,True,0.5788475865161359,0.013437367000733502,1.0,,
5070,5.0,10,ICM-noSI,0.75,True,0.5287123624509622,0.0139039750010852,1.0,,
5070,5.0,10,ICM-noSI,0.8,True,0.4785771383952009,0.014743437001015991,1.0,,
5070,5.0,10,ICM-noSI,0.85,True,0.4284419135087311,0.014856313000564114,1.0,,
5070,5.0,10,ICM-noSI,0.9,True,0.378306687596778,0.01635596699998132,1.0,0.0,-0.2820176953690475
5070,5.0,10,ICM-noSI,0.95,True,0.3281714666077314,0.01883110500057228,1.0,,
5070,5.0,10,ICM-noSI,1.0,True,0.2794062569643169,0.01867289900110336,1.0,,
5070,5.0,10,ICM,0.7,True,0.6158402704724185,0.009205047001159983,1.0,,
5070,5.0,10,ICM,0.75,True,0.565953753562721,0.008826265000607236,1.0,,
5070,5.0,10,ICM,0.8,True,0.5160672360983711,0.00865605600120034,1.0,,
5070,5.0,10,ICM,0.85,True,0.4661807254157796,0.00917088300047908,1.0,,
5070,5.0,10,ICM,0.9,True,0.41629420892080304,0.009378345999721205,1.0,0.0,-0.31019857097754744
5070,5.0,10,ICM,0.95,True,0.36640769236782117,0.010604728000544128,1.0,,
5070,5.0,10,ICM,1.0,True,0.3165211755618629,0.009684456999821123,1.0,,
5087,5.0,10,DCM,0.7,False,,,1.0,,
5087,5.0,10,DCM,0.75,False,,,1.0,,
5087,5.0,10,DCM,0.8,False,,,1.0,,
5087,5.0,10,DCM,0.85,False,,,1.0,,
5087,5.0,10,DCM,0.9,False,,,1.0,,
5087,5.0,10,DCM,0.95,False,,,1.0,,
5087,5.0,10,DCM,1.0,False,,,1.0,,
5087,5.0,10,ICM-noSI,0.7,True,0.5678373366216483,0.010045731998616247,1.0,,
5087,5.0,10,ICM-noSI,0.75,True,0.508649016314644,0.009672894000686938,1.0,,
5087,5.0,10,ICM-noSI,0.8,True,0.44946069605910083,0.010330627999792341,1.0,,
5087,5.0,10,ICM-noSI,0.85,True,0.3902723758915004,0.009212033999574487,1.0,,
5087,5.0,10,ICM-noSI,0.9,True,0.3310840551707592,0.009034508000695496,1.0,0.0,-0.2500325286884164
5087,5.0,10,ICM-noSI,0.95,True,0.27189572028995396,0.009996277998652658,1.0,,
5087,5.0,10,ICM-noSI,1.0,True,0.21270741546817576,0.01086436399964441,1.0,,
5087,5.0,10,ICM,0.7,True,0.7105336649166443,0.014297130999693763,1.0,,
5087,5.0,10,ICM,0.75,True,0.6578063663364717,0.014738591999048367,1.0,,
5087,5.0,10,ICM,0.8,True,0.6050790646041287,0.013400121999438852,1.0,,
5087,5.0,10,ICM,0.85,True,0.5523517523672996,0.013631656000143266,1.0,,
5087,5.0,10,ICM,0.9,True,0.4996244676888037,0.014791838999371976,1.0,0.0,-0.40310091116447855
5087,5.0,10,ICM,0.95,True,0.44689716630101345,0.015867268999500084,1.0,,
5087,5.0,10,ICM,1.0,True,0.39416986419496125,0.015519584001594922,1.0,,
5104,5.0,10,DCM,0.7,False,,,1.0,,
5104,5.0,10,DCM,0.75,False,,,1.0,,
5104,5.0,10,DCM,0.8,False,,,1.0,,
5104,5.0,10,DCM,0.85,False,,,1.0,,
5104,5.0,10,DCM,0.9,False,,,1.0,,
5104,5.0,10,DCM,0.95,False,,,1.0,,
5104,5.0,10,DCM,1.0,False,,,1.0,,
5104,5.0,10,ICM-noSI,0.7,True,0.4833177364981678,0.013305968001077417,1.0,,
5104,5.0,10,ICM-noSI,0.75,True,0.43519221488214205,0.01494237499900919,1.0,,
5104,5.0,10,ICM-noSI,0.8,True,0.38706669211639816,0.01288086100066721,1.0,,
5104,5.0,10,ICM-noSI,0.85,True,0.3389411685440014,0.01305774700085749,1.0,,
5104,5.0,10,ICM-noSI,0.9,True,0.29081564802425336,0.012931728999319603,1.0,0.0,-0.25423712499180084
5104,5.0,10,ICM-noSI,0.95,True,0.2426901289014246,0.013387756000156514,1.0,,
5104,5.0,10,ICM-noSI,1.0,True,0.19504459945753397,0.01277706600012607,1.0,,
5104,5.0,10,ICM,0.7,True,0.5938027115126896,0.009978787000363809,1.0,,
5104,5.0,10,ICM,0.75,True,0.5397349873828408,0.00946625500000664,1.0,,
5104,5.0,10,ICM,0.8,True,0.48566724976531744,0.009577318000083324,1.0,,
5104,5.0,10,ICM,0.85,True,0.4315995439437537,0.009912407000228995,1.0,,
5104,5.0,10,ICM,0.9,True,0.37753182069134805,0.011364116000549984,1.0,0.0,-0.29961823574451063
5104,5.0,10,ICM,0.95,True,0.3234640858966992,0.009478584999669692,1.0,,
5104,5.0,10,ICM,1.0,True,0.2695697114081333,0.009409005999259534,1.0,,
5121,5.0,10,DCM,0.7,False,,,1.0,,
5121,5.0,10,DCM,0.75,False,,,1.0,,
5121,5.0,10,DCM,0.8,False,,,1.0,,
5121,5.0,10,DCM,0.85,False,,,1.0,,
5121,5.0,10,DCM,0.9,False,,,1.0,,
5121,5.0,10,DCM,0.95,False,,,1.0,,
5121,5.0,10,DCM,1.0,False,,,1.0,,
5121,5.0,10,ICM-noSI,0.7,True,0.34004960050944344,0.016588952999882167,1.0,,
5121,5.0,10,ICM-noSI,0.75,True,0.2843393666121139,0.0177871989999403,1.0,,
5121,5.0,10,ICM-noSI,0.8,True,0.22862913287030862,0.018133665000277688,1.0,,
5121,5.0,10,ICM-noSI,0.85,True,0.17400446857842417,0.014186149999659392,1.0,,
5121,5.0,10,ICM-noSI,0.9,True,0.12434286083980076,0.013326904001587536,1.0,0.0,-0.19206920283767148
5121,5.0,10,ICM-noSI,0.95,True,0.08727977346832998,0.013584692000222276,1.0,,
5121,5.0,10,ICM-noSI,1.0,True,0.05524977704141105,0.01411643100072979,1.0,,
5121,5.0,10,ICM,0.7,True,0.6429053264974643,0.016264588999547414,1.0,,
5121,5.0,10,ICM,0.75,True,0.5942396263809826,0.01739592900048592,1.0,,
5121,5.0,10,ICM,0.8,True,0.5455739233909471,0.017111794000811642,1.0,,
5121,5.0,10,ICM,0.85,True,0.49690822403132623,0.01637585000025865,1.0,,
5121,5.0,10,ICM,0.9,True,0.44824252147015325,0.016260340000371798,1.0,0.0,-0.3038860791357406
5121,5.0,10,ICM,0.95,True,0.3995768188330169,0.013847767999322969,1.0,,
5121,5.0,10,ICM,1.0,True,0.3509111163939721,0.013962259999971138,1.0,,
5138,5.0,10,DCM,0.7,False,,,1.0,,
5138,5.0,10,DCM,0.75,False,,,1.0,,
5138,5.0,10,DCM,0.8,False,,,1.0,,
5138,5.0,10,DCM,0.85,False,,,1.0,,
5138,5.0,10,DCM,0.9,False,,,1.0,,
5138,5.0,10,DCM,0.95,False,,,1.0,,
5138,5.0,10,DCM,1.0,False,,,1.0,,
5138,5.0,10,ICM-noSI,0.7,True,0.4620857953941821,0.014550513000358478,1.0,,
5138,5.0,10,ICM-noSI,0.75,True,0.4086240253775466,0.013682556000276236,1.0,,
5138,5.0,10,ICM-noSI,0.8,True,0.3551622530420787,0.013331770000149845,1.0,,
5138,5.0,10,ICM-noSI,0.85,True,0.30170048830901974,0.01487420800003747,1.0,,
5138,5.0,10,ICM-noSI,0.9,True,0.2482387146461559,0.013872286999685457,1.0,0.0,-0.25676542349353326
5138,5.0,10,ICM-noSI,0.95,True,0.19477694182136326,0.014480902000286733,1.0,,
5138,5.0,10,ICM-noSI,1.0,True,0.14393604859732737,0.015451467001184938,1.0,,
5138,5.0,10,ICM,0.7,True,0.6053493803559943,0.014040242000191938,1.0,,
5138,5.0,10,ICM,0.75,True,0.5574085615576504,0.013508679001461132,1.0,,
5138,5.0,10,ICM,0.8,True,0.5094677442379089,0.013778085000012652,1.0,,
5138,5.0,10,ICM,0.85,True,0.461526915319592,0.015400539999973262,1.0,,
5138,5.0,10,ICM,0.9,True,0.41358611062854583,0.013696181998966495,1.0,0.0,-0.3400655510739411
5138,5.0,10,ICM,0.95,True,0.3656452903346988,0.013178044000596856,1.0,,
5138,5.0,10,ICM,1.0,True,0.3177044695670425,0.01270367899996927,1.0,,
5155,5.0,10,DCM,0.7,False,,,1.0,,
5155,5.0,10,DCM,0.75,False,,,1.0,,
5155,5.0,10,DCM,0.8,False,,,1.0,,
5155,5.0,10,DCM,0.85,False,,,1.0,,
5155,5.0,10,DCM,0.9,False,,,1.0,,
5155,5.0,10,DCM,0.95,False,,,1.0,,
5155,5.0,10,DCM,1.0,False,,,1.0,,
5155,5.0,10,ICM-noSI,0.7,True,0.8433733573651762,0.009644205998483812,1.0,,
5155,5.0,10,ICM-noSI,0.75,True,0.8079937968414518,0.010409342001366895,1.0,,
5155,5.0,10,ICM-noSI,0.8,True,0.7726142357062132,0.009336008999525802,1.0,,
5155,5.0,10,ICM-noSI,0.85,True,0.737234674087999,0.008726051999474294,1.0,,
5155,5.0,10,ICM-noSI,0.9,True,0.701855111637593,0.008746433999476722,1.0,0.0,-0.6143946538561947
5155,5.0,10,ICM-noSI,0.95,True,0.6664755491518902,0.008798681999905966,1.0,,
5155,5.0,10,ICM-noSI,1.0,True,0.6310959866784005,0.009431174999917857,1.0,,
5155,5.0,10,ICM,0.7,True,0.6230409084481408,0.020225996000590385,1.0,,
5155,5.0,10,ICM,0.75,True,0.5717789030530009,0.01993297899934987,1.0,,
5155,5.0,10,ICM,0.8,True,0.5205168965957202,0.02017855799931567,1.0,,
5155,5.0,10,ICM,0.85,True,0.4692548897169419,0.0205930209995131,1.0,,
5155,5.0,10,ICM,0.9,True,0.41799288254307726,0.020047301999511546,1.0,0.0,-0.38339339163371855
5155,5.0,10,ICM,0.95,True,0.36673087539814647,0.01981602999876486,1.0,,
5155,5.0,10,ICM,1.0,True,0.3154688696903561,0.018682367001019884,1.0,,
5172,5.0,10,DCM,0.7,False,,,1.0,,
5172,5.0,10,DCM,0.75,False,,,1.0,,
5172,5.0,10,DCM,0.8,False,,,1.0,,
5172,5.0,10,DCM,0.85,False,,,1.0,,
5172,5.0,10,DCM,0.9,False,,,1.0,,
5172,5.0,10,DCM,0.95,False,,,1.0,,
5172,5.0,10,DCM,1.0,False,,,1.0,,
5172,5.0,10,ICM-noSI,0.7,True,0.5809890947727976,0.012385373000142863,1.0,,
5172,5.0,10,ICM-noSI,0.75,True,0.5359769604065848,0.013071587000013096,1.0,,
5172,5.0,10,ICM-noSI,0.8,True,0.4909648262083461,0.011659220001092763,1.0,,
5172,5.0,10,ICM-noSI,0.85,True,0.44595269179951624,0.011687367999911658,1.0,,
5172,5.0,10,ICM-noSI,0.9,True,0.4009405566555046,0.01203643300141266,1.0,0.0,-0.4294799498885684
5172,5.0,10,ICM-noSI,0.95,True,0.3559284217389327,0.012629146000108449,1.0,,
5172,5.0,10,ICM-noSI,1.0,True,0.3109162867275682,0.011868486000821576,1.0,,
5172,5.0,10,ICM,0.7,True,0.6183113801663466,0.011931770999581204,1.0,,
5172,5.0,10,ICM,0.75,True,0.5659524417303203,0.009812981999857584,1.0,,
5172,5.0,10,ICM,0.8,True,0.5135935018862604,0.009509317000265582,1.0,,
5172,5.0,10,ICM,0.85,True,0.46123455621520204,0.00911086499945668,1.0,,
5172,5.0,10,ICM,0.9,True,0.4088756138128505,0.008576259000619757,1.0,0.0,-0.43038919669255105
5172,5.0,10,ICM,0.95,True,0.35651668820893934,0.00889099899904977,1.0,,
5172,5.0,10,ICM,1.0,True,0.304157749400745,0.009485777000008966,1.0,,
5189,5.0,10,DCM,0.7,False,,,1.0,,
5189,5.0,10,DCM,0.75,False,,,1.0,,
5189,5.0,10,DCM,0.8,False,,,1.0,,
5189,5.0,10,DCM,0.85,False,,,1.0,,
5189,5.0,10,DCM,0.9,False,,,1.0,,
5189,5.0,10,DCM,0.95,False,,,1.0,,
5189,5.0,10,DCM,1.0,False,,,1.0,,
5189,5.0,10,ICM-noSI,0.7,True,0.4979221684002042,0.008429809000517707,1.0,,
5189,5.0,10,ICM-noSI,0.75,True,0.44753563277480535,0.009630639000533847,1.0,,
5189,5.0,10,ICM-noSI,0.8,True,0.397149094467336,0.010112075999131775,1.0,,
5189,5.0,10,ICM-noSI,0.85,True,0.34676255827205543,0.010319230999812135,1.0,,
5189,5.0,10,ICM-noSI,0.9,True,0.2963760240851438,0.013068403999568545,1.0,0.0,-0.2969384542041824
5189,5.0,10,ICM-noSI,0.95,True,0.24780111697611007,0.013828746999934083,1.0,,
5189,5.0,10,ICM-noSI,1.0,True,0.20297861869216816,0.013631378000354744,1.0,,
5189,5.0,10,ICM,0.7,True,0.6367893910807345,0.015511759998844354,1.0,,
5189,5.0,10,ICM,0.75,True,0.5877571096282899,0.014495165998596349,1.0,,
5189,5.0,10,ICM,0.8,True,0.5387248269757652,0.01567903500108514,1.0,,
5189,5.0,10,ICM,0.85,True,0.48969254904982995,0.015521088000241434,1.0,,
5189,5.0,10,ICM,0.9,True,0.44066026745541487,0.015045095000459696,1.0,0.0,-0.2980810698860854
5189,5.0,10,ICM,0.95,True,0.3916279856086094,0.014827662000243436,1.0,,
5189,5.0,10,ICM,1.0,True,0.34259570407467493,0.014413208000405575,1.0,,
5206,5.0,10,DCM,0.7,False,,,1.0,,
5206,5.0,10,DCM,0.75,False,,,1.0,,
5206,5.0,10,DCM,0.8,False,,,1.0,,
5206,5.0,10,DCM,0.85,False,,,1.0,,
5206,5.0,10,DCM,0.9,False,,,1.0,,
5206,5.0,10,DCM,0.95,False,,,1.0,,
5206,5.0,10,DCM,1.0,False,,,1.0,,
5206,5.0,10,ICM-noSI,0.7,True,0.5122600573206852,0.014009522999913315,1.0,,
5206,5.0,10,ICM-noSI,0.75,True,0.46089204372321013,0.012434619000487146,1.0,,
5206,5.0,10,ICM-noSI,0.8,True,0.40952403042973734,0.011747399999876507,1.0,,
5206,5.0,10,ICM-noSI,0.85,True,0.3581560099089196,0.011490961000163225,1.0,,
5206,5.0,10,ICM-noSI,0.9,True,0.3067880031115347,0.01077300799988734,1.0,0.0,-0.28948128526257144
5206,5.0,10,ICM-noSI,0.95,True,0.2563026484600201,0.010491848999663489,1.0,,
5206,5.0,10,ICM-noSI,1.0,True,0.2063885587065719,0.009197739998853649,1.0,,
5206,5.0,10,ICM,0.7,True,0.5380999493989633,0.009321485000327812,1.0,,
5206,5.0,10,ICM,0.75,True,0.4847186927485683,0.008896301000277163,1.0,,
5206,5.0,10,ICM,0.8,True,0.4313374358986887,0.00975026599917328,1.0,,
5206,5.0,10,ICM,0.85,True,0.37795617858048053,0.00971089400081837,1.0,,
5206,5.0,10,ICM,0.9,True,0.32457492082909783,0.009951193998858798,1.0,0.0,-0.42805736622183643
5206,5.0,10,ICM,0.95,True,0.27119366296087016,0.009288754001318011,1.0,,
5206,5.0,10,ICM,1.0,True,0.2178124059433496,0.008576185000492842,1.0,,
5223,5.0,10,DCM,0.7,False,,,1.0,,
5223,5.0,10,DCM,0.75,False,,,1.0,,
5223,5.0,10,DCM,0.8,False,,,1.0,,
5223,5.0,10,DCM,0.85,False,,,1.0,,
5223,5.0,10,DCM,0.9,False,,,1.0,,
5223,5.0,10,DCM,0.95,False,,,1.0,,
5223,5.0,10,DCM,1.0,False,,,1.0,,
5223,5.0,10,ICM-noSI,0.7,True,0.4201114012592688,0.02082650900047156,1.0,,
5223,5.0,10,ICM-noSI,0.75,True,0.365170153022585,0.02111592999972345,1.0,,
5223,5.0,10,ICM-noSI,0.8,True,0.3102289055561164,0.021081938999486738,1.0,,
5223,5.0,10,ICM-noSI,0.85,True,0.2552876468721415,0.021091775999593665,1.0,,
5223,5.0,10,ICM-noSI,0.9,True,0.200346403336081,0.0214902540010371,1.0,0.0,-0.15333190821236053
5223,5.0,10,ICM-noSI,0.95,True,0.14921607160770406,0.021817862998432247,1.0,,
5223,5.0,10,ICM-noSI,1.0,True,0.09933286102450818,0.021751416999904905,1.0,,
5223,5.0,10,ICM,0.7,True,0.5046558569902775,0.01426082000034512,1.0,,
5223,5.0,10,ICM,0.75,True,0.45090648773836073,0.013976625999930548,1.0,,
5223,5.0,10,ICM,0.8,True,0.39715711165777173,0.012692315000094823,1.0,,
5223,5.0,10,ICM,0.85,True,0.3434077356992353,0.01254154600064794,1.0,,
5223,5.0,10,ICM,0.9,True,0.2896583592491508,0.012694929000645061,1.0,0.0,-0.22700300892265113
5223,5.0,10,ICM,0.95,True,0.23592696255442003,0.011119595999844023,1.0,,
5223,5.0,10,ICM,1.0,True,0.18238344617506547,0.009702727000330924,1.0,,
5240,5.0,10,DCM,0.7,False,,,1.0,,
5240,5.0,10,DCM,0.75,False,,,1.0,,
5240,5.0,10,DCM,0.8,False,,,1.0,,
5240,5.0,10,DCM,0.85,False,,,1.0,,
5240,5.0,10,DCM,0.9,False,,,1.0,,
5240,5.0,10,DCM,0.95,False,,,1.0,,
5240,5.0,10,DCM,1.0,False,,,1.0,,
5240,5.0,10,ICM-noSI,0.7,True,0.4422568513383272,0.009590105999450316,1.0,,
5240,5.0,10,ICM-noSI,0.75,True,0.39112486188221385,0.009168349000901799,1.0,,
5240,5.0,10,ICM-noSI,0.8,True,0.33999287357300345,0.009048534000612563,1.0,,
5240,5.0,10,ICM-noSI,0.85,True,0.28886088514936026,0.008708545999979833,1.0,,
5240,5.0,10,ICM-noSI,0.9,True,0.2377288969678553,0.008605893999629188,1.0,0.0,-0.3358612281698453
5240,5.0,10,ICM-noSI,0.95,True,0.18659690737658996,0.009394493999934639,1.0,,
5240,5.0,10,ICM-noSI,1.0,True,0.13546491821113826,0.00933022500066727,1.0,,
5240,5.0,10,ICM,0.7,False,,,1.0,,
5240,5.0,10,ICM,0.75,False,,,1.0,,
5240,5.0,10,ICM,0.8,False,,,1.0,,
5240,5.0,10,ICM,0.85,False,,,1.0,,
5240,5.0,10,ICM,0.9,False,,,1.0,,
5240,5.0,10,ICM,0.95,False,,,1.0,,
5240,5.0,10,ICM,1.0,False,,,1.0,,
5257,5.0,10,DCM,0.7,False,,,1.0,,
5257,5.0,10,DCM,0.75,False,,,1.0,,
5257,5.0,10,DCM,0.8,False,,,1.0,,
5257,5.0,10,DCM,0.85,False,,,1.0,,
5257,5.0,10,DCM,0.9,False,,,1.0,,
5257,5.0,10,DCM,0.95,False,,,1.0,,
5257,5.0,10,DCM,1.0,False,,,1.0,,
5257,5.0,10,ICM-noSI,0.7,True,0.523325297835772,0.013283029999001883,1.0,,
5257,5.0,10,ICM-noSI,0.75,True,0.4756989442569706,0.013206784000431071,1.0,,
5257,5.0,10,ICM-noSI,0.8,True,0.42807259058174724,0.01448710800104891,1.0,,
5257,5.0,10,ICM-noSI,0.85,True,0.3804462358114738,0.013791442999718129,1.0,,
5257,5.0,10,ICM-noSI,0.9,True,0.33281988890743575,0.013777309000943205,1.0,0.0,-0.3062932297055041
5257,5.0,10,ICM-noSI,0.95,True,0.28519353566338884,0.013324326999281766,1.0,,
5257,5.0,10,ICM-noSI,1.0,True,0.2375671769642529,0.012890861000414588,1.0,,
5257,5.0,10,ICM,0.7,True,0.5271660644240372,0.014557783000782365,1.0,,
5257,5.0,10,ICM,0.75,True,0.47810960042678535,0.0148128729997552,1.0,,
5257,5.0,10,ICM,0.8,True,0.42905313434807024,0.014293698000983568,1.0,,
5257,5.0,10,ICM,0.85,True,0.37999666946393235,0.013515343998733442,1.0,,
5257,5.0,10,ICM,0.9,True,0.33094020534417895,0.015061519001392298,1.0,0.0,-0.30475614926357486
5257,5.0,10,ICM,0.95,True,0.28188375485215916,0.01842914699955145,1.0,,
5257,5.0,10,ICM,1.0,True,0.23282729251707296,0.01658414000121411,1.0,,
5274,5.0,10,DCM,0.7,False,,,1.0,,
5274,5.0,10,DCM,0.75,False,,,1.0,,
5274,5.0,10,DCM,0.8,False,,,1.0,,
5274,5.0,10,DCM,0.85,False,,,1.0,,
5274,5.0,10,DCM,0.9,False,,,1.0,,
5274,5.0,10,DCM,0.95,False,,,1.0,,
5274,5.0,10,DCM,1.0,False,,,1.0,,
5274,5.0,10,ICM-noSI,0.7,True,0.47047507464111726,0.009568637999109342,1.0,,
5274,5.0,10,ICM-noSI,0.75,True,0.41639449795058214,0.009119357000599848,1.0,,
5274,5.0,10,ICM-noSI,0.8,True,0.36231392208591257,0.010277163999489858,1.0,,
5274,5.0,10,ICM-noSI,0.85,True,0.3082333432450827,0.009859902998869075,1.0,,
5274,5.0,10,ICM-noSI,0.9,True,0.25455745347857905,0.009016743999382015,1.0,0.0,-0.2236933932340447
5274,5.0,10,ICM-noSI,0.95,True,0.2045928777379579,0.009132344001045567,1.0,,
5274,5.0,10,ICM-noSI,1.0,True,0.15462830887285617,0.008833930998662254,1.0,,
5274,5.0,10,ICM,0.7,True,0.6765562033067261,0.012960099998963415,1.0,,
5274,5.0,10,ICM,0.75,True,0.6239411008126334,0.014176418000715785,1.0,,
5274,5.0,10,ICM,0.8,True,0.5713259979470333,0.012966981999852578,1.0,,
5274,5.0,10,ICM,0.85,True,0.5187108948489898,0.012862901001426508,1.0,,
5274,5.0,10,ICM,0.9,True,0.4660957801380882,0.01330121200044232,1.0,0.0,-0.407516963114572
5274,5.0,10,ICM,0.95,True,0.4134806898720723,0.012787757999831229,1.0,,
5274,5.0,10,ICM,1.0,True,0.3608991231869025,0.013505292999980156,1.0,,
5291,5.0,10,DCM,0.7,False,,,1.0,,
5291,5.0,10,DCM,0.75,False,,,1.0,,
5291,5.0,10,DCM,0.8,False,,,1.0,,
5291,5.0,10,DCM,0.85,False,,,1.0,,
5291,5.0,10,DCM,0.9,False,,,1.0,,
5291,5.0,10,DCM,0.95,False,,,1.0,,
5291,5.0,10,DCM,1.0,False,,,1.0,,
5291,5.0,10,ICM-noSI,0.7,True,0.5262492513090594,0.01300910400095745,1.0,,
5291,5.0,10,ICM-noSI,0.75,True,0.4731313179601782,0.013349581000511535,1.0,,
5291,5.0,10,ICM-noSI,0.8,True,0.42001337066092176,0.01384880899968266,1.0,,
5291,5.0,10,ICM-noSI,0.85,True,0.36689542147746357,0.012740039999698638,1.0,,
5291,5.0,10,ICM-noSI,0.9,True,0.31377747682125917,0.013571421999586164,1.0,0.0,-0.3388522627442022
5291,5.0,10,ICM-noSI,0.95,True,0.2640733162771015,0.013764171999355312,1.0,,
5291,5.0,10,ICM-noSI,1.0,True,0.21463979671445876,0.013659704000019701,1.0,,
5291,5.0,10,ICM,0.7,True,0.5190425627403005,0.010359509000409162,1.0,,
5291,5.0,10,ICM,0.75,True,0.4709772724731926,0.009262695999495918,1.0,,
5291,5.0,10,ICM,0.8,True,0.42291198159311605,0.00859082699935243,1.0,,
5291,5.0,10,ICM,0.85,True,0.37484669111550095,0.009054222000486334,1.0,,
5291,5.0,10,ICM,0.9,True,0.3267814010152117,0.009125957998548984,1.0,0.0,-0.3067889081465478
5291,5.0,10,ICM,0.95,True,0.2787161125097103,0.009785140999156283,1.0,,
5291,5.0,10,ICM,1.0,True,0.23078401888436348,0.009762947000126587,1.0,,
5308,5.0,10,DCM,0.7,False,,,1.0,,
5308,5.0,10,DCM,0.75,False,,,1.0,,
5308,5.0,10,DCM,0.8,False,,,1.0,,
5308,5.0,10,DCM,0.85,False,,,1.0,,
5308,5.0,10,DCM,0.9,False,,,1.0,,
5308,5.0,10,DCM,0.95,False,,,1.0,,
5308,5.0,10,DCM,1.0,False,,,1.0,,
5308,5.0,10,ICM-noSI,0.7,True,0.5361726494436261,0.009303195000029518,1.0,,
5308,5.0,10,ICM-noSI,0.75,True,0.49109683084239525,0.008940465000705444,1.0,,
5308,5.0,10,ICM-noSI,0.8,True,0.44602102978984026,0.009153756000159774,1.0,,
5308,5.0,10,ICM-noSI,0.85,True,0.40094522056849563,0.008957218000432476,1.0,,
5308,5.0,10,ICM-noSI,0.9,True,0.3558694076058295,0.008601120000093943,1.0,0.0,-0.3823146139350114
5308,5.0,10,ICM-noSI,0.95,True,0.3109310622938348,0.010527758999160142,1.0,,
5308,5.0,10,ICM-noSI,1.0,True,0.26624651365890434,0.01117966999845521,1.0,,
5308,5.0,10,ICM,0.7,True,0.7034728512445096,0.013690616000531008,1.0,,
5308,5.0,10,ICM,0.75,True,0.6445612764238964,0.01331360299991502,1.0,,
5308,5.0,10,ICM,0.8,True,0.5856496991910678,0.012684858000284294,1.0,,
5308,5.0,10,ICM,0.85,True,0.5267381255910112,0.012495143000705866,1.0,,
5308,5.0,10,ICM,0.9,True,0.46782654053532385,0.012018989998978213,1.0,0.0,-0.41913020606243157
5308,5.0,10,ICM,0.95,True,0.4089149850780067,0.013586969000243698,1.0,,
5308,5.0,10,ICM,1.0,True,0.35000341075979646,0.013277660000312608,1.0,,
5325,5.0,10,DCM,0.7,False,,,1.0,,
5325,5.0,10,DCM,0.75,False,,,1.0,,
5325,5.0,10,DCM,0.8,False,,,1.0,,
5325,5.0,10,DCM,0.85,False,,,1.0,,
5325,5.0,10,DCM,0.9,False,,,1.0,,
5325,5.0,10,DCM,0.95,False,,,1.0,,
5325,5.0,10,DCM,1.0,False,,,1.0,,
5325,5.0,10,ICM-noSI,0.7,True,0.49359832367535245,0.015278886998203234,1.0,,
5325,5.0,10,ICM-noSI,0.75,True,0.44692025373104244,0.0143846589999157,1.0,,
5325,5.0,10,ICM-noSI,0.8,True,0.4002421839040391,0.013574418999269255,1.0,,
5325,5.0,10,ICM-noSI,0.85,True,0.35356411346185596,0.01460430999941309,1.0,,
5325,5.0,10,ICM-noSI,0.9,True,0.30688604420815135,0.01392983000005188,1.0,0.0,-0.36139820929854005
5325,5.0,10,ICM-noSI,0.95,True,0.2602079728677275,0.011132478000945412,1.0,,
5325,5.0,10,ICM-noSI,1.0,True,0.21352990461435598,0.010260744000333943,1.0,,
5325,5.0,10,ICM,0.7,True,0.4914238914193349,0.009931222000886919,1.0,,
5325,5.0,10,ICM,0.75,True,0.4417012674804377,0.00987516900022456,1.0,,
5325,5.0,10,ICM,0.8,True,0.39197866212720067,0.009733029000926763,1.0,,
5325,5.0,10,ICM,0.85,True,0.34225602453590426,0.009055124999576947,1.0,,
5325,5.0,10,ICM,0.9,True,0.2925334176204607,0.008737198999369866,1.0,0.0,-0.29625388818693454
5325,5.0,10,ICM,0.95,True,0.24283838334424318,0.008626782000646926,1.0,,
5325,5.0,10,ICM,1.0,True,0.1933445470535181,0.00942889100042521,1.0,,
5342,5.0,10,DCM,0.7,False,,,1.0,,
5342,5.0,10,DCM,0.75,False,,,1.0,,
5342,5.0,10,DCM,0.8,False,,,1.0,,
5342,5.0,10,DCM,0.85,False,,,1.0,,
5342,5.0,10,DCM,0.9,False,,,1.0,,
5342,5.0,10,DCM,0.95,False,,,1.0,,
5342,5.0,10,DCM,1.0,False,,,1.0,,
5342,5.0,10,ICM-noSI,0.7,True,0.4948129828930166,0.01945746599994891,1.0,,
5342,5.0,10,ICM-noSI,0.75,True,0.4345814505646726,0.01819022900053824,1.0,,
5342,5.0,10,ICM-noSI,0.8,True,0.37434991841835036,0.015161376999458298,1.0,,
5342,5.0,10,ICM-noSI,0.85,True,0.31411838294713684,0.01466349799920863,1.0,,
5342,5.0,10,ICM-noSI,0.9,True,0.2645216001873257,0.01394480300041323,1.0,0.0,-0.2661201890226572
5342,5.0,10,ICM-noSI,0.95,True,0.22005561457320902,0.013565426001150627,1.0,,
5342,5.0,10,ICM-noSI,1.0,True,0.1755896241320856,0.016268760999082588,1.0,,
5342,5.0,10,ICM,0.7,True,0.5512989032572911,0.016233868000199436,1.0,,
5342,5.0,10,ICM,0.75,True,0.5034468614914427,0.016529321001144126,1.0,,
5342,5.0,10,ICM,0.8,True,0.4555948194554421,0.015883777999988524,1.0,,
5342,5.0,10,ICM,0.85,True,0.4077427682709323,0.0169573359999049,1.0,,
5342,5.0,10,ICM,0.9,True,0.35989073996932236,0.015226366000206326,1.0,0.0,-0.3533794293853716
5342,5.0,10,ICM,0.95,True,0.3120386989768462,0.014646432999143144,1.0,,
5342,5.0,10,ICM,1.0,True,0.26425232885141664,0.0139808929998253,1.0,,
5359,5.0,10,DCM,0.7,False,,,1.0,,
5359,5.0,10,DCM,0.75,False,,,1.0,,
5359,5.0,10,DCM,0.8,False,,,1.0,,
5359,5.0,10,DCM,0.85,False,,,1.0,,
5359,5.0,10,DCM,0.9,False,,,1.0,,
5359,5.0,10,DCM,0.95,False,,,1.0,,
5359,5.0,10,DCM,1.0,False,,,1.0,,
5359,5.0,10,ICM-noSI,0.7,True,0.572522029115779,0.009824631999435951,1.0,,
5359,5.0,10,ICM-noSI,0.75,True,0.520545125830128,0.009793257999263005,1.0,,
5359,5.0,10,ICM-noSI,0.8,True,0.4685682223940216,0.009432745000594878,1.0,,
5359,5.0,10,ICM-noSI,0.85,True,0.416591314532228,0.009809240998947644,1.0,,
5359,5.0,10,ICM-noSI,0.9,True,0.3646144225247056,0.010092569000335061,1.0,0.0,-0.2733009868631767
5359,5.0,10,ICM-noSI,0.95,True,0.312637518578906,0.010207687000729493,1.0,,
5359,5.0,10,ICM-noSI,1.0,True,0.26136291863067207,0.010133113999472698,1.0,,
5359,5.0,10,ICM,0.7,True,0.5805477453610763,0.012684620000072755,1.0,,
5359,5.0,10,ICM,0.75,True,0.5296181310609843,0.012978594000742305,1.0,,
5359,5.0,10,ICM,0.8,True,0.4786885162310899,0.01328143499995349,1.0,,
5359,5.0,10,ICM,0.85,True,0.4277588981010609,0.01271465300123964,1.0,,
5359,5.0,10,ICM,0.9,True,0.3768292936992729,0.01289465000081691,1.0,0.0,-0.28605933423963903
5359,5.0,10,ICM,0.95,True,0.325899680175408,0.013873988000341342,1.0,,
5359,5.0,10,ICM,1.0,True,0.2749700664360356,0.01263325000036275,1.0,,
5376,5.0,10,DCM,0.7,False,,,1.0,,
5376,5.0,10,DCM,0.75,False,,,1.0,,
5376,5.0,10,DCM,0.8,False,,,1.0,,
5376,5.0,10,DCM,0.85,False,,,1.0,,
5376,5.0,10,DCM,0.9,False,,,1.0,,
5376,5.0,10,DCM,0.95,False,,,1.0,,
5376,5.0,10,DCM,1.0,False,,,1.0,,
5376,5.0,10,ICM-noSI,0.7,True,0.46449250056879604,0.013697243000933668,1.0,,
5376,5.0,10,ICM-noSI,0.75,True,0.41857173467268827,0.01262196599964227,1.0,,
5376,5.0,10,ICM-noSI,0.8,True,0.37265096866260317,0.01099320300090767,1.0,,
5376,5.0,10,ICM-noSI,0.85,True,0.3267302025943338,0.009906193999995594,1.0,,
5376,5.0,10,ICM-noSI,0.9,True,0.28080943614424275,0.010788025998408557,1.0,0.0,-0.25388406247885886
5376,5.0,10,ICM-noSI,0.95,True,0.23488866913794756,0.01051180300055421,1.0,,
5376,5.0,10,ICM-noSI,1.0,True,0.18896790273198377,0.009734397999636712,1.0,,
5376,5.0,10,ICM,0.7,True,0.5538902446780473,0.014523894000376458,1.0,,
5376,5.0,10,ICM,0.75,True,0.5053090091873442,0.013756569000179297,1.0,,
5376,5.0,10,ICM,0.8,True,0.4567277739857713,0.013447851999444538,1.0,,
5376,5.0,10,ICM,0.85,True,0.4081465381300982,0.012843665001128102,1.0,,
5376,5.0,10,ICM,0.9,True,0.359565302458465,0.012833663000492379,1.0,0.0,-0.3167032264409968
5376,5.0,10,ICM,0.95,True,0.3109840678292137,0.013415237999652163,1.0,,
5376,5.0,10,ICM,1.0,True,0.26240283212751575,0.012721217000944307,1.0,,
5393,5.0,10,DCM,0.7,False,,,1.0,,
5393,5.0,10,DCM,0.75,False,,,1.0,,
5393,5.0,10,DCM,0.8,False,,,1.0,,
5393,5.0,10,DCM,0.85,False,,,1.0,,
5393,5.0,10,DCM,0.9,False,,,1.0,,
5393,5.0,10,DCM,0.95,False,,,1.0,,
5393,5.0,10,DCM,1.0,False,,,1.0,,
5393,5.0,10,ICM-noSI,0.7,True,0.4931297040730788,0.01452620900090551,1.0,,
5393,5.0,10,ICM-noSI,0.75,True,0.4338616881093462,0.01287536000018008,1.0,,
5393,5.0,10,ICM-noSI,0.8,True,0.37459367190464166,0.013160514999981388,1.0,,
5393,5.0,10,ICM-noSI,0.85,True,0.31532565510112887,0.013663293999343296,1.0,,
5393,5.0,10,ICM-noSI,0.9,True,0.2560576393438238,0.014830890999292023,1.0,0.0,-0.22727347425493472
5393,5.0,10,ICM-noSI,0.95,True,0.19678962044617412,0.0196583950000786,1.0,,
5393,5.0,10,ICM-noSI,1.0,True,0.14167620004424394,0.019881876998624648,1.0,,
5393,5.0,10,ICM,0.7,True,0.4848964988648623,0.008772125000177766,1.0,,
5393,5.0,10,ICM,0.75,True,0.42900165153751163,0.05156096400060051,1.0,,
5393,5.0,10,ICM,0.8,True,0.3731068067110294,0.010712212999351323,1.0,,
5393,5.0,10,ICM,0.85,True,0.3172119594118203,0.010154911999052274,1.0,,
5393,5.0,10,ICM,0.9,True,0.26131712290266795,0.009786309999981313,1.0,0.0,-0.2329128942411549
5393,5.0,10,ICM,0.95,True,0.20542227837000515,0.010281864000717178,1.0,,
5393,5.0,10,ICM,1.0,True,0.14971009801694818,0.010503502999199554,1.0,,
1210,1.0,30,DCM,0.7,True,0.5133970339638405,0.009936245000062627,1.0,,
1210,1.0,30,DCM,0.75,True,0.46383629584970204,0.010620949000440305,1.0,,
1210,1.0,30,DCM,0.8,True,0.4142755785140094,0.011840324001241243,1.0,,
1210,1.0,30,DCM,0.85,True,0.3647148449219011,0.01327871099965705,1.0,,
1210,1.0,30,DCM,0.9,True,0.3151541081539279,0.012866102000771207,1.0,0.0,-0.23439651680369122
1210,1.0,30,DCM,0.95,True,0.2655933773006336,0.013520208000045386,1.0,,
1210,1.0,30,DCM,1.0,True,0.21616353795798388,0.018925602000308572,1.0,,
1210,1.0,30,ICM-noSI,0.7,True,0.5235625680031502,0.012955964000866516,1.0,,
1210,1.0,30,ICM-noSI,0.75,True,0.4744434566468693,0.012778648000676185,1.0,,
1210,1.0,30,ICM-noSI,0.8,True,0.42532434592029844,0.012550962999739568,1.0,,
1210,1.0,30,ICM-noSI,0.85,True,0.37620523466557854,0.013353386999369832,1.0,,
1210,1.0,30,ICM-noSI,0.9,True,0.3270861151913382,0.013218400999903679,1.0,0.0,-0.24817806037722911
1210,1.0,30,ICM-noSI,0.95,True,0.27796701212696134,0.013280610999572673,1.0,,
1210,1.0,30,ICM-noSI,1.0,True,0.22886136288627504,0.01467281599980197,1.0,,
1210,1.0,30,ICM,0.7,True,0.5124231414863758,0.009724735999043332,1.0,,
1210,1.0,30,ICM,0.75,True,0.4620245029689243,0.008796521000476787,1.0,,
1210,1.0,30,ICM,0.8,True,0.4116258634306494,0.009031487999891397,1.0,,
1210,1.0,30,ICM,0.85,True,0.36122722207225216,0.008998966999570257,1.0,,
1210,1.0,30,ICM,0.9,True,0.31082857984338397,0.008982964000097127,1.0,0.0,-0.366352866277171
1210,1.0,30,ICM,0.95,True,0.2604299519134924,0.00994330300090951,1.0,,
1210,1.0,30,ICM,1.0,True,0.21003131382890072,0.009796657999686431,1.0,,
1227,1.0,30,DCM,0.7,True,0.5116427367221775,0.01705172200126981,1.0,,
1227,1.0,30,DCM,0.75,True,0.461537805198176,0.016297349999149446,1.0,,
1227,1.0,30,DCM,0.8,True,0.4114328751299507,0.017082559999835212,1.0,,
1227,1.0,30,DCM,0.85,True,0.3613279556429041,0.016983878000246477,1.0,,
1227,1.0,30,DCM,0.9,True,0.3112230247616404,0.016587191999860806,1.0,0.0,-0.2883806485942153
1227,1.0,30,DCM,0.95,True,0.2611180964270954,0.014351483001519227,1.0,,
1227,1.0,30,DCM,1.0,True,0.21116538901284196,0.014415440999073326,1.0,,
1227,1.0,30,ICM-noSI,0.7,True,0.5198707035470888,0.014805712000452331,1.0,,
1227,1.0,30,ICM-noSI,0.75,True,0.46874814709850887,0.012637260999326827,1.0,,
1227,1.0,30,ICM-noSI,0.8,True,0.41762559068642646,0.012683316999755334,1.0,,
1227,1.0,30,ICM-noSI,0.85,True,0.3665030342865723,0.012687727001321036,1.0,,
1227,1.0,30,ICM-noSI,0.9,True,0.31538047786642165,0.014784599001359311,1.0,0.0,-0.2926926357884211
1227,1.0,30,ICM-noSI,0.95,True,0.26425792154554706,0.015199192999716615,1.0,,
1227,1.0,30,ICM-noSI,1.0,True,0.21371932002973015,0.01796356399972865,1.0,,
1227,1.0,30,ICM,0.7,True,0.5302232205998756,0.009083355998882325,1.0,,
1227,1.0,30,ICM,0.75,True,0.478765734719169,0.009231747000740143,1.0,,
1227,1.0,30,ICM,0.8,True,0.42730824679631124,0.009834103999310173,1.0,,
1227,1.0,30,ICM,0.85,True,0.37585076535092743,0.01058590100001311,1.0,,
1227,1.0,30,ICM,0.9,True,0.3243932940518293,0.01039617999958864,1.0,0.0,-0.29966418956990226
1227,1.0,30,ICM,0.95,True,0.27293581236835623,0.009488966999924742,1.0,,
1227,1.0,30,ICM,1.0,True,0.2215554528460705,0.009138767998592812,1.0,,
1244,1.0,30,DCM,0.7,True,0.5080156834625607,0.013594289999673492,1.0,,
1244,1.0,30,DCM,0.75,True,0.45810032000385903,0.014027588000317337,1.0,,
1244,1.0,30,DCM,0.8,True,0.4081849550871103,0.013761599999270402,1.0,,
1244,1.0,30,DCM,0.85,True,0.35826959492065624,0.012779386999682174,1.0,,
1244,1.0,30,DCM,0.9,True,0.3083542269865578,0.01361911399908422,1.0,0.0,-0.26274526556970945
1244,1.0,30,DCM,0.95,True,0.2584388649139584,0.013604002000647597,1.0,,
1244,1.0,30,DCM,1.0,True,0.20866836960691346,0.0126649069989071,1.0,,
1244,1.0,30,ICM-noSI,0.7,True,0.5209577754294447,0.015224828999635065,1.0,,
1244,1.0,30,ICM-noSI,0.75,True,0.46953894195017676,0.013597539000329562,1.0,,
1244,1.0,30,ICM-noSI,0.8,True,0.41812010878391215,0.013378900999668986,1.0,,
1244,1.0,30,ICM-noSI,0.85,True,0.3667012765897631,0.014838012000836898,1.0,,
1244,1.0,30,ICM-noSI,0.9,True,0.31528245301066826,0.018984381998961908,1.0,0.0,-0.26856029894027655
1244,1.0,30,ICM-noSI,0.95,True,0.2638636115890929,0.020386344000144163,1.0,,
1244,1.0,30,ICM-noSI,1.0,True,0.2127059471181881,0.01708624299863004,1.0,,
1244,1.0,30,ICM,0.7,True,0.5219968212592105,0.009327230000053532,1.0,,
1244,1.0,30,ICM,0.75,True,0.47053548115935745,0.010492745999727049,1.0,,
1244,1.0,30,ICM,0.8,True,0.4190741545825527,0.01017872400007036,1.0,,
1244,1.0,30,ICM,0.85,True,0.3676128158879385,0.010602423000818817,1.0,,
1244,1.0,30,ICM,0.9,True,0.3161514755117486,0.010724978999860468,1.0,0.0,-0.26936021513659913
1244,1.0,30,ICM,0.95,True,0.26469013835932304,0.01024420499925327,1.0,,
1244,1.0,30,ICM,1.0,True,0.21331371125179452,0.011469228000350995,1.0,,
1261,1.0,30,DCM,0.7,True,0.506129072133864,0.014704184999573044,1.0,,
1261,1.0,30,DCM,0.75,True,0.45632817023848793,0.013316253000084544,1.0,,
1261,1.0,30,DCM,0.8,True,0.40652726774034115,0.012613123999472009,1.0,,
1261,1.0,30,DCM,0.85,True,0.35672637069699253,0.012841597001170157,1.0,,
1261,1.0,30,DCM,0.9,True,0.3069254698736204,0.013075478000246221,1.0,0.0,-0.3469634405328156
1261,1.0,30,DCM,0.95,True,0.25718178035294953,0.013687799999388517,1.0,,
1261,1.0,30,DCM,1.0,True,0.20744552898662943,0.012314986001001671,1.0,,
1261,1.0,30,ICM-noSI,0.7,True,0.5114567280462528,0.01664137199986726,1.0,,
1261,1.0,30,ICM-noSI,0.75,True,0.4612661043513758,0.015214070999718388,1.0,,
1261,1.0,30,ICM-noSI,0.8,True,0.4110754833841177,0.014470195999820135,1.0,,
1261,1.0,30,ICM-noSI,0.85,True,0.36088486389450547,0.012864498001363245,1.0,,
1261,1.0,30,ICM-noSI,0.9,True,0.3106942406001262,0.012225463999129715,1.0,0.0,-0.3590781089784868
1261,1.0,30,ICM-noSI,0.95,True,0.2605473305619119,0.01674901700062037,1.0,,
1261,1.0,30,ICM-noSI,1.0,True,0.2104256065867393,0.016623634001007304,1.0,,
1261,1.0,30,ICM,0.7,True,0.5140737284925518,0.013423915999737801,1.0,,
1261,1.0,30,ICM,0.75,True,0.4635997073227458,0.01264507300038531,1.0,,
1261,1.0,30,ICM,0.8,True,0.41312568186604803,0.011128959999041399,1.0,,
1261,1.0,30,ICM,0.85,True,0.3626516651465974,0.0104253659992537,1.0,,
1261,1.0,30,ICM,0.9,True,0.31217764755158817,0.01198131399905833,1.0,0.0,-0.3590885149437574
1261,1.0,30,ICM,0.95,True,0.26177147501856585,0.014056977999644005,1.0,,
1261,1.0,30,ICM,1.0,True,0.21145185229330488,0.015379126998595893,1.0,,
1278,1.0,30,DCM,0.7,True,0.485249030322487,0.015343210001447005,1.0,,
1278,1.0,30,DCM,0.75,True,0.435244208447261,0.014140366998617537,1.0,,
1278,1.0,30,DCM,0.8,True,0.3852393945678583,0.01410270400083391,1.0,,
1278,1.0,30,DCM,0.85,True,0.33523455932842994,0.014398050001545926,1.0,,
1278,1.0,30,DCM,0.9,True,0.28524050774226406,0.014438726000662427,1.0,0.0,-0.24473722586352797
1278,1.0,30,DCM,0.95,True,0.23543331426125363,0.01522084699900006,1.0,,
1278,1.0,30,DCM,1.0,True,0.18592987241216388,0.015222156000163523,1.0,,
1278,1.0,30,ICM-noSI,0.7,True,0.506346455544625,0.009427504999621306,1.0,,
1278,1.0,30,ICM-noSI,0.75,True,0.4549054041273754,0.00894087300002866,1.0,,
1278,1.0,30,ICM-noSI,0.8,True,0.4034643527857642,0.009599496001101215,1.0,,
1278,1.0,30,ICM-noSI,0.85,True,0.35202330092039025,0.009794915000384208,1.0,,
1278,1.0,30,ICM-noSI,0.9,True,0.3005822445387047,0.009975908998967498,1.0,0.0,-0.25248557033732133
1278,1.0,30,ICM-noSI,0.95,True,0.2497103419063164,0.009621315000913455,1.0,,
1278,1.0,30,ICM-noSI,1.0,True,0.19955373710645638,0.009218002000125125,1.0,,
1278,1.0,30,ICM,0.7,True,0.5242461716113326,0.010043915999631281,1.0,,
1278,1.0,30,ICM,0.75,True,0.4733392928190497,0.010419527001431561,1.0,,
1278,1.0,30,ICM,0.8,True,0.4224324120444338,0.01177219800047169,1.0,,
1278,1.0,30,ICM,0.85,True,0.37152552927412896,0.011650159000055282,1.0,,
1278,1.0,30,ICM,0.9,True,0.3206186580249812,0.01107886700083327,1.0,0.0,-0.2533869040394998
1278,1.0,30,ICM,0.95,True,0.26979882676834027,0.011961545000303886,1.0,,
1278,1.0,30,ICM,1.0,True,0.21913457588669513,0.013277834001200972,1.0,,
1295,1.0,30,DCM,0.7,True,0.506574017363325,0.01603643400085275,1.0,,
1295,1.0,30,DCM,0.75,True,0.4563941717636245,0.014344880000862759,1.0,,
1295,1.0,30,DCM,0.8,True,0.4062143262513842,0.013834137998856022,1.0,,
1295,1.0,30,DCM,0.85,True,0.35603447937600347,0.013873806999981753,1.0,,
1295,1.0,30,DCM,0.9,True,0.3058546351795471,0.013599961001091287,1.0,0.0,-0.3328801351377906
1295,1.0,30,DCM,0.95,True,0.25605547219197633,0.013113510000039241,1.0,,
1295,1.0,30,DCM,1.0,True,0.20653325691468974,0.01694760299869813,1.0,,
1295,1.0,30,ICM-noSI,0.7,True,0.5031324444944062,0.009234309000021312,1.0,,
1295,1.0,30,ICM-noSI,0.75,True,0.4528130475441106,0.008760597000218695,1.0,,
1295,1.0,30,ICM-noSI,0.8,True,0.4024936719778385,0.009052507999513182,1.0,,
1295,1.0,30,ICM-noSI,0.85,True,0.35217428129371914,0.00934942999992927,1.0,,
1295,1.0,30,ICM-noSI,0.9,True,0.3018548902474717,0.009459445000175037,1.0,0.0,-0.33970361600507126
1295,1.0,30,ICM-noSI,0.95,True,0.2515355001395963,0.009329517999503878,1.0,,
1295,1.0,30,ICM-noSI,1.0,True,0.20152709898277163,0.009546788000079687,1.0,,
1295,1.0,30,ICM,0.7,True,0.5031575576346046,0.010768801999802236,1.0,,
1295,1.0,30,ICM,0.75,True,0.4529799377849261,0.010880738000196288,1.0,,
1295,1.0,30,ICM,0.8,True,0.4028023178746917,0.009174236000035307,1.0,,
1295,1.0,30,ICM,0.85,True,0.3526246997422267,0.008702340001036646,1.0,,
1295,1.0,30,ICM,0.9,True,0.3024470794739522,0.009131574001003173,1.0,0.0,-0.3538382906190892
1295,1.0,30,ICM,0.95,True,0.25226946258847516,0.009214495999913197,1.0,,
1295,1.0,30,ICM,1.0,True,0.20219888985785214,0.009673439999460243,1.0,,
1312,1.0,30,DCM,0.7,True,0.506304902381917,0.0138301719998708,1.0,,
1312,1.0,30,DCM,0.75,True,0.45654950859731647,0.014453198000410339,1.0,,
1312,1.0,30,DCM,0.8,True,0.4067941149503519,0.013373002000662382,1.0,,
1312,1.0,30,DCM,0.85,True,0.35703872140562526,0.013708725999094895,1.0,,
1312,1.0,30,DCM,0.9,True,0.3072833279478,0.013420151999525842,1.0,0.0,-0.3024210183608138
1312,1.0,30,DCM,0.95,True,0.25752793472354873,0.01319379600136017,1.0,,
1312,1.0,30,DCM,1.0,True,0.20809480387129703,0.015154710001297644,1.0,,
1312,1.0,30,ICM-noSI,0.7,True,0.4994635362512416,0.009684183998615481,1.0,,
1312,1.0,30,ICM-noSI,0.75,True,0.4489533119760145,0.009394561999215512,1.0,,
1312,1.0,30,ICM-noSI,0.8,True,0.3984430866548078,0.009310658999311272,1.0,,
1312,1.0,30,ICM-noSI,0.85,True,0.3479328629909285,0.009703822999654221,1.0,,
1312,1.0,30,ICM-noSI,0.9,True,0.2974226326875939,0.009410610000486486,1.0,0.0,-0.29483782465287167
1312,1.0,30,ICM-noSI,0.95,True,0.2469124111566181,0.012207183999635163,1.0,,
1312,1.0,30,ICM-noSI,1.0,True,0.19658623109424656,0.011063850999562419,1.0,,
1312,1.0,30,ICM,0.7,True,0.5011366508237616,0.012321682999754557,1.0,,
1312,1.0,30,ICM,0.75,True,0.4505484343774023,0.012652376999540138,1.0,,
1312,1.0,30,ICM,0.8,True,0.3999602161338956,0.012454772999262786,1.0,,
1312,1.0,30,ICM,0.85,True,0.3493720026083767,0.014808297000854509,1.0,,
1312,1.0,30,ICM,0.9,True,0.29878378270058226,0.013289626000187127,1.0,0.0,-0.29594652711097413
1312,1.0,30,ICM,0.95,True,0.24819556402928186,0.013084923999485909,1.0,,
1312,1.0,30,ICM,1.0,True,0.19774692531927549,0.01260307600023225,1.0,,
1329,1.0,30,DCM,0.7,True,0.50673380189574,0.015221313999063568,1.0,,
1329,1.0,30,DCM,0.75,True,0.4564594337295937,0.013608064999061753,1.0,,
1329,1.0,30,DCM,0.8,True,0.4061850624172291,0.0151017080006568,1.0,,
1329,1.0,30,DCM,0.85,True,0.35591068898924316,0.01538723699923139,1.0,,
1329,1.0,30,DCM,0.9,True,0.30563632617926817,0.015039029000035953,1.0,0.0,-0.34749319696550685
1329,1.0,30,DCM,0.95,True,0.25536195887568713,0.01398646100096812,1.0,,
1329,1.0,30,DCM,1.0,True,0.20539930192174494,0.01348098999915237,1.0,,
1329,1.0,30,ICM-noSI,0.7,True,0.5347577818007673,0.010197464000157197,1.0,,
1329,1.0,30,ICM-noSI,0.75,True,0.48394058597214046,0.009821452000323916,1.0,,
1329,1.0,30,ICM-noSI,0.8,True,0.43312341445560126,0.009974343998692348,1.0,,
1329,1.0,30,ICM-noSI,0.85,True,0.3823062303176224,0.00965585199992347,1.0,,
1329,1.0,30,ICM-noSI,0.9,True,0.3314890461551627,0.009116209999774583,1.0,0.0,-0.35992519302652226
1329,1.0,30,ICM-noSI,0.95,True,0.2806718616884681,0.009168948001388344,1.0,,
1329,1.0,30,ICM-noSI,1.0,True,0.230481910155168,0.009291517999372445,1.0,,
1329,1.0,30,ICM,0.7,True,0.532676832308296,0.015517113999521825,1.0,,
1329,1.0,30,ICM,0.75,True,0.4820980009941917,0.01429245799954515,1.0,,
1329,1.0,30,ICM,0.8,True,0.4315191695169669,0.014025680000486318,1.0,,
1329,1.0,30,ICM,0.85,True,0.3809403380692692,0.014145410001219716,1.0,,
1329,1.0,30,ICM,0.9,True,0.3303615072758928,0.013253402999907848,1.0,0.0,-0.3599985390181776
1329,1.0,30,ICM,0.95,True,0.27985745492381014,0.014743799998541363,1.0,,
1329,1.0,30,ICM,1.0,True,0.22950995192148368,0.013038881001193658,1.0,,
1346,1.0,30,DCM,0.7,True,0.5051131505909026,0.01311073199940438,1.0,,
1346,1.0,30,DCM,0.75,True,0.4559875317376968,0.013716327999645728,1.0,,
1346,1.0,30,DCM,0.8,True,0.40686190831922103,0.013721564000661601,1.0,,
1346,1.0,30,DCM,0.85,True,0.35773630394768086,0.013630104000185383,1.0,,
1346,1.0,30,DCM,0.9,True,0.3086106833158767,0.014041002999874763,1.0,0.0,-0.27355523491355227
1346,1.0,30,DCM,0.95,True,0.25948506985854775,0.01380352000160201,1.0,,
1346,1.0,30,DCM,1.0,True,0.21045683904225143,0.014555364999978337,1.0,,
1346,1.0,30,ICM-noSI,0.7,True,0.5148060651248687,0.01048492200061446,1.0,,
1346,1.0,30,ICM-noSI,0.75,True,0.4660399104845196,0.009238374001142802,1.0,,
1346,1.0,30,ICM-noSI,0.8,True,0.4172737558178805,0.0094816280015948,1.0,,
1346,1.0,30,ICM-noSI,0.85,True,0.3685076010275375,0.009126748000198859,1.0,,
1346,1.0,30,ICM-noSI,0.9,True,0.3197414456405924,0.009058907999133226,1.0,0.0,-0.3401235119168675
1346,1.0,30,ICM-noSI,0.95,True,0.27097528673798804,0.009839214999374235,1.0,,
1346,1.0,30,ICM-noSI,1.0,True,0.22220912995708753,0.009630127000491484,1.0,,
1346,1.0,30,ICM,0.7,True,0.5112955208548486,0.020408525999300764,1.0,,
1346,1.0,30,ICM,0.75,True,0.4610047857147137,0.0213345180000033,1.0,,
1346,1.0,30,ICM,0.8,True,0.41071404905223446,0.021004774998800713,1.0,,
1346,1.0,30,ICM,0.85,True,0.3604233164684421,0.021082867999211885,1.0,,
1346,1.0,30,ICM,0.9,True,0.31013257386670545,0.021103269000377622,1.0,0.0,-0.33353834145348216
1346,1.0,30,ICM,0.95,True,0.25991846872100915,0.022155960999953095,1.0,,
1346,1.0,30,ICM,1.0,True,0.20978033725223885,0.021220859000095516,1.0,,
1363,1.0,30,DCM,0.7,True,0.4968888795214544,0.009150188998319209,1.0,,
1363,1.0,30,DCM,0.75,True,0.44688173860873054,0.008744499000385986,1.0,,
1363,1.0,30,DCM,0.8,True,0.3968746119717081,0.009235837000233005,1.0,,
1363,1.0,30,DCM,0.85,True,0.346867472040721,0.009532685000522179,1.0,,
1363,1.0,30,DCM,0.9,True,0.2968603319257466,0.009610728000552626,1.0,0.0,-0.33650698320237926
1363,1.0,30,DCM,0.95,True,0.24747311022019197,0.009299086999817519,1.0,,
1363,1.0,30,DCM,1.0,True,0.19811900595960016,0.009035039998707362,1.0,,
1363,1.0,30,ICM-noSI,0.7,True,0.5024864981214311,0.011899926999831223,1.0,,
1363,1.0,30,ICM-noSI,0.75,True,0.4531369993325751,0.012850318000346306,1.0,,
1363,1.0,30,ICM-noSI,0.8,True,0.4037875142580091,0.012867588000517571,1.0,,
1363,1.0,30,ICM-noSI,0.85,True,0.3544380176869579,0.012905251000120188,1.0,,
1363,1.0,30,ICM-noSI,0.9,True,0.30508852020777844,0.01327328999832389,1.0,0.0,-0.3430483581541228
1363,1.0,30,ICM-noSI,0.95,True,0.2560275925814664,0.012867405001088628,1.0,,
1363,1.0,30,ICM-noSI,1.0,True,0.20701953654529334,0.012330558000030578,1.0,,
1363,1.0,30,ICM,0.7,True,0.5092783533029638,0.016391745999499108,1.0,,
1363,1.0,30,ICM,0.75,True,0.45946838311874477,0.014341430000058608,1.0,,
1363,1.0,30,ICM,0.8,True,0.4096584105291708,0.013146475001121871,1.0,,
1363,1.0,30,ICM,0.85,True,0.359848458385362,0.013440475999232149,1.0,,
1363,1.0,30,ICM,0.9,True,0.3100384909970251,0.014814471000136109,1.0,0.0,-0.3441910512458437
1363,1.0,30,ICM,0.95,True,0.26034196877504817,0.01311521300158347,1.0,,
1363,1.0,30,ICM,1.0,True,0.21068169829767752,0.016422854001575615,1.0,,
1380,1.0,30,DCM,0.7,True,0.48877217336126677,0.010237082000458031,1.0,,
1380,1.0,30,DCM,0.75,True,0.43897911480936114,0.011211833998459042,1.0,,
1380,1.0,30,DCM,0.8,True,0.3891860775370006,0.0109880689997226,1.0,,
1380,1.0,30,DCM,0.85,True,0.33939302948456435,0.010532448000958539,1.0,,
1380,1.0,30,DCM,0.9,True,0.2895999815158813,0.010500311000214424,1.0,0.0,-0.3076269233372937
1380,1.0,30,DCM,0.95,True,0.2398245278925655,0.009350239999548648,1.0,,
1380,1.0,30,DCM,1.0,True,0.19116205512953213,0.00932300099884742,1.0,,
1380,1.0,30,ICM-noSI,0.7,True,0.49956952526209264,0.014463828001680668,1.0,,
1380,1.0,30,ICM-noSI,0.75,True,0.449157214333122,0.013390588999754982,1.0,,
1380,1.0,30,ICM-noSI,0.8,True,0.3987449034393117,0.013589911000963184,1.0,,
1380,1.0,30,ICM-noSI,0.85,True,0.348332577689561,0.013862755000445759,1.0,,
1380,1.0,30,ICM-noSI,0.9,True,0.2979202813910258,0.013399146000665496,1.0,0.0,-0.31475673718498853
1380,1.0,30,ICM-noSI,0.95,True,0.24750797056023402,0.013727653999012546,1.0,,
1380,1.0,30,ICM-noSI,1.0,True,0.19808198248150297,0.01305213600062416,1.0,,
1380,1.0,30,ICM,0.7,True,0.5167463155842513,0.011496977998831426,1.0,,
1380,1.0,30,ICM,0.75,True,0.46583561549180985,0.010502282000743435,1.0,,
1380,1.0,30,ICM,0.8,True,0.41492492541482984,0.011700982999172993,1.0,,
1380,1.0,30,ICM,0.85,True,0.36401422861855903,0.010364433001086581,1.0,,
1380,1.0,30,ICM,0.9,True,0.31310353057265006,0.009468416999879992,1.0,0.0,-0.31894129471547306
1380,1.0,30,ICM,0.95,True,0.26219283592620607,0.009284605001084856,1.0,,
1380,1.0,30,ICM,1.0,True,0.21140133060078517,0.009437380998861045,1.0,,
1397,1.0,30,DCM,0.7,True,0.4960984247644522,0.0126495820004493,1.0,,
1397,1.0,30,DCM,0.75,True,0.4460185645799059,0.012491157000113162,1.0,,
1397,1.0,30,DCM,0.8,True,0.3959387044468791,0.012303028001042549,1.0,,
1397,1.0,30,DCM,0.85,True,0.34585884433995795,0.012816210999517352,1.0,,
1397,1.0,30,DCM,0.9,True,0.29577898367489464,0.013445328000670997,1.0,0.0,-0.2775126953739373
1397,1.0,30,DCM,0.95,True,0.2463230425756033,0.013438130999929854,1.0,,
1397,1.0,30,DCM,1.0,True,0.1968913134240941,0.012986574998649303,1.0,,
1397,1.0,30,ICM-noSI,0.7,True,0.4993437177979357,0.013729117999901064,1.0,,
1397,1.0,30,ICM-noSI,0.75,True,0.44889903664213,0.012192309000965906,1.0,,
1397,1.0,30,ICM-noSI,0.8,True,0.39845433889914034,0.01062808899951051,1.0,,
1397,1.0,30,ICM-noSI,0.85,True,0.3480096411009835,0.010557051999057876,1.0,,
1397,1.0,30,ICM-noSI,0.9,True,0.297564943758202,0.010364077999838628,1.0,0.0,-0.27912965517255295
1397,1.0,30,ICM-noSI,0.95,True,0.24757496469691206,0.009826551000514883,1.0,,
1397,1.0,30,ICM-noSI,1.0,True,0.19773600087893317,0.009365496000100393,1.0,,
1397,1.0,30,ICM,0.7,True,0.5178027792454899,0.008877274000042235,1.0,,
1397,1.0,30,ICM,0.75,True,0.4673991526568036,0.008710565000001225,1.0,,
1397,1.0,30,ICM,0.8,True,0.4169955246978207,0.009101585999815143,1.0,,
1397,1.0,30,ICM,0.85,True,0.3665919045173224,0.009704169999167789,1.0,,
1397,1.0,30,ICM,0.9,True,0.31618828501194496,0.009405618000528193,1.0,0.0,-0.2941629611227089
1397,1.0,30,ICM,0.95,True,0.26586518111530044,0.010247092999634333,1.0,,
1397,1.0,30,ICM,1.0,True,0.2156169464359011,0.01036180300070555,1.0,,
1414,1.0,30,DCM,0.7,True,0.49973910989215375,0.018632784000146785,1.0,,
1414,1.0,30,DCM,0.75,True,0.4501979337329048,0.017599258999325684,1.0,,
1414,1.0,30,DCM,0.8,True,0.4006567566851498,0.018155133999243844,1.0,,
1414,1.0,30,DCM,0.85,True,0.35111558064681325,0.01709243499863078,1.0,,
1414,1.0,30,DCM,0.9,True,0.3015744073973748,0.01750346799963154,1.0,0.0,-0.3055820301005906
1414,1.0,30,DCM,0.95,True,0.2523987236997779,0.014777882999624126,1.0,,
1414,1.0,30,DCM,1.0,True,0.20328703513472882,0.014297580000857124,1.0,,
1414,1.0,30,ICM-noSI,0.7,True,0.5123688990233467,0.010633344001689693,1.0,,
1414,1.0,30,ICM-noSI,0.75,True,0.4617390696857717,0.01023383699975966,1.0,,
1414,1.0,30,ICM-noSI,0.8,True,0.4111092400254752,0.008967355001004762,1.0,,
1414,1.0,30,ICM-noSI,0.85,True,0.36047942537685107,0.009702850000394392,1.0,,
1414,1.0,30,ICM-noSI,0.9,True,0.30984959831203684,0.009037985000759363,1.0,0.0,-0.31188151715636614
1414,1.0,30,ICM-noSI,0.95,True,0.2598536457733647,0.00981538500127499,1.0,,
1414,1.0,30,ICM-noSI,1.0,True,0.2102056575203427,0.009807077000004938,1.0,,
1414,1.0,30,ICM,0.7,True,0.5186913906537676,0.012637814001209335,1.0,,
1414,1.0,30,ICM,0.75,True,0.46863021947076683,0.01167675299984694,1.0,,
1414,1.0,30,ICM,0.8,True,0.41856904725173094,0.012559269998746458,1.0,,
1414,1.0,30,ICM,0.85,True,0.3685078767347895,0.013640003999171313,1.0,,
1414,1.0,30,ICM,0.9,True,0.3184466982815848,0.013734946000113268,1.0,0.0,-0.3186338568236997
1414,1.0,30,ICM,0.95,True,0.2684793935836241,0.014108194000073127,1.0,,
1414,1.0,30,ICM,1.0,True,0.21856848672935825,0.013084435000564554,1.0,,
1431,1.0,30,DCM,0.7,True,0.5136395517139021,0.014281419000326423,1.0,,
1431,1.0,30,DCM,0.75,True,0.46371745217223437,0.014278567001383635,1.0,,
1431,1.0,30,DCM,0.8,True,0.4137953768167167,0.013954251000541262,1.0,,
1431,1.0,30,DCM,0.85,True,0.3638732966444732,0.014134082999589737,1.0,,
1431,1.0,30,DCM,0.9,True,0.3139512123114319,0.014261754000472138,1.0,0.0,-0.27955258140673334
1431,1.0,30,DCM,0.95,True,0.2640291278823947,0.013341055999262608,1.0,,
1431,1.0,30,DCM,1.0,True,0.2141886770752932,0.013992067999424762,1.0,,
1431,1.0,30,ICM-noSI,0.7,True,0.5168096679541754,0.00875245000133873,1.0,,
1431,1.0,30,ICM-noSI,0.75,True,0.4658183271365533,0.008966635999968275,1.0,,
1431,1.0,30,ICM-noSI,0.8,True,0.4148269933997175,0.009134189998803777,1.0,,
1431,1.0,30,ICM-noSI,0.85,True,0.3638356536454982,0.008837348001179635,1.0,,
1431,1.0,30,ICM-noSI,0.9,True,0.31284431311887645,0.009707622999485466,1.0,0.0,-0.3104311869659597
1431,1.0,30,ICM-noSI,0.95,True,0.2620167488155099,0.009602586000255542,1.0,,
1431,1.0,30,ICM-noSI,1.0,True,0.21128828494568963,0.00992554900039977,1.0,,
1431,1.0,30,ICM,0.7,True,0.5219503272551991,0.01172327799940831,1.0,,
1431,1.0,30,ICM,0.75,True,0.4710737984460691,0.012706126000921358,1.0,,
1431,1.0,30,ICM,0.8,True,0.4201972662900233,0.012018412999168504,1.0,,
1431,1.0,30,ICM,0.85,True,0.36932075362169525,0.012081208999006776,1.0,,
1431,1.0,30,ICM,0.9,True,0.318444227404697,0.013343437000003178,1.0,0.0,-0.31455800220323593
1431,1.0,30,ICM,0.95,True,0.2676548526862664,0.014739354999619536,1.0,,
1431,1.0,30,ICM,1.0,True,0.21693315419488454,0.01397530600115715,1.0,,
1448,1.0,30,DCM,0.7,True,0.5076381457985126,0.014747756000360823,1.0,,
1448,1.0,30,DCM,0.75,True,0.45760972586233406,0.014082340998356813,1.0,,
1448,1.0,30,DCM,0.8,True,0.40758131707412065,0.01424298500023724,1.0,,
1448,1.0,30,DCM,0.85,True,0.3575529178431446,0.013578989999587066,1.0,,
1448,1.0,30,DCM,0.9,True,0.3075245155018589,0.013696506999622216,1.0,0.0,-0.2646234527464486
1448,1.0,30,DCM,0.95,True,0.2575586226545114,0.014694115998281632,1.0,,
1448,1.0,30,DCM,1.0,True,0.20761022761257653,0.014535958000124083,1.0,,
1448,1.0,30,ICM-noSI,0.7,True,0.5115108828367412,0.010309637000318617,1.0,,
1448,1.0,30,ICM-noSI,0.75,True,0.4612648802682954,0.010695634000512655,1.0,,
1448,1.0,30,ICM-noSI,0.8,True,0.41101887705453827,0.01012694100063527,1.0,,
1448,1.0,30,ICM-noSI,0.85,True,0.36077287179605494,0.009575444000802236,1.0,,
1448,1.0,30,ICM-noSI,0.9,True,0.3105268803185744,0.009277545999793801,1.0,0.0,-0.43492908933900387
1448,1.0,30,ICM-noSI,0.95,True,0.2602808781622809,0.009423720999620855,1.0,,
1448,1.0,30,ICM-noSI,1.0,True,0.21003487583680686,0.009264785998311709,1.0,,
1448,1.0,30,ICM,0.7,True,0.5193919592833984,0.014272565000283066,1.0,,
1448,1.0,30,ICM,0.75,True,0.46821240755913474,0.0150271469992731,1.0,,
1448,1.0,30,ICM,0.8,True,0.4170328557791297,0.01583665900034248,1.0,,
1448,1.0,30,ICM,0.85,True,0.3658533035957052,0.015584674998535775,1.0,,
1448,1.0,30,ICM,0.9,True,0.3146737529792529,0.01520082199931494,1.0,0.0,-0.43675183200248435
1448,1.0,30,ICM,0.95,True,0.26349420121013367,0.014508891001241864,1.0,,
1448,1.0,30,ICM,1.0,True,0.21231464935311184,0.01441865900051198,1.0,,
1465,1.0,30,DCM,0.7,True,0.5104197396626975,0.014346062998811249,1.0,,
1465,1.0,30,DCM,0.75,True,0.4603639814642129,0.014539302999764914,1.0,,
1465,1.0,30,DCM,0.8,True,0.41030822318498494,0.01293780599917227,1.0,,
1465,1.0,30,DCM,0.85,True,0.3602524722011,0.012965959000212024,1.0,,
1465,1.0,30,DCM,0.9,True,0.3101967102529632,0.012906788999316632,1.0,0.0,-0.2920398208573234
1465,1.0,30,DCM,0.95,True,0.26016485630424074,0.0127566739993199,1.0,,
1465,1.0,30,DCM,1.0,True,0.2102087574037868,0.013270938999994542,1.0,,
1465,1.0,30,ICM-noSI,0.7,True,0.5325898714563115,0.009474383001361275,1.0,,
1465,1.0,30,ICM-noSI,0.75,True,0.48208747307944866,0.009953283000868396,1.0,,
1465,1.0,30,ICM-noSI,0.8,True,0.43158508202838963,0.009807815000385744,1.0,,
1465,1.0,30,ICM-noSI,0.85,True,0.38108268088890623,0.009343902000182425,1.0,,
1465,1.0,30,ICM-noSI,0.9,True,0.3305802707214048,0.009317023999756202,1.0,0.0,-0.2928183910280221
1465,1.0,30,ICM-noSI,0.95,True,0.28045422240143747,0.008925411000745953,1.0,,
1465,1.0,30,ICM-noSI,1.0,True,0.2306411096234431,0.009531420000712387,1.0,,
1465,1.0,30,ICM,0.7,True,0.5422603084085583,0.014293463000285556,1.0,,
1465,1.0,30,ICM,0.75,True,0.4917275563438555,0.014214810998964822,1.0,,
1465,1.0,30,ICM,0.8,True,0.4411948041799256,0.014457409000897314,1.0,,
1465,1.0,30,ICM,0.85,True,0.3906620516466551,0.013992056999995839,1.0,,
1465,1.0,30,ICM,0.9,True,0.3401293006236842,0.015104607000466785,1.0,0.0,-0.2980339418332607
1465,1.0,30,ICM,0.95,True,0.28966698100057253,0.01750778200039349,1.0,,
1465,1.0,30,ICM,1.0,True,0.23935703442127995,0.01618274499924155,1.0,,
1482,1.0,30,DCM,0.7,True,0.5051963489522302,0.010337006000554538,1.0,,
1482,1.0,30,DCM,0.75,True,0.45547016385173233,0.010079454999868176,1.0,,
1482,1.0,30,DCM,0.8,True,0.40574397916984967,0.009454753000682103,1.0,,
1482,1.0,30,DCM,0.85,True,0.3560178004955709,0.009138232000623248,1.0,,
1482,1.0,30,DCM,0.9,True,0.30629161572335273,0.009179544998914935,1.0,0.0,-0.35008717606967277
1482,1.0,30,DCM,0.95,True,0.2567703707348756,0.009670216999438708,1.0,,
1482,1.0,30,DCM,1.0,True,0.20729315484295824,0.009596932000931702,1.0,,
1482,1.0,30,ICM-noSI,0.7,True,0.49607777110464457,0.01304874400011613,1.0,,
1482,1.0,30,ICM-noSI,0.75,True,0.44556885458467255,0.014591364000807516,1.0,,
1482,1.0,30,ICM-noSI,0.8,True,0.3950599456078139,0.015428306998728658,1.0,,
1482,1.0,30,ICM-noSI,0.85,True,0.3445510322230834,0.014388718000191147,1.0,,
1482,1.0,30,ICM-noSI,0.9,True,0.29404211696173393,0.014671614999315352,1.0,0.0,-0.35868177071439367
1482,1.0,30,ICM-noSI,0.95,True,0.24429647065093854,0.013984295999762253,1.0,,
1482,1.0,30,ICM-noSI,1.0,True,0.1946702653395907,0.013403797000137274,1.0,,
1482,1.0,30,ICM,0.7,True,0.5129206380000686,0.01639070300007006,1.0,,
1482,1.0,30,ICM,0.75,True,0.46195013400269463,0.01058393099992827,1.0,,
1482,1.0,30,ICM,0.8,True,0.4109796297942974,0.009293821998653584,1.0,,
1482,1.0,30,ICM,0.85,True,0.36000913633341053,0.009406023998963065,1.0,,
1482,1.0,30,ICM,0.9,True,0.3090386333808615,0.009167748999971082,1.0,0.0,-0.3603337980848894
1482,1.0,30,ICM,0.95,True,0.2581767502577057,0.009699554000690114,1.0,,
1482,1.0,30,ICM,1.0,True,0.20736306919027395,0.009500325000772136,1.0,,
1499,1.0,30,DCM,0.7,True,0.5068749730339734,0.009788240000489168,1.0,,
1499,1.0,30,DCM,0.75,True,0.4570103130163456,0.009695837999970536,1.0,,
1499,1.0,30,DCM,0.8,True,0.4071456566037862,0.010606863001157762,1.0,,
1499,1.0,30,DCM,0.85,True,0.3572810156258548,0.009596885000064503,1.0,,
1499,1.0,30,DCM,0.9,True,0.3074163606383118,0.009518773000309011,1.0,0.0,-0.28121872062919673
1499,1.0,30,DCM,0.95,True,0.25755170566417235,0.009446423999179387,1.0,,
1499,1.0,30,DCM,1.0,True,0.2076893913608937,0.009579199999279808,1.0,,
1499,1.0,30,ICM-noSI,0.7,True,0.5332272769093496,0.013082216000839253,1.0,,
1499,1.0,30,ICM-noSI,0.75,True,0.4817855256658569,0.012787920000846498,1.0,,
1499,1.0,30,ICM-noSI,0.8,True,0.43034376282054637,0.012654329000724829,1.0,,
1499,1.0,30,ICM-noSI,0.85,True,0.37890199963572335,0.012698395999905188,1.0,,
1499,1.0,30,ICM-noSI,0.9,True,0.3274602374897768,0.013263738001114689,1.0,0.0,-0.3016384940480632
1499,1.0,30,ICM-noSI,0.95,True,0.2760812280585156,0.013891669001168339,1.0,,
1499,1.0,30,ICM-noSI,1.0,True,0.22472772595215348,0.01427712800068548,1.0,,
1499,1.0,30,ICM,0.7,True,0.5275501377730795,0.011779766999097774,1.0,,
1499,1.0,30,ICM,0.75,True,0.47587183108412856,0.009587686001395923,1.0,,
1499,1.0,30,ICM,0.8,True,0.4241935239115163,0.009069346999240224,1.0,,
1499,1.0,30,ICM,0.85,True,0.3725152274390727,0.00898862400026701,1.0,,
1499,1.0,30,ICM,0.9,True,0.32083692327640134,0.009197879999192082,1.0,0.0,-0.3083192743853962
1499,1.0,30,ICM,0.95,True,0.2692716744778817,0.010312028000043938,1.0,,
1499,1.0,30,ICM,1.0,True,0.21775220523488978,0.010267325998938759,1.0,,
1516,1.0,30,DCM,0.7,True,0.5148781975052346,0.01127769599952444,1.0,,
1516,1.0,30,DCM,0.75,True,0.46483845839557614,0.010605479001242202,1.0,,
1516,1.0,30,DCM,0.8,True,0.41479871890564707,0.01059288200121955,1.0,,
1516,1.0,30,DCM,0.85,True,0.3647589809920362,0.010239618000923656,1.0,,
1516,1.0,30,DCM,0.9,True,0.3147192375415772,0.009716225000374834,1.0,0.0,-0.2838622579875688
1516,1.0,30,DCM,0.95,True,0.2646795032556033,0.009874680999928387,1.0,,
1516,1.0,30,DCM,1.0,True,0.21465143512145712,0.010174581000683247,1.0,,
1516,1.0,30,ICM-noSI,0.7,True,0.5737222613941967,0.014234518001103424,1.0,,
1516,1.0,30,ICM-noSI,0.75,True,0.5233012092583096,0.014862272000755183,1.0,,
1516,1.0,30,ICM-noSI,0.8,True,0.4728801571937503,0.014067652000449016,1.0,,
1516,1.0,30,ICM-noSI,0.85,True,0.42245910309238927,0.013861098999768728,1.0,,
1516,1.0,30,ICM-noSI,0.9,True,0.37203806329375977,0.014383104999069474,1.0,0.0,-0.31099145779088977
1516,1.0,30,ICM-noSI,0.95,True,0.32161701307703033,0.013305049000337021,1.0,,
1516,1.0,30,ICM-noSI,1.0,True,0.27129415696761916,0.013833102999342373,1.0,,
1516,1.0,30,ICM,0.7,True,0.5660599708046772,0.009709244000987383,1.0,,
1516,1.0,30,ICM,0.75,True,0.5154091735199305,0.0090663629998744,1.0,,
1516,1.0,30,ICM,0.8,True,0.46475837232884715,0.00912810799854924,1.0,,
1516,1.0,30,ICM,0.85,True,0.4141075773148689,0.009797147999051958,1.0,,
1516,1.0,30,ICM,0.9,True,0.3634567902636924,0.009631439001168474,1.0,0.0,-0.3114227827885201
1516,1.0,30,ICM,0.95,True,0.3128059898931474,0.010946241000056034,1.0,,
1516,1.0,30,ICM,1.0,True,0.26215519722878083,0.009745102999659139,1.0,,
1533,1.0,30,DCM,0.7,True,0.5151196673150067,0.01525617900006182,1.0,,
1533,1.0,30,DCM,0.75,True,0.4649345641262785,0.014580428998669959,1.0,,
1533,1.0,30,DCM,0.8,True,0.4147494448550465,0.0140642710011889,1.0,,
1533,1.0,30,DCM,0.85,True,0.36456432559830415,0.01748830099859333,1.0,,
1533,1.0,30,DCM,0.9,True,0.3143792064052208,0.019567970999560202,1.0,0.0,-0.32415514839485726
1533,1.0,30,DCM,0.95,True,0.2641940869657265,0.021256308998999884,1.0,,
1533,1.0,30,DCM,1.0,True,0.21438602080736413,0.020967787999325083,1.0,,
1533,1.0,30,ICM-noSI,0.7,True,0.5221398603468783,0.012760251000145217,1.0,,
1533,1.0,30,ICM-noSI,0.75,True,0.47204924318448604,0.01161877699996694,1.0,,
1533,1.0,30,ICM-noSI,0.8,True,0.42195862554489105,0.01218232400060515,1.0,,
1533,1.0,30,ICM-noSI,0.85,True,0.3718680070358798,0.012043249000271317,1.0,,
1533,1.0,30,ICM-noSI,0.9,True,0.3217773883623575,0.012921589999677963,1.0,0.0,-0.3336427554518212
1533,1.0,30,ICM-noSI,0.95,True,0.271686782446849,0.013891208000131883,1.0,,
1533,1.0,30,ICM-noSI,1.0,True,0.22159616566897167,0.013527170000088518,1.0,,
1533,1.0,30,ICM,0.7,True,0.5300133945996576,0.009326305000286084,1.0,,
1533,1.0,30,ICM,0.75,True,0.4790244048229834,0.009368737000841065,1.0,,
1533,1.0,30,ICM,0.8,True,0.4280354071731144,0.00930331999916234,1.0,,
1533,1.0,30,ICM,0.85,True,0.37704643141717126,0.010238467000817764,1.0,,
1533,1.0,30,ICM,0.9,True,0.3260574411079913,0.009327154000857263,1.0,0.0,-0.3341219901880046
1533,1.0,30,ICM,0.95,True,0.27506844163195887,0.009097497999391635,1.0,,
1533,1.0,30,ICM,1.0,True,0.22416372586821048,0.008865265999702387,1.0,,
2210,2.0,30,DCM,0.7,False,,,1.0,,
2210,2.0,30,DCM,0.75,False,,,1.0,,
2210,2.0,30,DCM,0.8,False,,,1.0,,
2210,2.0,30,DCM,0.85,False,,,1.0,,
2210,2.0,30,DCM,0.9,False,,,1.0,,
2210,2.0,30,DCM,0.95,False,,,1.0,,
2210,2.0,30,DCM,1.0,False,,,1.0,,
2210,2.0,30,ICM-noSI,0.7,True,0.540837889424783,0.01979057900098269,1.0,,
2210,2.0,30,ICM-noSI,0.75,True,0.4882973772994079,0.020559382999636,1.0,,
2210,2.0,30,ICM-noSI,0.8,True,0.43575686336628433,0.01917365500048618,1.0,,
2210,2.0,30,ICM-noSI,0.85,True,0.3832163372080102,0.018014930001299945,1.0,,
2210,2.0,30,ICM-noSI,0.9,True,0.33067584147873785,0.017066266998881474,1.0,0.0,-0.3298049450855527
2210,2.0,30,ICM-noSI,0.95,True,0.27813532933492674,0.01677405200098292,1.0,,
2210,2.0,30,ICM-noSI,1.0,True,0.22703786514810292,0.017013733999192482,1.0,,
2210,2.0,30,ICM,0.7,True,0.5273626103626219,0.011985105998974177,1.0,,
2210,2.0,30,ICM,0.75,True,0.475351643375405,0.01215528499960783,1.0,,
2210,2.0,30,ICM,0.8,True,0.42334067467534975,0.012147116000051028,1.0,,
2210,2.0,30,ICM,0.85,True,0.37132971581539453,0.01043091999963508,1.0,,
2210,2.0,30,ICM,0.9,True,0.3193187591744587,0.010088433000419172,1.0,0.0,-0.33906925892725415
2210,2.0,30,ICM,0.95,True,0.26730779390659726,0.009838834999754908,1.0,,
2210,2.0,30,ICM,1.0,True,0.21531591066574934,0.010866027998417849,1.0,,
2227,2.0,30,DCM,0.7,False,,,1.0,,
2227,2.0,30,DCM,0.75,False,,,1.0,,
2227,2.0,30,DCM,0.8,False,,,1.0,,
2227,2.0,30,DCM,0.85,False,,,1.0,,
2227,2.0,30,DCM,0.9,False,,,1.0,,
2227,2.0,30,DCM,0.95,False,,,1.0,,
2227,2.0,30,DCM,1.0,False,,,1.0,,
2227,2.0,30,ICM-noSI,0.7,True,0.5456943807000926,0.017401933999281027,1.0,,
2227,2.0,30,ICM-noSI,0.75,True,0.49541713432121937,0.015053618999445462,1.0,,
2227,2.0,30,ICM-noSI,0.8,True,0.4451399110411075,0.016025073999117012,1.0,,
2227,2.0,30,ICM-noSI,0.85,True,0.39486267521956814,0.018165694000344956,1.0,,
2227,2.0,30,ICM-noSI,0.9,True,0.34458543983411455,0.0141928379998717,1.0,0.0,-0.37258424913958776
2227,2.0,30,ICM-noSI,0.95,True,0.29430821583483746,0.016281059000903042,1.0,,
2227,2.0,30,ICM-noSI,1.0,True,0.24469413894622033,0.02145949700025085,1.0,,
2227,2.0,30,ICM,0.7,True,0.5455396490569616,0.01918253999974695,1.0,,
2227,2.0,30,ICM,0.75,True,0.4958154308973629,0.020896776999506983,1.0,,
2227,2.0,30,ICM,0.8,True,0.44609120807999564,0.01989219900133321,1.0,,
2227,2.0,30,ICM,0.85,True,0.39636699421368937,0.019250327000918332,1.0,,
2227,2.0,30,ICM,0.9,True,0.34664278914743135,0.020409799999470124,1.0,0.0,-0.37289477527278814
2227,2.0,30,ICM,0.95,True,0.296918573286269,0.01407205800023803,1.0,,
2227,2.0,30,ICM,1.0,True,0.2473143424776464,0.014753522000319208,1.0,,
2244,2.0,30,DCM,0.7,False,,,1.0,,
2244,2.0,30,DCM,0.75,False,,,1.0,,
2244,2.0,30,DCM,0.8,False,,,1.0,,
2244,2.0,30,DCM,0.85,False,,,1.0,,
2244,2.0,30,DCM,0.9,False,,,1.0,,
2244,2.0,30,DCM,0.95,False,,,1.0,,
2244,2.0,30,DCM,1.0,False,,,1.0,,
2244,2.0,30,ICM-noSI,0.7,True,0.5192899172430782,0.010329744000046048,1.0,,
2244,2.0,30,ICM-noSI,0.75,True,0.4702519930701671,0.010224648998701014,1.0,,
2244,2.0,30,ICM-noSI,0.8,True,0.4212140681008667,0.01123431999985769,1.0,,
2244,2.0,30,ICM-noSI,0.85,True,0.372176143253631,0.012139442998886807,1.0,,
2244,2.0,30,ICM-noSI,0.9,True,0.3231382174094755,0.01696456500030763,1.0,0.0,-0.31806362017730583
2244,2.0,30,ICM-noSI,0.95,True,0.27410029950694964,0.01134490000004007,1.0,,
2244,2.0,30,ICM-noSI,1.0,True,0.225062375298097,0.010421459999633953,1.0,,
2244,2.0,30,ICM,0.7,True,0.5498633058832565,0.018310391998966224,1.0,,
2244,2.0,30,ICM,0.75,True,0.4973201057016081,0.02417421199970704,1.0,,
2244,2.0,30,ICM,0.8,True,0.44477690484612536,0.021846296000148868,1.0,,
2244,2.0,30,ICM,0.85,True,0.39223370337208635,0.02017223100119736,1.0,,
2244,2.0,30,ICM,0.9,True,0.3396904988519806,0.019479964999845834,1.0,0.0,-0.3307875931964914
2244,2.0,30,ICM,0.95,True,0.28714730440320796,0.018512047001422616,1.0,,
2244,2.0,30,ICM,1.0,True,0.2346041036794164,0.016121984001074452,1.0,,
2261,2.0,30,DCM,0.7,False,,,1.0,,
2261,2.0,30,DCM,0.75,False,,,1.0,,
2261,2.0,30,DCM,0.8,False,,,1.0,,
2261,2.0,30,DCM,0.85,False,,,1.0,,
2261,2.0,30,DCM,0.9,False,,,1.0,,
2261,2.0,30,DCM,0.95,False,,,1.0,,
2261,2.0,30,DCM,1.0,False,,,1.0,,
2261,2.0,30,ICM-noSI,0.7,True,0.5161477084509575,0.01416106599936029,1.0,,
2261,2.0,30,ICM-noSI,0.75,True,0.4698518017742525,0.012668454999584355,1.0,,
2261,2.0,30,ICM-noSI,0.8,True,0.42355589509701447,0.012498215999585227,1.0,,
2261,2.0,30,ICM-noSI,0.85,True,0.37725998835007585,0.016892349998670397,1.0,,
2261,2.0,30,ICM-noSI,0.9,True,0.3309640815674178,0.022122094000224024,1.0,0.0,-0.38322707114649524
2261,2.0,30,ICM-noSI,0.95,True,0.2846681734112475,0.021157662000405253,1.0,,
2261,2.0,30,ICM-noSI,1.0,True,0.23837226353291266,0.01977854200049478,1.0,,
2261,2.0,30,ICM,0.7,True,0.529063931011735,0.010816492000230937,1.0,,
2261,2.0,30,ICM,0.75,True,0.47982458916815307,0.010159273999306606,1.0,,
2261,2.0,30,ICM,0.8,True,0.43058524674047866,0.010609565000777366,1.0,,
2261,2.0,30,ICM,0.85,True,0.38134590247128664,0.01041663000069093,1.0,,
2261,2.0,30,ICM,0.9,True,0.33210655818194623,0.010844336999070947,1.0,0.0,-0.3745897862055073
2261,2.0,30,ICM,0.95,True,0.2828672195556824,0.010882500000661821,1.0,,
2261,2.0,30,ICM,1.0,True,0.23362787659509335,0.010724628000389202,1.0,,
2278,2.0,30,DCM,0.7,False,,,1.0,,
2278,2.0,30,DCM,0.75,False,,,1.0,,
2278,2.0,30,DCM,0.8,False,,,1.0,,
2278,2.0,30,DCM,0.85,False,,,1.0,,
2278,2.0,30,DCM,0.9,False,,,1.0,,
2278,2.0,30,DCM,0.95,False,,,1.0,,
2278,2.0,30,DCM,1.0,False,,,1.0,,
2278,2.0,30,ICM-noSI,0.7,True,0.5020895598671922,0.009883407999950578,1.0,,
2278,2.0,30,ICM-noSI,0.75,True,0.45185913441115066,0.010114284999872325,1.0,,
2278,2.0,30,ICM-noSI,0.8,True,0.4016287089209138,0.009929263000231003,1.0,,
2278,2.0,30,ICM-noSI,0.85,True,0.3513982836019383,0.011961003998294473,1.0,,
2278,2.0,30,ICM-noSI,0.9,True,0.3011678565262693,0.010256989999106736,1.0,0.0,-0.34255543387708387
2278,2.0,30,ICM-noSI,0.95,True,0.2509374370614288,0.011468300999695202,1.0,,
2278,2.0,30,ICM-noSI,1.0,True,0.2015227782918935,0.015066364998347126,1.0,,
2278,2.0,30,ICM,0.7,True,0.5229540493517495,0.008432976999756647,1.0,,
2278,2.0,30,ICM,0.75,True,0.473384252790875,0.008780512998782797,1.0,,
2278,2.0,30,ICM,0.8,True,0.42381445631591996,0.009101356999963173,1.0,,
2278,2.0,30,ICM,0.85,True,0.37424465917408384,0.00899455999933707,1.0,,
2278,2.0,30,ICM,0.9,True,0.3246748735918389,0.00914873500005342,1.0,0.0,-0.36093895817772037
2278,2.0,30,ICM,0.95,True,0.27510507753332036,0.008965658000306576,1.0,,
2278,2.0,30,ICM,1.0,True,0.22553528204828616,0.00883759399948758,1.0,,
2295,2.0,30,DCM,0.7,False,,,1.0,,
2295,2.0,30,DCM,0.75,False,,,1.0,,
2295,2.0,30,DCM,0.8,False,,,1.0,,
2295,2.0,30,DCM,0.85,False,,,1.0,,
2295,2.0,30,DCM,0.9,False,,,1.0,,
2295,2.0,30,DCM,0.95,False,,,1.0,,
2295,2.0,30,DCM,1.0,False,,,1.0,,
2295,2.0,30,ICM-noSI,0.7,True,0.5364466378711436,0.010849869000594481,1.0,,
2295,2.0,30,ICM-noSI,0.75,True,0.4835898997350603,0.010819705001267721,1.0,,
2295,2.0,30,ICM-noSI,0.8,True,0.4307331617980802,0.01108511199890927,1.0,,
2295,2.0,30,ICM-noSI,0.85,True,0.3778764204929098,0.011102385999038233,1.0,,
2295,2.0,30,ICM-noSI,0.9,True,0.3250196781714263,0.010861976999876788,1.0,0.0,-0.33738857429805547
2295,2.0,30,ICM-noSI,0.95,True,0.27298222729465954,0.022906875999979093,1.0,,
2295,2.0,30,ICM-noSI,1.0,True,0.22300183766745427,0.019329777998791542,1.0,,
2295,2.0,30,ICM,0.7,True,0.5544166187854395,0.016626394000923028,1.0,,
2295,2.0,30,ICM,0.75,True,0.5039069263998105,0.014069980001295335,1.0,,
2295,2.0,30,ICM,0.8,True,0.45339724328511816,0.013919360000727465,1.0,,
2295,2.0,30,ICM,0.85,True,0.40288754980321795,0.014376623001226108,1.0,,
2295,2.0,30,ICM,0.9,True,0.3523778552988902,0.013190807001592475,1.0,0.0,-0.35160280311370307
2295,2.0,30,ICM,0.95,True,0.30188396101102505,0.014606741999159567,1.0,,
2295,2.0,30,ICM,1.0,True,0.25153069252167903,0.015019311000287416,1.0,,
2312,2.0,30,DCM,0.7,False,,,1.0,,
2312,2.0,30,DCM,0.75,False,,,1.0,,
2312,2.0,30,DCM,0.8,False,,,1.0,,
2312,2.0,30,DCM,0.85,False,,,1.0,,
2312,2.0,30,DCM,0.9,False,,,1.0,,
2312,2.0,30,DCM,0.95,False,,,1.0,,
2312,2.0,30,DCM,1.0,False,,,1.0,,
2312,2.0,30,ICM-noSI,0.7,True,0.4960755429575978,0.010648954999851412,1.0,,
2312,2.0,30,ICM-noSI,0.75,True,0.44458590942049137,0.012559101000078954,1.0,,
2312,2.0,30,ICM-noSI,0.8,True,0.3930962755845591,0.013081973998851026,1.0,,
2312,2.0,30,ICM-noSI,0.85,True,0.3416066420275253,0.012121019000915112,1.0,,
2312,2.0,30,ICM-noSI,0.9,True,0.2901170076950195,0.01154138200035959,1.0,0.0,-0.2747395796520359
2312,2.0,30,ICM-noSI,0.95,True,0.23956461361670967,0.010722547000113991,1.0,,
2312,2.0,30,ICM-noSI,1.0,True,0.19218406264119714,0.011058654999942519,1.0,,
2312,2.0,30,ICM,0.7,True,0.5083168078293325,0.02084825099882437,1.0,,
2312,2.0,30,ICM,0.75,True,0.4574930567276574,0.019823512000584742,1.0,,
2312,2.0,30,ICM,0.8,True,0.40666929524202233,0.02038697699936165,1.0,,
2312,2.0,30,ICM,0.85,True,0.3558455336976366,0.018074666999382316,1.0,,
2312,2.0,30,ICM,0.9,True,0.3050217611799287,0.015164749000177835,1.0,0.0,-0.2852273192682966
2312,2.0,30,ICM,0.95,True,0.25425963388336187,0.014934844999515917,1.0,,
2312,2.0,30,ICM,1.0,True,0.2036651528902727,0.014791117000640952,1.0,,
2329,2.0,30,DCM,0.7,False,,,1.0,,
2329,2.0,30,DCM,0.75,False,,,1.0,,
2329,2.0,30,DCM,0.8,False,,,1.0,,
2329,2.0,30,DCM,0.85,False,,,1.0,,
2329,2.0,30,DCM,0.9,False,,,1.0,,
2329,2.0,30,DCM,0.95,False,,,1.0,,
2329,2.0,30,DCM,1.0,False,,,1.0,,
2329,2.0,30,ICM-noSI,0.7,True,0.5486859552337352,0.009237636999387178,1.0,,
2329,2.0,30,ICM-noSI,0.75,True,0.49550721280583765,0.00921554199885577,1.0,,
2329,2.0,30,ICM-noSI,0.8,True,0.442328470578454,0.008736706000490813,1.0,,
2329,2.0,30,ICM-noSI,0.85,True,0.3891497284434147,0.009480872000494855,1.0,,
2329,2.0,30,ICM-noSI,0.9,True,0.3359709773945085,0.01005684099982318,1.0,0.0,-0.40688017390341746
2329,2.0,30,ICM-noSI,0.95,True,0.2827922454848239,0.010123613001269405,1.0,,
2329,2.0,30,ICM-noSI,1.0,True,0.22961350265219527,0.0096891119992506,1.0,,
2329,2.0,30,ICM,0.7,True,0.5574468400462916,0.01587106499937363,1.0,,
2329,2.0,30,ICM,0.75,True,0.5033251525013347,0.01520985000024666,1.0,,
2329,2.0,30,ICM,0.8,True,0.4492034647089727,0.016324864000125672,1.0,,
2329,2.0,30,ICM,0.85,True,0.3950817744677785,0.016459533999295672,1.0,,
2329,2.0,30,ICM,0.9,True,0.3409600826877479,0.020798338000531658,1.0,0.0,-0.41036264378327647
2329,2.0,30,ICM,0.95,True,0.2868384038080937,0.020429038000656874,1.0,,
2329,2.0,30,ICM,1.0,True,0.23271671636321112,0.019108753000182332,1.0,,
2346,2.0,30,DCM,0.7,False,,,1.0,,
2346,2.0,30,DCM,0.75,False,,,1.0,,
2346,2.0,30,DCM,0.8,False,,,1.0,,
2346,2.0,30,DCM,0.85,False,,,1.0,,
2346,2.0,30,DCM,0.9,False,,,1.0,,
2346,2.0,30,DCM,0.95,False,,,1.0,,
2346,2.0,30,DCM,1.0,False,,,1.0,,
2346,2.0,30,ICM-noSI,0.7,True,0.5229304238355328,0.009065784999620519,1.0,,
2346,2.0,30,ICM-noSI,0.75,True,0.4714782010723207,0.009062351999091334,1.0,,
2346,2.0,30,ICM-noSI,0.8,True,0.4200259761034815,0.008745598999666981,1.0,,
2346,2.0,30,ICM-noSI,0.85,True,0.3685737652382818,0.009668352000517189,1.0,,
2346,2.0,30,ICM-noSI,0.9,True,0.31712154447901164,0.009592913998858421,1.0,0.0,-0.274280885924971
2346,2.0,30,ICM-noSI,0.95,True,0.2661670264759226,0.009968833999664639,1.0,,
2346,2.0,30,ICM-noSI,1.0,True,0.21547361803345028,0.009204370000588824,1.0,,
2346,2.0,30,ICM,0.7,True,0.5462573657686433,0.015663942000173847,1.0,,
2346,2.0,30,ICM,0.75,True,0.49502522186368564,0.014484696999716107,1.0,,
2346,2.0,30,ICM,0.8,True,0.4437930881230046,0.014758430999791017,1.0,,
2346,2.0,30,ICM,0.85,True,0.3925609606826233,0.014749084000868606,1.0,,
2346,2.0,30,ICM,0.9,True,0.3413288232193522,0.014098440999077866,1.0,0.0,-0.28660918006681235
2346,2.0,30,ICM,0.95,True,0.2901414433973462,0.014790398001423455,1.0,,
2346,2.0,30,ICM,1.0,True,0.2390710513255993,0.0159853999994084,1.0,,
2363,2.0,30,DCM,0.7,False,,,1.0,,
2363,2.0,30,DCM,0.75,False,,,1.0,,
2363,2.0,30,DCM,0.8,False,,,1.0,,
2363,2.0,30,DCM,0.85,False,,,1.0,,
2363,2.0,30,DCM,0.9,False,,,1.0,,
2363,2.0,30,DCM,0.95,False,,,1.0,,
2363,2.0,30,DCM,1.0,False,,,1.0,,
2363,2.0,30,ICM-noSI,0.7,True,0.5303390348053464,0.009454748000280233,1.0,,
2363,2.0,30,ICM-noSI,0.75,True,0.47971834394066987,0.009342890998595976,1.0,,
2363,2.0,30,ICM-noSI,0.8,True,0.4290976696088878,0.009955695999451564,1.0,,
2363,2.0,30,ICM-noSI,0.85,True,0.3784769836852202,0.01007618900075613,1.0,,
2363,2.0,30,ICM-noSI,0.9,True,0.3278562969176583,0.009401121000337298,1.0,0.0,-0.31428980191971756
2363,2.0,30,ICM-noSI,0.95,True,0.2775778585217625,0.009154858998954296,1.0,,
2363,2.0,30,ICM-noSI,1.0,True,0.2278448836379345,0.009034269998664968,1.0,,
2363,2.0,30,ICM,0.7,True,0.522619298549375,0.01411729000028572,1.0,,
2363,2.0,30,ICM,0.75,True,0.47263196301066557,0.013082977000522078,1.0,,
2363,2.0,30,ICM,0.8,True,0.4226446403045708,0.013307678000273881,1.0,,
2363,2.0,30,ICM,0.85,True,0.37265730305469846,0.013764991999778431,1.0,,
2363,2.0,30,ICM,0.9,True,0.32266996004806386,0.014065822999327793,1.0,0.0,-0.30780847646038634
2363,2.0,30,ICM,0.95,True,0.2727486000233087,0.014199671999449492,1.0,,
2363,2.0,30,ICM,1.0,True,0.22294103097551154,0.01382303900027182,1.0,,
2380,2.0,30,DCM,0.7,False,,,1.0,,
2380,2.0,30,DCM,0.75,False,,,1.0,,
2380,2.0,30,DCM,0.8,False,,,1.0,,
2380,2.0,30,DCM,0.85,False,,,1.0,,
2380,2.0,30,DCM,0.9,False,,,1.0,,
2380,2.0,30,DCM,0.95,False,,,1.0,,
2380,2.0,30,DCM,1.0,False,,,1.0,,
2380,2.0,30,ICM-noSI,0.7,True,0.5294914034267647,0.01373339599922474,1.0,,
2380,2.0,30,ICM-noSI,0.75,True,0.47901388988499943,0.012992415000553592,1.0,,
2380,2.0,30,ICM-noSI,0.8,True,0.42853637568359043,0.013431946999844513,1.0,,
2380,2.0,30,ICM-noSI,0.85,True,0.3780588574577845,0.01394267500108981,1.0,,
2380,2.0,30,ICM-noSI,0.9,True,0.3275813571259219,0.014187887998559745,1.0,0.0,-0.42763318004110784
2380,2.0,30,ICM-noSI,0.95,True,0.27739388489511385,0.01309402400147519,1.0,,
2380,2.0,30,ICM-noSI,1.0,True,0.22768074633299523,0.011067977999118739,1.0,,
2380,2.0,30,ICM,0.7,True,0.5438621362390467,0.010531768000873853,1.0,,
2380,2.0,30,ICM,0.75,True,0.49252082464488794,0.010726640999564552,1.0,,
2380,2.0,30,ICM,0.8,True,0.44117950913430537,0.010373356000854983,1.0,,
2380,2.0,30,ICM,0.85,True,0.389838202760504,0.00976607799930207,1.0,,
2380,2.0,30,ICM,0.9,True,0.33849690627385115,0.010379352999734692,1.0,0.0,-0.43517804318748277
2380,2.0,30,ICM,0.95,True,0.28717504985729797,0.009695905999251409,1.0,,
2380,2.0,30,ICM,1.0,True,0.23599709382929482,0.009775145001185592,1.0,,
2397,2.0,30,DCM,0.7,False,,,1.0,,
2397,2.0,30,DCM,0.75,False,,,1.0,,
2397,2.0,30,DCM,0.8,False,,,1.0,,
2397,2.0,30,DCM,0.85,False,,,1.0,,
2397,2.0,30,DCM,0.9,False,,,1.0,,
2397,2.0,30,DCM,0.95,False,,,1.0,,
2397,2.0,30,DCM,1.0,False,,,1.0,,
2397,2.0,30,ICM-noSI,0.7,True,0.5224427547540469,0.014748405999853276,1.0,,
2397,2.0,30,ICM-noSI,0.75,True,0.47157633564660456,0.014297937999799615,1.0,,
2397,2.0,30,ICM-noSI,0.8,True,0.42070991645003203,0.014114241999777732,1.0,,
2397,2.0,30,ICM-noSI,0.85,True,0.3698434967595741,0.01410620099886728,1.0,,
2397,2.0,30,ICM-noSI,0.9,True,0.3189770776647076,0.01384474799851887,1.0,0.0,-0.3177567884027327
2397,2.0,30,ICM-noSI,0.95,True,0.26825417500475934,0.016139548000865034,1.0,,
2397,2.0,30,ICM-noSI,1.0,True,0.21823932503686788,0.016574520001086057,1.0,,
2397,2.0,30,ICM,0.7,True,0.5206779213403948,0.009631601000364753,1.0,,
2397,2.0,30,ICM,0.75,True,0.4697322136694655,0.010178511000049184,1.0,,
2397,2.0,30,ICM,0.8,True,0.41878650595348227,0.010279078000166919,1.0,,
2397,2.0,30,ICM,0.85,True,0.3678407982094027,0.011655914000584744,1.0,,
2397,2.0,30,ICM,0.9,True,0.3168950847369261,0.011914188000446302,1.0,0.0,-0.31610057448092077
2397,2.0,30,ICM,0.95,True,0.2659700837359521,0.009730415000376524,1.0,,
2397,2.0,30,ICM,1.0,True,0.21521631657643608,0.00920230700103275,1.0,,
2414,2.0,30,DCM,0.7,False,,,1.0,,
2414,2.0,30,DCM,0.75,False,,,1.0,,
2414,2.0,30,DCM,0.8,False,,,1.0,,
2414,2.0,30,DCM,0.85,False,,,1.0,,
2414,2.0,30,DCM,0.9,False,,,1.0,,
2414,2.0,30,DCM,0.95,False,,,1.0,,
2414,2.0,30,DCM,1.0,False,,,1.0,,
2414,2.0,30,ICM-noSI,0.7,True,0.5578646957106537,0.012233265999384457,1.0,,
2414,2.0,30,ICM-noSI,0.75,True,0.5071748400127047,0.01208118199974706,1.0,,
2414,2.0,30,ICM-noSI,0.8,True,0.4564849817857853,0.012560954000946367,1.0,,
2414,2.0,30,ICM-noSI,0.85,True,0.4057951218650014,0.012940438000441645,1.0,,
2414,2.0,30,ICM-noSI,0.9,True,0.3551052810636497,0.013815577998684603,1.0,0.0,-0.30503970488123566
2414,2.0,30,ICM-noSI,0.95,True,0.30486352738541944,0.013413946000582655,1.0,,
2414,2.0,30,ICM-noSI,1.0,True,0.25587535994125127,0.015347344999099732,1.0,,
2414,2.0,30,ICM,0.7,True,0.5536083834322257,0.009338648000266403,1.0,,
2414,2.0,30,ICM,0.75,True,0.5017652578333063,0.00915127799999027,1.0,,
2414,2.0,30,ICM,0.8,True,0.449922131736401,0.00969324399920879,1.0,,
2414,2.0,30,ICM,0.85,True,0.3980790045559306,0.010289724999893224,1.0,,
2414,2.0,30,ICM,0.9,True,0.34623587719615107,0.010935946000245167,1.0,0.0,-0.4107664759056967
2414,2.0,30,ICM,0.95,True,0.2943927485677555,0.010954964000120526,1.0,,
2414,2.0,30,ICM,1.0,True,0.24254962274033126,0.009630579999793554,1.0,,
2431,2.0,30,DCM,0.7,False,,,1.0,,
2431,2.0,30,DCM,0.75,False,,,1.0,,
2431,2.0,30,DCM,0.8,False,,,1.0,,
2431,2.0,30,DCM,0.85,False,,,1.0,,
2431,2.0,30,DCM,0.9,False,,,1.0,,
2431,2.0,30,DCM,0.95,False,,,1.0,,
2431,2.0,30,DCM,1.0,False,,,1.0,,
2431,2.0,30,ICM-noSI,0.7,True,0.569879983868968,0.013487519001500914,1.0,,
2431,2.0,30,ICM-noSI,0.75,True,0.5194985233404253,0.014543390998369432,1.0,,
2431,2.0,30,ICM-noSI,0.8,True,0.46911708208042263,0.013482955999279511,1.0,,
2431,2.0,30,ICM-noSI,0.85,True,0.41873562958754373,0.014279723000072408,1.0,,
2431,2.0,30,ICM-noSI,0.9,True,0.3683541767856781,0.014223529999071616,1.0,0.0,-0.35497328135653894
2431,2.0,30,ICM-noSI,0.95,True,0.31797271525711307,0.01480634600011399,1.0,,
2431,2.0,30,ICM-noSI,1.0,True,0.26763197878615363,0.01397066800018365,1.0,,
2431,2.0,30,ICM,0.7,True,0.5759855307315801,0.012747933998980443,1.0,,
2431,2.0,30,ICM,0.75,True,0.5249351218694935,0.013976031999845873,1.0,,
2431,2.0,30,ICM,0.8,True,0.47388471404567356,0.012774778999300906,1.0,,
2431,2.0,30,ICM,0.85,True,0.4228343047917391,0.012828605000322568,1.0,,
2431,2.0,30,ICM,0.9,True,0.3717838955484223,0.012301040998863755,1.0,0.0,-0.3690211515273317
2431,2.0,30,ICM,0.95,True,0.32073348707338784,0.012231040000187932,1.0,,
2431,2.0,30,ICM,1.0,True,0.26969109680505987,0.012484893999499036,1.0,,
2448,2.0,30,DCM,0.7,False,,,1.0,,
2448,2.0,30,DCM,0.75,False,,,1.0,,
2448,2.0,30,DCM,0.8,False,,,1.0,,
2448,2.0,30,DCM,0.85,False,,,1.0,,
2448,2.0,30,DCM,0.9,False,,,1.0,,
2448,2.0,30,DCM,0.95,False,,,1.0,,
2448,2.0,30,DCM,1.0,False,,,1.0,,
2448,2.0,30,ICM-noSI,0.7,True,0.5102742990874548,0.00912106099895027,1.0,,
2448,2.0,30,ICM-noSI,0.75,True,0.45945311137331857,0.009755349999977625,1.0,,
2448,2.0,30,ICM-noSI,0.8,True,0.40863192191782255,0.009301963000325486,1.0,,
2448,2.0,30,ICM-noSI,0.85,True,0.35781074683464814,0.009456235999095952,1.0,,
2448,2.0,30,ICM-noSI,0.9,True,0.3069895597296985,0.011786744998971699,1.0,0.0,-0.3963451596170945
2448,2.0,30,ICM-noSI,0.95,True,0.25715932486673443,0.01023561200054246,1.0,,
2448,2.0,30,ICM-noSI,1.0,True,0.20758017746961205,0.009823295999012771,1.0,,
2448,2.0,30,ICM,0.7,True,0.5428824235467925,0.013390584001172101,1.0,,
2448,2.0,30,ICM,0.75,True,0.49142614542836827,0.013496771998688928,1.0,,
2448,2.0,30,ICM,0.8,True,0.43996986872858046,0.015248153000356979,1.0,,
2448,2.0,30,ICM,0.85,True,0.3885135924666042,0.015183174000412691,1.0,,
2448,2.0,30,ICM,0.9,True,0.33705732701234853,0.015554727000562707,1.0,0.0,-0.4174457130115956
2448,2.0,30,ICM,0.95,True,0.2856010513366901,0.01710369200009154,1.0,,
2448,2.0,30,ICM,1.0,True,0.2342988798145784,0.015570949000903056,1.0,,
2465,2.0,30,DCM,0.7,False,,,1.0,,
2465,2.0,30,DCM,0.75,False,,,1.0,,
2465,2.0,30,DCM,0.8,False,,,1.0,,
2465,2.0,30,DCM,0.85,False,,,1.0,,
2465,2.0,30,DCM,0.9,False,,,1.0,,
2465,2.0,30,DCM,0.95,False,,,1.0,,
2465,2.0,30,DCM,1.0,False,,,1.0,,
2465,2.0,30,ICM-noSI,0.7,True,0.5945470124290213,0.009076241000002483,1.0,,
2465,2.0,30,ICM-noSI,0.75,True,0.5400615957166957,0.009108845000810106,1.0,,
2465,2.0,30,ICM-noSI,0.8,True,0.48557616405346077,0.008870471001500846,1.0,,
2465,2.0,30,ICM-noSI,0.85,True,0.43109073245541185,0.009142245000475668,1.0,,
2465,2.0,30,ICM-noSI,0.9,True,0.3766053008682999,0.009318046999396756,1.0,0.0,-0.3059643837013549
2465,2.0,30,ICM-noSI,0.95,True,0.3221198651872864,0.01008342699969944,1.0,,
2465,2.0,30,ICM-noSI,1.0,True,0.2676344395022236,0.010746752999693854,1.0,,
2465,2.0,30,ICM,0.7,True,0.6195104103206944,0.018278094999914174,1.0,,
2465,2.0,30,ICM,0.75,True,0.5643755994024879,0.01897108499906608,1.0,,
2465,2.0,30,ICM,0.8,True,0.5092407811918048,0.019132329000058235,1.0,,
2465,2.0,30,ICM,0.85,True,0.4541059644856942,0.019214281999666127,1.0,,
2465,2.0,30,ICM,0.9,True,0.3989711682649415,0.01905155900021782,1.0,0.0,-0.32836857670512243
2465,2.0,30,ICM,0.95,True,0.3438363556259955,0.020789878000869066,1.0,,
2465,2.0,30,ICM,1.0,True,0.2887015432143354,0.019250852999903145,1.0,,
2482,2.0,30,DCM,0.7,False,,,1.0,,
2482,2.0,30,DCM,0.75,False,,,1.0,,
2482,2.0,30,DCM,0.8,False,,,1.0,,
2482,2.0,30,DCM,0.85,False,,,1.0,,
2482,2.0,30,DCM,0.9,False,,,1.0,,
2482,2.0,30,DCM,0.95,False,,,1.0,,
2482,2.0,30,DCM,1.0,False,,,1.0,,
2482,2.0,30,ICM-noSI,0.7,True,0.5467738331051571,0.00893319600072573,1.0,,
2482,2.0,30,ICM-noSI,0.75,True,0.49515003755436776,0.009754474000146729,1.0,,
2482,2.0,30,ICM-noSI,0.8,True,0.44352624254733714,0.010085865998917143,1.0,,
2482,2.0,30,ICM-noSI,0.85,True,0.391902446799225,0.009483610001552734,1.0,,
2482,2.0,30,ICM-noSI,0.9,True,0.3402786552413108,0.01081904599959671,1.0,0.0,-0.30932219448672227
2482,2.0,30,ICM-noSI,0.95,True,0.2889363778357321,0.009497950000877609,1.0,,
2482,2.0,30,ICM-noSI,1.0,True,0.23863464901133855,0.009493118999671424,1.0,,
2482,2.0,30,ICM,0.7,True,0.568335278357958,0.014977756000007503,1.0,,
2482,2.0,30,ICM,0.75,True,0.5159250343102614,0.01423936400169623,1.0,,
2482,2.0,30,ICM,0.8,True,0.46351479005373114,0.014093024999965564,1.0,,
2482,2.0,30,ICM,0.85,True,0.4111045456737441,0.014279926001108834,1.0,,
2482,2.0,30,ICM,0.9,True,0.3586943012903478,0.01305422599943995,1.0,0.0,-0.30399357904358504
2482,2.0,30,ICM,0.95,True,0.30628406231396726,0.013456200000291574,1.0,,
2482,2.0,30,ICM,1.0,True,0.253911945380009,0.012878637999165221,1.0,,
2499,2.0,30,DCM,0.7,False,,,1.0,,
2499,2.0,30,DCM,0.75,False,,,1.0,,
2499,2.0,30,DCM,0.8,False,,,1.0,,
2499,2.0,30,DCM,0.85,False,,,1.0,,
2499,2.0,30,DCM,0.9,False,,,1.0,,
2499,2.0,30,DCM,0.95,False,,,1.0,,
2499,2.0,30,DCM,1.0,False,,,1.0,,
2499,2.0,30,ICM-noSI,0.7,True,0.5580470721232338,0.0140493079998123,1.0,,
2499,2.0,30,ICM-noSI,0.75,True,0.5053719600693688,0.013805201999275596,1.0,,
2499,2.0,30,ICM-noSI,0.8,True,0.4526968480931459,0.01664380100010021,1.0,,
2499,2.0,30,ICM-noSI,0.85,True,0.40002173614472547,0.017449547000069288,1.0,,
2499,2.0,30,ICM-noSI,0.9,True,0.3473466142225707,0.019198945999960415,1.0,0.0,-0.3394993894678222
2499,2.0,30,ICM-noSI,0.95,True,0.2946715148939954,0.019639846999780275,1.0,,
2499,2.0,30,ICM-noSI,1.0,True,0.24271296750049123,0.02084257900060038,1.0,,
2499,2.0,30,ICM,0.7,True,0.5228545544697534,0.05134861399892543,1.0,,
2499,2.0,30,ICM,0.75,True,0.4720748915228228,0.011339066999425995,1.0,,
2499,2.0,30,ICM,0.8,True,0.4212952317313175,0.010272526000335347,1.0,,
2499,2.0,30,ICM,0.85,True,0.37051556575187056,0.010711979999541654,1.0,,
2499,2.0,30,ICM,0.9,True,0.319735898067019,0.010861599001145805,1.0,0.0,-0.3146525668762863
2499,2.0,30,ICM,0.95,True,0.2689782073935313,0.010163498000110849,1.0,,
2499,2.0,30,ICM,1.0,True,0.2183555961391613,0.010660556999937398,1.0,,
2516,2.0,30,DCM,0.7,False,,,1.0,,
2516,2.0,30,DCM,0.75,False,,,1.0,,
2516,2.0,30,DCM,0.8,False,,,1.0,,
2516,2.0,30,DCM,0.85,False,,,1.0,,
2516,2.0,30,DCM,0.9,False,,,1.0,,
2516,2.0,30,DCM,0.95,False,,,1.0,,
2516,2.0,30,DCM,1.0,False,,,1.0,,
2516,2.0,30,ICM-noSI,0.7,True,0.5504810738380913,0.012655253998673288,1.0,,
2516,2.0,30,ICM-noSI,0.75,True,0.4984187622433132,0.012828224998884252,1.0,,
2516,2.0,30,ICM-noSI,0.8,True,0.44635645082345854,0.01288909600043553,1.0,,
2516,2.0,30,ICM-noSI,0.85,True,0.3942941394899547,0.013258693001262145,1.0,,
2516,2.0,30,ICM-noSI,0.9,True,0.3422318268815708,0.012597685999935493,1.0,0.0,-0.25182259083960545
2516,2.0,30,ICM-noSI,0.95,True,0.29016951701220306,0.01436919499974465,1.0,,
2516,2.0,30,ICM-noSI,1.0,True,0.2386611686036689,0.013110537998727523,1.0,,
2516,2.0,30,ICM,0.7,True,0.5680565679769138,0.00917017699975986,1.0,,
2516,2.0,30,ICM,0.75,True,0.5164869128026457,0.008908320998671115,1.0,,
2516,2.0,30,ICM,0.8,True,0.4649172576872819,0.009857970999291865,1.0,,
2516,2.0,30,ICM,0.85,True,0.41334760214918126,0.010184847998971236,1.0,,
2516,2.0,30,ICM,0.9,True,0.3617779469465055,0.009399618000315968,1.0,0.0,-0.2734638714586135
2516,2.0,30,ICM,0.95,True,0.31020828769194414,0.009810458999709226,1.0,,
2516,2.0,30,ICM,1.0,True,0.25863863711596147,0.009481714998401003,1.0,,
2533,2.0,30,DCM,0.7,False,,,1.0,,
2533,2.0,30,DCM,0.75,False,,,1.0,,
2533,2.0,30,DCM,0.8,False,,,1.0,,
2533,2.0,30,DCM,0.85,False,,,1.0,,
2533,2.0,30,DCM,0.9,False,,,1.0,,
2533,2.0,30,DCM,0.95,False,,,1.0,,
2533,2.0,30,DCM,1.0,False,,,1.0,,
2533,2.0,30,ICM-noSI,0.7,True,0.4804317797910656,0.01608295900041412,1.0,,
2533,2.0,30,ICM-noSI,0.75,True,0.43058043361703935,0.015215377999993507,1.0,,
2533,2.0,30,ICM-noSI,0.8,True,0.38072908818045403,0.015260870000929572,1.0,,
2533,2.0,30,ICM-noSI,0.85,True,0.330877742614172,0.01373975099886593,1.0,,
2533,2.0,30,ICM-noSI,0.9,True,0.28102639764091086,0.013790510000035283,1.0,0.0,-0.3035763122163738
2533,2.0,30,ICM-noSI,0.95,True,0.23133152017196826,0.014290487000835128,1.0,,
2533,2.0,30,ICM-noSI,1.0,True,0.18326321787741523,0.014331145999676664,1.0,,
2533,2.0,30,ICM,0.7,True,0.6614610930585295,0.009035232998940046,1.0,,
2533,2.0,30,ICM,0.75,True,0.6085582683487092,0.009146852999037947,1.0,,
2533,2.0,30,ICM,0.8,True,0.5556554367294484,0.00982328600002802,1.0,,
2533,2.0,30,ICM,0.85,True,0.5027526160512001,0.009453773998757242,1.0,,
2533,2.0,30,ICM,0.9,True,0.4498498031666478,0.009629222000512527,1.0,0.0,-0.32303747975838104
2533,2.0,30,ICM,0.95,True,0.39694698016495483,0.010553202000664896,1.0,,
2533,2.0,30,ICM,1.0,True,0.34404415553728956,0.010807933998876251,1.0,,
3210,3.0,30,DCM,0.7,False,,,1.0,,
3210,3.0,30,DCM,0.75,False,,,1.0,,
3210,3.0,30,DCM,0.8,False,,,1.0,,
3210,3.0,30,DCM,0.85,False,,,1.0,,
3210,3.0,30,DCM,0.9,False,,,1.0,,
3210,3.0,30,DCM,0.95,False,,,1.0,,
3210,3.0,30,DCM,1.0,False,,,1.0,,
3210,3.0,30,ICM-noSI,0.7,True,0.5714308314758837,0.018678802998692845,1.0,,
3210,3.0,30,ICM-noSI,0.75,True,0.5213182664288446,0.019310441000925493,1.0,,
3210,3.0,30,ICM-noSI,0.8,True,0.47120569932639444,0.020018903000163846,1.0,,
3210,3.0,30,ICM-noSI,0.85,True,0.4210931297245376,0.019093672000963124,1.0,,
3210,3.0,30,ICM-noSI,0.9,True,0.3709805568679308,0.017901626999446307,1.0,0.0,-0.34371082248914
3210,3.0,30,ICM-noSI,0.95,True,0.32086800486115596,0.013033068000368075,1.0,,
3210,3.0,30,ICM-noSI,1.0,True,0.27111699971945835,0.013557127000240143,1.0,,
3210,3.0,30,ICM,0.7,True,0.5630314563519452,0.009071923999727005,1.0,,
3210,3.0,30,ICM,0.75,True,0.5125343118564095,0.00910147499962477,1.0,,
3210,3.0,30,ICM,0.8,True,0.46203717316007625,0.009201778000715422,1.0,,
3210,3.0,30,ICM,0.85,True,0.4115400384996147,0.009633190000386094,1.0,,
3210,3.0,30,ICM,0.9,True,0.36104289757096203,0.009881759000563761,1.0,0.0,-0.35869012938345046
3210,3.0,30,ICM,0.95,True,0.31054574704087184,0.009637492999900132,1.0,,
3210,3.0,30,ICM,1.0,True,0.2601303917891207,0.009152556998742511,1.0,,
3227,3.0,30,DCM,0.7,False,,,1.0,,
3227,3.0,30,DCM,0.75,False,,,1.0,,
3227,3.0,30,DCM,0.8,False,,,1.0,,
3227,3.0,30,DCM,0.85,False,,,1.0,,
3227,3.0,30,DCM,0.9,False,,,1.0,,
3227,3.0,30,DCM,0.95,False,,,1.0,,
3227,3.0,30,DCM,1.0,False,,,1.0,,
3227,3.0,30,ICM-noSI,0.7,True,0.5934107225635844,0.012851924999267794,1.0,,
3227,3.0,30,ICM-noSI,0.75,True,0.5426514342309952,0.012814073999834363,1.0,,
3227,3.0,30,ICM-noSI,0.8,True,0.49189214554226873,0.012444590000086464,1.0,,
3227,3.0,30,ICM-noSI,0.85,True,0.4411328560457489,0.012663170999076101,1.0,,
3227,3.0,30,ICM-noSI,0.9,True,0.3903735707429836,0.012421932000506786,1.0,0.0,-0.41225039155114573
3227,3.0,30,ICM-noSI,0.95,True,0.3396142810357161,0.012535784000647254,1.0,,
3227,3.0,30,ICM-noSI,1.0,True,0.2892151641375851,0.012568015999931959,1.0,,
3227,3.0,30,ICM,0.7,True,0.5895233666512645,0.016545996000786545,1.0,,
3227,3.0,30,ICM,0.75,True,0.5378928652316549,0.016219229000853375,1.0,,
3227,3.0,30,ICM,0.8,True,0.4862623634580034,0.01648211999963678,1.0,,
3227,3.0,30,ICM,0.85,True,0.43463186189270797,0.016514909999386873,1.0,,
3227,3.0,30,ICM,0.9,True,0.3830013572452036,0.01640821799992409,1.0,0.0,-0.43499040802348476
3227,3.0,30,ICM,0.95,True,0.33137084976167414,0.010782014000142226,1.0,,
3227,3.0,30,ICM,1.0,True,0.279809594705914,0.012245542000528076,1.0,,
3244,3.0,30,DCM,0.7,False,,,1.0,,
3244,3.0,30,DCM,0.75,False,,,1.0,,
3244,3.0,30,DCM,0.8,False,,,1.0,,
3244,3.0,30,DCM,0.85,False,,,1.0,,
3244,3.0,30,DCM,0.9,False,,,1.0,,
3244,3.0,30,DCM,0.95,False,,,1.0,,
3244,3.0,30,DCM,1.0,False,,,1.0,,
3244,3.0,30,ICM-noSI,0.7,True,0.5134761742214156,0.014906754000548972,1.0,,
3244,3.0,30,ICM-noSI,0.75,True,0.4630224759023832,0.013611431000754237,1.0,,
3244,3.0,30,ICM-noSI,0.8,True,0.4125687767024164,0.014387270999577595,1.0,,
3244,3.0,30,ICM-noSI,0.85,True,0.36211507802567044,0.014907427999787615,1.0,,
3244,3.0,30,ICM-noSI,0.9,True,0.3116613798215316,0.014190482999765663,1.0,0.0,-0.2767668859443351
3244,3.0,30,ICM-noSI,0.95,True,0.26120767980394866,0.015131225000004633,1.0,,
3244,3.0,30,ICM-noSI,1.0,True,0.2120455066199498,0.015222687999994378,1.0,,
3244,3.0,30,ICM,0.7,True,0.5310456238887813,0.019370592999621294,1.0,,
3244,3.0,30,ICM,0.75,True,0.48097443129014666,0.02003004600010172,1.0,,
3244,3.0,30,ICM,0.8,True,0.430903238480337,0.018895327999416622,1.0,,
3244,3.0,30,ICM,0.85,True,0.38083204825630806,0.019714440999450744,1.0,,
3244,3.0,30,ICM,0.9,True,0.33076087565295786,0.02007303100072022,1.0,0.0,-0.34261444446076317
3244,3.0,30,ICM,0.95,True,0.28068968557904,0.01966962299957231,1.0,,
3244,3.0,30,ICM,1.0,True,0.23061849584098312,0.020253999000487966,1.0,,
3261,3.0,30,DCM,0.7,False,,,1.0,,
3261,3.0,30,DCM,0.75,False,,,1.0,,
3261,3.0,30,DCM,0.8,False,,,1.0,,
3261,3.0,30,DCM,0.85,False,,,1.0,,
3261,3.0,30,DCM,0.9,False,,,1.0,,
3261,3.0,30,DCM,0.95,False,,,1.0,,
3261,3.0,30,DCM,1.0,False,,,1.0,,
3261,3.0,30,ICM-noSI,0.7,True,0.6322085024212599,0.009071870001207571,1.0,,
3261,3.0,30,ICM-noSI,0.75,True,0.5785537346182057,0.009094664001167985,1.0,,
3261,3.0,30,ICM-noSI,0.8,True,0.5248989659722288,0.009713485998872784,1.0,,
3261,3.0,30,ICM-noSI,0.85,True,0.47124419626876185,0.009872943001028034,1.0,,
3261,3.0,30,ICM-noSI,0.9,True,0.41758942201267785,0.010599066001304891,1.0,0.0,-0.34801955657898687
3261,3.0,30,ICM-noSI,0.95,True,0.36393466255631785,0.00940721000006306,1.0,,
3261,3.0,30,ICM-noSI,1.0,True,0.3109030194099075,0.009082443999432144,1.0,,
3261,3.0,30,ICM,0.7,True,0.6609675283604232,0.013986969999677967,1.0,,
3261,3.0,30,ICM,0.75,True,0.6095580519696335,0.013204512999436702,1.0,,
3261,3.0,30,ICM,0.8,True,0.5581485767235345,0.012258646998816403,1.0,,
3261,3.0,30,ICM,0.85,True,0.5067391007812586,0.011876052001753123,1.0,,
3261,3.0,30,ICM,0.9,True,0.45532962110439357,0.012268157001017244,1.0,0.0,-0.38271917669645117
3261,3.0,30,ICM,0.95,True,0.40392015300321626,0.013238290999652236,1.0,,
3261,3.0,30,ICM,1.0,True,0.35251067771902045,0.013170939999326947,1.0,,
3278,3.0,30,DCM,0.7,False,,,1.0,,
3278,3.0,30,DCM,0.75,False,,,1.0,,
3278,3.0,30,DCM,0.8,False,,,1.0,,
3278,3.0,30,DCM,0.85,False,,,1.0,,
3278,3.0,30,DCM,0.9,False,,,1.0,,
3278,3.0,30,DCM,0.95,False,,,1.0,,
3278,3.0,30,DCM,1.0,False,,,1.0,,
3278,3.0,30,ICM-noSI,0.7,True,0.5513745680190396,0.009754028998941067,1.0,,
3278,3.0,30,ICM-noSI,0.75,True,0.4966056043721509,0.00990550999995321,1.0,,
3278,3.0,30,ICM-noSI,0.8,True,0.44183664190084193,0.00973961199997575,1.0,,
3278,3.0,30,ICM-noSI,0.85,True,0.3870676777496439,0.00965997899947979,1.0,,
3278,3.0,30,ICM-noSI,0.9,True,0.3322987280469448,0.011303916999167996,1.0,0.0,-0.3039750919858569
3278,3.0,30,ICM-noSI,0.95,True,0.27752976752232544,0.009449057999518118,1.0,,
3278,3.0,30,ICM-noSI,1.0,True,0.222818657342123,0.009093475999179645,1.0,,
3278,3.0,30,ICM,0.7,True,0.53035579505407,0.01652876900152478,1.0,,
3278,3.0,30,ICM,0.75,True,0.4758186086408251,0.018112059000486624,1.0,,
3278,3.0,30,ICM,0.8,True,0.4212814237799147,0.01845516499997757,1.0,,
3278,3.0,30,ICM,0.85,True,0.366744243041226,0.017460787999880267,1.0,,
3278,3.0,30,ICM,0.9,True,0.3122070718836248,0.016743643000154407,1.0,0.0,-0.3003147380420558
3278,3.0,30,ICM,0.95,True,0.25766988647337963,0.01704572499875212,1.0,,
3278,3.0,30,ICM,1.0,True,0.20318602825450902,0.014631089999966207,1.0,,
3295,3.0,30,DCM,0.7,False,,,1.0,,
3295,3.0,30,DCM,0.75,False,,,1.0,,
3295,3.0,30,DCM,0.8,False,,,1.0,,
3295,3.0,30,DCM,0.85,False,,,1.0,,
3295,3.0,30,DCM,0.9,False,,,1.0,,
3295,3.0,30,DCM,0.95,False,,,1.0,,
3295,3.0,30,DCM,1.0,False,,,1.0,,
3295,3.0,30,ICM-noSI,0.7,True,0.6588933055851734,0.010167279000597773,1.0,,
3295,3.0,30,ICM-noSI,0.75,True,0.6022771461015749,0.009620753000490367,1.0,,
3295,3.0,30,ICM-noSI,0.8,True,0.5456609882035367,0.0099882959984825,1.0,,
3295,3.0,30,ICM-noSI,0.85,True,0.4890448348711012,0.009789231999093317,1.0,,
3295,3.0,30,ICM-noSI,0.9,True,0.43242867348238173,0.010025719999248395,1.0,0.0,-0.36360272199343546
3295,3.0,30,ICM-noSI,0.95,True,0.37581250358320706,0.009596849000445218,1.0,,
3295,3.0,30,ICM-noSI,1.0,True,0.32071188056766725,0.009132754999882309,1.0,,
3295,3.0,30,ICM,0.7,True,0.5956228206876079,0.01401172000078077,1.0,,
3295,3.0,30,ICM,0.75,True,0.5427898972937176,0.015382489000330679,1.0,,
3295,3.0,30,ICM,0.8,True,0.4899569783647413,0.01448009399973671,1.0,,
3295,3.0,30,ICM,0.85,True,0.43712405040629104,0.015104363999853376,1.0,,
3295,3.0,30,ICM,0.9,True,0.3842911069721717,0.014596520999475615,1.0,0.0,-0.3512200511575535
3295,3.0,30,ICM,0.95,True,0.33145819428216333,0.01585745699958352,1.0,,
3295,3.0,30,ICM,1.0,True,0.2787727548287999,0.01684651800132997,1.0,,
3312,3.0,30,DCM,0.7,False,,,1.0,,
3312,3.0,30,DCM,0.75,False,,,1.0,,
3312,3.0,30,DCM,0.8,False,,,1.0,,
3312,3.0,30,DCM,0.85,False,,,1.0,,
3312,3.0,30,DCM,0.9,False,,,1.0,,
3312,3.0,30,DCM,0.95,False,,,1.0,,
3312,3.0,30,DCM,1.0,False,,,1.0,,
3312,3.0,30,ICM-noSI,0.7,True,0.5585744052398101,0.00950125700001081,1.0,,
3312,3.0,30,ICM-noSI,0.75,True,0.5021090478072363,0.009407213001395576,1.0,,
3312,3.0,30,ICM-noSI,0.8,True,0.4456436860202567,0.009715746999063413,1.0,,
3312,3.0,30,ICM-noSI,0.85,True,0.38917832753682235,0.010170735000428976,1.0,,
3312,3.0,30,ICM-noSI,0.9,True,0.332712980979666,0.010122825999133056,1.0,0.0,-0.3428427937869176
3312,3.0,30,ICM-noSI,0.95,True,0.2762476236594157,0.009860046000540024,1.0,,
3312,3.0,30,ICM-noSI,1.0,True,0.22055223592044026,0.009840729000643478,1.0,,
3312,3.0,30,ICM,0.7,True,0.5982371881526254,0.012041817999488558,1.0,,
3312,3.0,30,ICM,0.75,True,0.5409840404958817,0.012484269998822128,1.0,,
3312,3.0,30,ICM,0.8,True,0.483730892760177,0.01315776800038293,1.0,,
3312,3.0,30,ICM,0.85,True,0.426477744895449,0.01344063400028972,1.0,,
3312,3.0,30,ICM,0.9,True,0.3692245958409672,0.01331176600069739,1.0,0.0,-0.35257734370130067
3312,3.0,30,ICM,0.95,True,0.31197143692737495,0.013930614000855712,1.0,,
3312,3.0,30,ICM,1.0,True,0.25477707471467503,0.014235741000447888,1.0,,
3329,3.0,30,DCM,0.7,False,,,1.0,,
3329,3.0,30,DCM,0.75,False,,,1.0,,
3329,3.0,30,DCM,0.8,False,,,1.0,,
3329,3.0,30,DCM,0.85,False,,,1.0,,
3329,3.0,30,DCM,0.9,False,,,1.0,,
3329,3.0,30,DCM,0.95,False,,,1.0,,
3329,3.0,30,DCM,1.0,False,,,1.0,,
3329,3.0,30,ICM-noSI,0.7,True,0.5259473515979934,0.010665599998901598,1.0,,
3329,3.0,30,ICM-noSI,0.75,True,0.47491429569231036,0.011072281000451767,1.0,,
3329,3.0,30,ICM-noSI,0.8,True,0.42388123629693064,0.01030508700023347,1.0,,
3329,3.0,30,ICM-noSI,0.85,True,0.37284817542657406,0.009777107999980217,1.0,,
3329,3.0,30,ICM-noSI,0.9,True,0.3218151154378386,0.009151850999842281,1.0,0.0,-0.3907631148642722
3329,3.0,30,ICM-noSI,0.95,True,0.27078206998647786,0.00886343999991368,1.0,,
3329,3.0,30,ICM-noSI,1.0,True,0.22136133700125102,0.008861219999744208,1.0,,
3329,3.0,30,ICM,0.7,True,0.5615450626597677,0.016177827999854344,1.0,,
3329,3.0,30,ICM,0.75,True,0.5091199535636717,0.015271545000359765,1.0,,
3329,3.0,30,ICM,0.8,True,0.45669485961892137,0.014228370999262552,1.0,,
3329,3.0,30,ICM,0.85,True,0.40426975454812575,0.015014090999102336,1.0,,
3329,3.0,30,ICM,0.9,True,0.35184464948801525,0.014737687999513582,1.0,0.0,-0.3951616149983308
3329,3.0,30,ICM,0.95,True,0.29941954429180645,0.014752557000974775,1.0,,
3329,3.0,30,ICM,1.0,True,0.24707312002187687,0.014491608999378514,1.0,,
3346,3.0,30,DCM,0.7,False,,,1.0,,
3346,3.0,30,DCM,0.75,False,,,1.0,,
3346,3.0,30,DCM,0.8,False,,,1.0,,
3346,3.0,30,DCM,0.85,False,,,1.0,,
3346,3.0,30,DCM,0.9,False,,,1.0,,
3346,3.0,30,DCM,0.95,False,,,1.0,,
3346,3.0,30,DCM,1.0,False,,,1.0,,
3346,3.0,30,ICM-noSI,0.7,True,0.5091661347202979,0.014847900001768721,1.0,,
3346,3.0,30,ICM-noSI,0.75,True,0.4615684426639227,0.014547058000971447,1.0,,
3346,3.0,30,ICM-noSI,0.8,True,0.41397075042069814,0.014132985999822267,1.0,,
3346,3.0,30,ICM-noSI,0.85,True,0.36637305720700913,0.01452838899967901,1.0,,
3346,3.0,30,ICM-noSI,0.9,True,0.31877537706626974,0.013881943999876967,1.0,0.0,-0.3886299413710925
3346,3.0,30,ICM-noSI,0.95,True,0.27117768529537684,0.012073169000359485,1.0,,
3346,3.0,30,ICM-noSI,1.0,True,0.22434534032630563,0.011312753000311204,1.0,,
3346,3.0,30,ICM,0.7,True,0.6159087946522046,0.009380625999256154,1.0,,
3346,3.0,30,ICM,0.75,True,0.5667518859651468,0.009627879999243305,1.0,,
3346,3.0,30,ICM,0.8,True,0.517594977410978,0.0099268519988982,1.0,,
3346,3.0,30,ICM,0.85,True,0.4684380628390107,0.009816275000048336,1.0,,
3346,3.0,30,ICM,0.9,True,0.4192811666684197,0.012483403999794973,1.0,0.0,-0.41621327677727316
3346,3.0,30,ICM,0.95,True,0.37012425900209417,0.009864055999059929,1.0,,
3346,3.0,30,ICM,1.0,True,0.3209673514859007,0.010533250999287702,1.0,,
3363,3.0,30,DCM,0.7,False,,,1.0,,
3363,3.0,30,DCM,0.75,False,,,1.0,,
3363,3.0,30,DCM,0.8,False,,,1.0,,
3363,3.0,30,DCM,0.85,False,,,1.0,,
3363,3.0,30,DCM,0.9,False,,,1.0,,
3363,3.0,30,DCM,0.95,False,,,1.0,,
3363,3.0,30,DCM,1.0,False,,,1.0,,
3363,3.0,30,ICM-noSI,0.7,True,0.5361904936996569,0.014317297000161489,1.0,,
3363,3.0,30,ICM-noSI,0.75,True,0.4869024113428051,0.013956512999357074,1.0,,
3363,3.0,30,ICM-noSI,0.8,True,0.43761432887982826,0.014955261000068276,1.0,,
3363,3.0,30,ICM-noSI,0.85,True,0.3883262462312699,0.013931214998592623,1.0,,
3363,3.0,30,ICM-noSI,0.9,True,0.33903816348354626,0.013792562000162434,1.0,0.0,-0.363798467740587
3363,3.0,30,ICM-noSI,0.95,True,0.2897500790458354,0.013526221999200061,1.0,,
3363,3.0,30,ICM-noSI,1.0,True,0.2404619916840883,0.010357262000979972,1.0,,
3363,3.0,30,ICM,0.7,True,0.5671194040441112,0.00965511700087518,1.0,,
3363,3.0,30,ICM,0.75,True,0.516432806906288,0.009721078999064048,1.0,,
3363,3.0,30,ICM,0.8,True,0.4657462092240839,0.010284272000717465,1.0,,
3363,3.0,30,ICM,0.85,True,0.4150596108759063,0.010627886000293074,1.0,,
3363,3.0,30,ICM,0.9,True,0.3643730119212234,0.01118547700025374,1.0,0.0,-0.3815527467446531
3363,3.0,30,ICM,0.95,True,0.31368641121672675,0.009680245999334147,1.0,,
3363,3.0,30,ICM,1.0,True,0.26299981618438384,0.01132194999991043,1.0,,
3380,3.0,30,DCM,0.7,False,,,1.0,,
3380,3.0,30,DCM,0.75,False,,,1.0,,
3380,3.0,30,DCM,0.8,False,,,1.0,,
3380,3.0,30,DCM,0.85,False,,,1.0,,
3380,3.0,30,DCM,0.9,False,,,1.0,,
3380,3.0,30,DCM,0.95,False,,,1.0,,
3380,3.0,30,DCM,1.0,False,,,1.0,,
3380,3.0,30,ICM-noSI,0.7,True,0.5266278665500684,0.020353160000013304,1.0,,
3380,3.0,30,ICM-noSI,0.75,True,0.4741512413682509,0.020306559999880847,1.0,,
3380,3.0,30,ICM-noSI,0.8,True,0.4216746064771476,0.021227785999144544,1.0,,
3380,3.0,30,ICM-noSI,0.85,True,0.3691979681182666,0.022585983999306336,1.0,,
3380,3.0,30,ICM-noSI,0.9,True,0.3171853110887241,0.02078652999989572,1.0,0.0,-0.2967456052970975
3380,3.0,30,ICM-noSI,0.95,True,0.2654562917133543,0.02107387199976074,1.0,,
3380,3.0,30,ICM-noSI,1.0,True,0.2137272724376962,0.020083176001207903,1.0,,
3380,3.0,30,ICM,0.7,True,0.548725918958699,0.008912498999052332,1.0,,
3380,3.0,30,ICM,0.75,True,0.49670633283703847,0.00922684600118373,1.0,,
3380,3.0,30,ICM,0.8,True,0.44468674801775965,0.009690014001535019,1.0,,
3380,3.0,30,ICM,0.85,True,0.39266715816107484,0.010004792999097845,1.0,,
3380,3.0,30,ICM,0.9,True,0.3406475782227439,0.011682671000016853,1.0,0.0,-0.3086118738617991
3380,3.0,30,ICM,0.95,True,0.2886279908760441,0.014712776999658672,1.0,,
3380,3.0,30,ICM,1.0,True,0.23675258758964635,0.013388796000072034,1.0,,
3397,3.0,30,DCM,0.7,False,,,1.0,,
3397,3.0,30,DCM,0.75,False,,,1.0,,
3397,3.0,30,DCM,0.8,False,,,1.0,,
3397,3.0,30,DCM,0.85,False,,,1.0,,
3397,3.0,30,DCM,0.9,False,,,1.0,,
3397,3.0,30,DCM,0.95,False,,,1.0,,
3397,3.0,30,DCM,1.0,False,,,1.0,,
3397,3.0,30,ICM-noSI,0.7,True,0.5746970106964563,0.014902671000527334,1.0,,
3397,3.0,30,ICM-noSI,0.75,True,0.5237752633049705,0.014178517001710134,1.0,,
3397,3.0,30,ICM-noSI,0.8,True,0.4728535149684502,0.013711645000512362,1.0,,
3397,3.0,30,ICM-noSI,0.85,True,0.4219317657390478,0.013521691998903407,1.0,,
3397,3.0,30,ICM-noSI,0.9,True,0.3710100152564586,0.013356129000385408,1.0,0.0,-0.31990851454163904
3397,3.0,30,ICM-noSI,0.95,True,0.3200882831008736,0.012658330999329337,1.0,,
3397,3.0,30,ICM-noSI,1.0,True,0.2692068325835385,0.012306159000218031,1.0,,
3397,3.0,30,ICM,0.7,False,,,1.0,,
3397,3.0,30,ICM,0.75,False,,,1.0,,
3397,3.0,30,ICM,0.8,False,,,1.0,,
3397,3.0,30,ICM,0.85,False,,,1.0,,
3397,3.0,30,ICM,0.9,False,,,1.0,,
3397,3.0,30,ICM,0.95,False,,,1.0,,
3397,3.0,30,ICM,1.0,False,,,1.0,,
3414,3.0,30,DCM,0.7,False,,,1.0,,
3414,3.0,30,DCM,0.75,False,,,1.0,,
3414,3.0,30,DCM,0.8,False,,,1.0,,
3414,3.0,30,DCM,0.85,False,,,1.0,,
3414,3.0,30,DCM,0.9,False,,,1.0,,
3414,3.0,30,DCM,0.95,False,,,1.0,,
3414,3.0,30,DCM,1.0,False,,,1.0,,
3414,3.0,30,ICM-noSI,0.7,True,0.5860012624506643,0.009716031001516967,1.0,,
3414,3.0,30,ICM-noSI,0.75,True,0.5312189611186405,0.00908335799977067,1.0,,
3414,3.0,30,ICM-noSI,0.8,True,0.47643666332346907,0.009344063000753522,1.0,,
3414,3.0,30,ICM-noSI,0.85,True,0.4216543726260548,0.009506246000455576,1.0,,
3414,3.0,30,ICM-noSI,0.9,True,0.36687207296161656,0.009122032000959734,1.0,0.0,-0.3065585037947105
3414,3.0,30,ICM-noSI,0.95,True,0.31208977323620657,0.009573626999554108,1.0,,
3414,3.0,30,ICM-noSI,1.0,True,0.25759100756257325,0.009510169000350288,1.0,,
3414,3.0,30,ICM,0.7,True,0.6142586984995677,0.012594399000590784,1.0,,
3414,3.0,30,ICM,0.75,True,0.5609342674067348,0.01432793299863988,1.0,,
3414,3.0,30,ICM,0.8,True,0.5076098357776269,0.012942950999786262,1.0,,
3414,3.0,30,ICM,0.85,True,0.4542854016389457,0.012593512999956147,1.0,,
3414,3.0,30,ICM,0.9,True,0.4009609673889008,0.013132386000506813,1.0,0.0,-0.33720073794046534
3414,3.0,30,ICM,0.95,True,0.34763654474381844,0.013877620000130264,1.0,,
3414,3.0,30,ICM,1.0,True,0.29434940664342324,0.013977926999359624,1.0,,
3431,3.0,30,DCM,0.7,False,,,1.0,,
3431,3.0,30,DCM,0.75,False,,,1.0,,
3431,3.0,30,DCM,0.8,False,,,1.0,,
3431,3.0,30,DCM,0.85,False,,,1.0,,
3431,3.0,30,DCM,0.9,False,,,1.0,,
3431,3.0,30,DCM,0.95,False,,,1.0,,
3431,3.0,30,DCM,1.0,False,,,1.0,,
3431,3.0,30,ICM-noSI,0.7,True,0.5139470536358521,0.010377016998972977,1.0,,
3431,3.0,30,ICM-noSI,0.75,True,0.46014659245139905,0.010154360999877099,1.0,,
3431,3.0,30,ICM-noSI,0.8,True,0.40634613123838836,0.009411932998773409,1.0,,
3431,3.0,30,ICM-noSI,0.85,True,0.3525456678270992,0.009288264000133495,1.0,,
3431,3.0,30,ICM-noSI,0.9,True,0.29874521404223214,0.009234360999471392,1.0,0.0,-0.3091868147392888
3431,3.0,30,ICM-noSI,0.95,True,0.24494473968608507,0.009012254000481335,1.0,,
3431,3.0,30,ICM-noSI,1.0,True,0.19195836138337574,0.010030313998868223,1.0,,
3431,3.0,30,ICM,0.7,True,0.5428804508704728,0.01961046300129965,1.0,,
3431,3.0,30,ICM,0.75,True,0.4903380032097191,0.01639629399869591,1.0,,
3431,3.0,30,ICM,0.8,True,0.43779555892943794,0.01506778899965866,1.0,,
3431,3.0,30,ICM,0.85,True,0.3852531079111145,0.015552844999547233,1.0,,
3431,3.0,30,ICM,0.9,True,0.3327106570276977,0.013941081999291782,1.0,0.0,-0.3171414604620103
3431,3.0,30,ICM,0.95,True,0.28016820489329414,0.014680927999506821,1.0,,
3431,3.0,30,ICM,1.0,True,0.2276257551684654,0.01899087599849736,1.0,,
3448,3.0,30,DCM,0.7,False,,,1.0,,
3448,3.0,30,DCM,0.75,False,,,1.0,,
3448,3.0,30,DCM,0.8,False,,,1.0,,
3448,3.0,30,DCM,0.85,False,,,1.0,,
3448,3.0,30,DCM,0.9,False,,,1.0,,
3448,3.0,30,DCM,0.95,False,,,1.0,,
3448,3.0,30,DCM,1.0,False,,,1.0,,
3448,3.0,30,ICM-noSI,0.7,True,0.5563941422081179,0.009752682000907953,1.0,,
3448,3.0,30,ICM-noSI,0.75,True,0.5077801818348489,0.009630573000322329,1.0,,
3448,3.0,30,ICM-noSI,0.8,True,0.4591662214561818,0.009343583000372746,1.0,,
3448,3.0,30,ICM-noSI,0.85,True,0.41055226104748876,0.009722279999550665,1.0,,
3448,3.0,30,ICM-noSI,0.9,True,0.3619383005752279,0.009738102000483195,1.0,0.0,-0.36598536466813647
3448,3.0,30,ICM-noSI,0.95,True,0.3133243402279908,0.010129987000254914,1.0,,
3448,3.0,30,ICM-noSI,1.0,True,0.2647103755981623,0.010135864000403672,1.0,,
3448,3.0,30,ICM,0.7,True,0.5506147315370397,0.015086227000210783,1.0,,
3448,3.0,30,ICM,0.75,True,0.5018963146962849,0.01605724099863437,1.0,,
3448,3.0,30,ICM,0.8,True,0.4531778980056548,0.015564665000056266,1.0,,
3448,3.0,30,ICM,0.85,True,0.40445948051504044,0.014883177000228898,1.0,,
3448,3.0,30,ICM,0.9,True,0.35574106012223405,0.014939876999051194,1.0,0.0,-0.359669992895742
3448,3.0,30,ICM,0.95,True,0.3070226353798818,0.014835109999694396,1.0,,
3448,3.0,30,ICM,1.0,True,0.2583042305637304,0.01418771399949037,1.0,,
3465,3.0,30,DCM,0.7,False,,,1.0,,
3465,3.0,30,DCM,0.75,False,,,1.0,,
3465,3.0,30,DCM,0.8,False,,,1.0,,
3465,3.0,30,DCM,0.85,False,,,1.0,,
3465,3.0,30,DCM,0.9,False,,,1.0,,
3465,3.0,30,DCM,0.95,False,,,1.0,,
3465,3.0,30,DCM,1.0,False,,,1.0,,
3465,3.0,30,ICM-noSI,0.7,True,0.5346910247251111,0.009512693999568,1.0,,
3465,3.0,30,ICM-noSI,0.75,True,0.48278208075762286,0.009409445001438144,1.0,,
3465,3.0,30,ICM-noSI,0.8,True,0.4308731369555831,0.009573195999109885,1.0,,
3465,3.0,30,ICM-noSI,0.85,True,0.3789642075062791,0.009679375998530304,1.0,,
3465,3.0,30,ICM-noSI,0.9,True,0.32705526685198566,0.010061872000733274,1.0,0.0,-0.29037790262447394
3465,3.0,30,ICM-noSI,0.95,True,0.27514631467022277,0.011042896998333163,1.0,,
3465,3.0,30,ICM-noSI,1.0,True,0.22337896185999417,0.010021803998824907,1.0,,
3465,3.0,30,ICM,0.7,True,0.5444787201853262,0.021128921000126866,1.0,,
3465,3.0,30,ICM,0.75,True,0.4920003338579976,0.021017609999034903,1.0,,
3465,3.0,30,ICM,0.8,True,0.4395219470152307,0.020876877999398857,1.0,,
3465,3.0,30,ICM,0.85,True,0.38704355952354175,0.020304362999013392,1.0,,
3465,3.0,30,ICM,0.9,True,0.3345651724515443,0.019965474999480648,1.0,0.0,-0.37596303968067135
3465,3.0,30,ICM,0.95,True,0.28208678119098135,0.02117331600129546,1.0,,
3465,3.0,30,ICM,1.0,True,0.2296084015053975,0.021480163999513024,1.0,,
3482,3.0,30,DCM,0.7,False,,,1.0,,
3482,3.0,30,DCM,0.75,False,,,1.0,,
3482,3.0,30,DCM,0.8,False,,,1.0,,
3482,3.0,30,DCM,0.85,False,,,1.0,,
3482,3.0,30,DCM,0.9,False,,,1.0,,
3482,3.0,30,DCM,0.95,False,,,1.0,,
3482,3.0,30,DCM,1.0,False,,,1.0,,
3482,3.0,30,ICM-noSI,0.7,True,0.5264056327169208,0.011972209000305156,1.0,,
3482,3.0,30,ICM-noSI,0.75,True,0.481493877349974,0.011844826000015019,1.0,,
3482,3.0,30,ICM-noSI,0.8,True,0.4365821215297283,0.01220078900041699,1.0,,
3482,3.0,30,ICM-noSI,0.85,True,0.3916703658193356,0.015167495999776293,1.0,,
3482,3.0,30,ICM-noSI,0.9,True,0.3467586100343994,0.01800863400058006,1.0,0.0,-0.4230276389238634
3482,3.0,30,ICM-noSI,0.95,True,0.3018468520173863,0.017780883001250913,1.0,,
3482,3.0,30,ICM-noSI,1.0,True,0.25693510070065073,0.01875393400041503,1.0,,
3482,3.0,30,ICM,0.7,True,0.6527092839963464,0.011175498000739026,1.0,,
3482,3.0,30,ICM,0.75,True,0.602240578333838,0.013092494000375154,1.0,,
3482,3.0,30,ICM,0.8,True,0.5517718718443649,0.011473802000182332,1.0,,
3482,3.0,30,ICM,0.85,True,0.5013031617846699,0.010062162999020074,1.0,,
3482,3.0,30,ICM,0.9,True,0.45083445364680674,0.009554553000270971,1.0,0.0,-0.31226832504091373
3482,3.0,30,ICM,0.95,True,0.40036576208400426,0.009573348999765585,1.0,,
3482,3.0,30,ICM,1.0,True,0.3498970570271398,0.009397785001056036,1.0,,
3499,3.0,30,DCM,0.7,False,,,1.0,,
3499,3.0,30,DCM,0.75,False,,,1.0,,
3499,3.0,30,DCM,0.8,False,,,1.0,,
3499,3.0,30,DCM,0.85,False,,,1.0,,
3499,3.0,30,DCM,0.9,False,,,1.0,,
3499,3.0,30,DCM,0.95,False,,,1.0,,
3499,3.0,30,DCM,1.0,False,,,1.0,,
3499,3.0,30,ICM-noSI,0.7,True,0.5309723848628832,0.01678470600018045,1.0,,
3499,3.0,30,ICM-noSI,0.75,True,0.4797975024213375,0.015954061000229558,1.0,,
3499,3.0,30,ICM-noSI,0.8,True,0.42862261968186377,0.01694049000070663,1.0,,
3499,3.0,30,ICM-noSI,0.85,True,0.37744773636815154,0.01670361400101683,1.0,,
3499,3.0,30,ICM-noSI,0.9,True,0.3262728533868034,0.0158623000006628,1.0,0.0,-0.2939478030032884
3499,3.0,30,ICM-noSI,0.95,True,0.2750979592074441,0.01677516900053888,1.0,,
3499,3.0,30,ICM-noSI,1.0,True,0.2239230898121263,0.016912909999518888,1.0,,
3499,3.0,30,ICM,0.7,True,0.5733346871340437,0.009753414000442717,1.0,,
3499,3.0,30,ICM,0.75,True,0.5215370572476004,0.00936922599976242,1.0,,
3499,3.0,30,ICM,0.8,True,0.4697394273366658,0.009095536999666365,1.0,,
3499,3.0,30,ICM,0.85,True,0.4179417974002322,0.009253660999092972,1.0,,
3499,3.0,30,ICM,0.9,True,0.3661441661027924,0.00981058999968809,1.0,0.0,-0.328383951408447
3499,3.0,30,ICM,0.95,True,0.31434653498172754,0.016123220000736183,1.0,,
3499,3.0,30,ICM,1.0,True,0.26254890780910695,0.009831543000473175,1.0,,
3516,3.0,30,DCM,0.7,False,,,1.0,,
3516,3.0,30,DCM,0.75,False,,,1.0,,
3516,3.0,30,DCM,0.8,False,,,1.0,,
3516,3.0,30,DCM,0.85,False,,,1.0,,
3516,3.0,30,DCM,0.9,False,,,1.0,,
3516,3.0,30,DCM,0.95,False,,,1.0,,
3516,3.0,30,DCM,1.0,False,,,1.0,,
3516,3.0,30,ICM-noSI,0.7,True,0.43256424823473516,0.009141328000623616,1.0,,
3516,3.0,30,ICM-noSI,0.75,True,0.3796849793659295,0.008801672000117833,1.0,,
3516,3.0,30,ICM-noSI,0.8,True,0.3268057101719246,0.009797319000426796,1.0,,
3516,3.0,30,ICM-noSI,0.85,True,0.27392643897445806,0.01037404599992442,1.0,,
3516,3.0,30,ICM-noSI,0.9,True,0.22104716667986232,0.011236451000513625,1.0,0.0,-0.2710427373470895
3516,3.0,30,ICM-noSI,0.95,True,0.16917012870803855,0.013801404000332695,1.0,,
3516,3.0,30,ICM-noSI,1.0,True,0.12199531965604948,0.013847714000803535,1.0,,
3516,3.0,30,ICM,0.7,True,0.4909607205308248,0.011712870000337716,1.0,,
3516,3.0,30,ICM,0.75,True,0.4406470507979302,0.012097602000721963,1.0,,
3516,3.0,30,ICM,0.8,True,0.3903333808180185,0.012288993000765913,1.0,,
3516,3.0,30,ICM,0.85,True,0.3400196974652735,0.012578720999954385,1.0,,
3516,3.0,30,ICM,0.9,True,0.28970604238864717,0.012481335999837029,1.0,0.0,-0.3875224278644199
3516,3.0,30,ICM,0.95,True,0.2393923727272922,0.012363463998553925,1.0,,
3516,3.0,30,ICM,1.0,True,0.18907870304552332,0.012157229000877123,1.0,,
3533,3.0,30,DCM,0.7,False,,,1.0,,
3533,3.0,30,DCM,0.75,False,,,1.0,,
3533,3.0,30,DCM,0.8,False,,,1.0,,
3533,3.0,30,DCM,0.85,False,,,1.0,,
3533,3.0,30,DCM,0.9,False,,,1.0,,
3533,3.0,30,DCM,0.95,False,,,1.0,,
3533,3.0,30,DCM,1.0,False,,,1.0,,
3533,3.0,30,ICM-noSI,0.7,True,0.6509716648955641,0.009883406000881223,1.0,,
3533,3.0,30,ICM-noSI,0.75,True,0.596051923458377,0.010364491001382703,1.0,,
3533,3.0,30,ICM-noSI,0.8,True,0.5411321819977468,0.009875210000245715,1.0,,
3533,3.0,30,ICM-noSI,0.85,True,0.4862124406465803,0.009621777999200276,1.0,,
3533,3.0,30,ICM-noSI,0.9,True,0.4312926989119625,0.009535171000607079,1.0,0.0,-0.26030334963634016
3533,3.0,30,ICM-noSI,0.95,True,0.3763729565545135,0.009993993000534829,1.0,,
3533,3.0,30,ICM-noSI,1.0,True,0.3214532128172591,0.0112773910004762,1.0,,
3533,3.0,30,ICM,0.7,True,0.6520194977649877,0.018587672000649036,1.0,,
3533,3.0,30,ICM,0.75,True,0.6005942170785395,0.01828003999980865,1.0,,
3533,3.0,30,ICM,0.8,True,0.5491689356514562,0.017573357001310796,1.0,,
3533,3.0,30,ICM,0.85,True,0.49774365219694655,0.016489774998262874,1.0,,
3533,3.0,30,ICM,0.9,True,0.44631836780055223,0.013788012000077288,1.0,0.0,-0.2467937594807148
3533,3.0,30,ICM,0.95,True,0.3948930948658735,0.014103529001658899,1.0,,
3533,3.0,30,ICM,1.0,True,0.3434678139176606,0.013722314999540686,1.0,,
4210,4.0,30,DCM,0.7,False,,,1.0,,
4210,4.0,30,DCM,0.75,False,,,1.0,,
4210,4.0,30,DCM,0.8,False,,,1.0,,
4210,4.0,30,DCM,0.85,False,,,1.0,,
4210,4.0,30,DCM,0.9,False,,,1.0,,
4210,4.0,30,DCM,0.95,False,,,1.0,,
4210,4.0,30,DCM,1.0,False,,,1.0,,
4210,4.0,30,ICM-noSI,0.7,True,0.6826069952254933,0.009297136999521172,1.0,,
4210,4.0,30,ICM-noSI,0.75,True,0.6267758525064557,0.009109156000704388,1.0,,
4210,4.0,30,ICM-noSI,0.8,True,0.5709447104348476,0.008943914999690605,1.0,,
4210,4.0,30,ICM-noSI,0.85,True,0.515113569161163,0.00944784700004675,1.0,,
4210,4.0,30,ICM-noSI,0.9,True,0.4592824212691274,0.00952594400041562,1.0,0.0,-0.41457223035520074
4210,4.0,30,ICM-noSI,0.95,True,0.40345128720468754,0.01041630100007751,1.0,,
4210,4.0,30,ICM-noSI,1.0,True,0.3476201445080099,0.009676460000264342,1.0,,
4210,4.0,30,ICM,0.7,True,0.5813540523626729,0.014031455000804272,1.0,,
4210,4.0,30,ICM,0.75,True,0.529075674192064,0.013821373000610038,1.0,,
4210,4.0,30,ICM,0.8,True,0.4767972943121778,0.01310538899997482,1.0,,
4210,4.0,30,ICM,0.85,True,0.42451891274572784,0.013285709001138457,1.0,,
4210,4.0,30,ICM,0.9,True,0.3722405476396175,0.012867682000432978,1.0,0.0,-0.3405047995611248
4210,4.0,30,ICM,0.95,True,0.31996216429059493,0.0137233239984198,1.0,,
4210,4.0,30,ICM,1.0,True,0.26777677512729653,0.013011963999815634,1.0,,
4227,4.0,30,DCM,0.7,False,,,1.0,,
4227,4.0,30,DCM,0.75,False,,,1.0,,
4227,4.0,30,DCM,0.8,False,,,1.0,,
4227,4.0,30,DCM,0.85,False,,,1.0,,
4227,4.0,30,DCM,0.9,False,,,1.0,,
4227,4.0,30,DCM,0.95,False,,,1.0,,
4227,4.0,30,DCM,1.0,False,,,1.0,,
4227,4.0,30,ICM-noSI,0.7,True,0.5945124490465845,0.009637603001465322,1.0,,
4227,4.0,30,ICM-noSI,0.75,True,0.5449049214500324,0.009923010000420618,1.0,,
4227,4.0,30,ICM-noSI,0.8,True,0.49529738828037134,0.01031411900112289,1.0,,
4227,4.0,30,ICM-noSI,0.85,True,0.44568986540910593,0.00963032999970892,1.0,,
4227,4.0,30,ICM-noSI,0.9,True,0.3960823349709451,0.009165747000224655,1.0,0.0,-0.3534633531279403
4227,4.0,30,ICM-noSI,0.95,True,0.34647479780116375,0.008903050000299118,1.0,,
4227,4.0,30,ICM-noSI,1.0,True,0.29686726584687073,0.008950176001235377,1.0,,
4227,4.0,30,ICM,0.7,True,0.6027068965729419,0.012928546000694041,1.0,,
4227,4.0,30,ICM,0.75,True,0.5511580900558741,0.014118405000772327,1.0,,
4227,4.0,30,ICM,0.8,True,0.4996092776378711,0.013012172999879112,1.0,,
4227,4.0,30,ICM,0.85,True,0.44806048688437766,0.014134442000795389,1.0,,
4227,4.0,30,ICM,0.9,True,0.3965116817938728,0.013808757999868249,1.0,0.0,-0.3750918591187812
4227,4.0,30,ICM,0.95,True,0.3449628764479974,0.012707913001577253,1.0,,
4227,4.0,30,ICM,1.0,True,0.2934140634411126,0.013351272998988861,1.0,,
4244,4.0,30,DCM,0.7,False,,,1.0,,
4244,4.0,30,DCM,0.75,False,,,1.0,,
4244,4.0,30,DCM,0.8,False,,,1.0,,
4244,4.0,30,DCM,0.85,False,,,1.0,,
4244,4.0,30,DCM,0.9,False,,,1.0,,
4244,4.0,30,DCM,0.95,False,,,1.0,,
4244,4.0,30,DCM,1.0,False,,,1.0,,
4244,4.0,30,ICM-noSI,0.7,True,0.5413165848678229,0.010297323000486358,1.0,,
4244,4.0,30,ICM-noSI,0.75,True,0.4937727677642071,0.009549647000312689,1.0,,
4244,4.0,30,ICM-noSI,0.8,True,0.4462289632991993,0.009291884000049322,1.0,,
4244,4.0,30,ICM-noSI,0.85,True,0.3986851521173399,0.009359641999253654,1.0,,
4244,4.0,30,ICM-noSI,0.9,True,0.3511413409269067,0.009107522999329376,1.0,0.0,-0.30647907321411827
4244,4.0,30,ICM-noSI,0.95,True,0.3035975296840495,0.009838462001425796,1.0,,
4244,4.0,30,ICM-noSI,1.0,True,0.2560537167232256,0.01047175300118397,1.0,,
4244,4.0,30,ICM,0.7,True,0.5917123784395522,0.01551566099988122,1.0,,
4244,4.0,30,ICM,0.75,True,0.5437943163440331,0.01938685100139992,1.0,,
4244,4.0,30,ICM,0.8,True,0.49587625322543766,0.020468880000407808,1.0,,
4244,4.0,30,ICM,0.85,True,0.4479581902814846,0.021047768999778782,1.0,,
4244,4.0,30,ICM,0.9,True,0.400040128190448,0.022046292999220896,1.0,0.0,-0.3081378811860582
4244,4.0,30,ICM,0.95,True,0.3521220683868296,0.021725253000113298,1.0,,
4244,4.0,30,ICM,1.0,True,0.3043336518757818,0.020001533999675303,1.0,,
4261,4.0,30,DCM,0.7,False,,,1.0,,
4261,4.0,30,DCM,0.75,False,,,1.0,,
4261,4.0,30,DCM,0.8,False,,,1.0,,
4261,4.0,30,DCM,0.85,False,,,1.0,,
4261,4.0,30,DCM,0.9,False,,,1.0,,
4261,4.0,30,DCM,0.95,False,,,1.0,,
4261,4.0,30,DCM,1.0,False,,,1.0,,
4261,4.0,30,ICM-noSI,0.7,True,0.6630584317187,0.013336048999917693,1.0,,
4261,4.0,30,ICM-noSI,0.75,True,0.6082031275672929,0.013251021999167278,1.0,,
4261,4.0,30,ICM-noSI,0.8,True,0.5533478027159195,0.012158937001004233,1.0,,
4261,4.0,30,ICM-noSI,0.85,True,0.4984924779117571,0.010321620999093284,1.0,,
4261,4.0,30,ICM-noSI,0.9,True,0.44363715030468276,0.010241181000310462,1.0,0.0,-0.4298716927962054
4261,4.0,30,ICM-noSI,0.95,True,0.38878182476090867,0.010394046999863349,1.0,,
4261,4.0,30,ICM-noSI,1.0,True,0.3339264983760419,0.010109401000590879,1.0,,
4261,4.0,30,ICM,0.7,False,,,1.0,,
4261,4.0,30,ICM,0.75,False,,,1.0,,
4261,4.0,30,ICM,0.8,False,,,1.0,,
4261,4.0,30,ICM,0.85,False,,,1.0,,
4261,4.0,30,ICM,0.9,False,,,1.0,,
4261,4.0,30,ICM,0.95,False,,,1.0,,
4261,4.0,30,ICM,1.0,False,,,1.0,,
4278,4.0,30,DCM,0.7,False,,,1.0,,
4278,4.0,30,DCM,0.75,False,,,1.0,,
4278,4.0,30,DCM,0.8,False,,,1.0,,
4278,4.0,30,DCM,0.85,False,,,1.0,,
4278,4.0,30,DCM,0.9,False,,,1.0,,
4278,4.0,30,DCM,0.95,False,,,1.0,,
4278,4.0,30,DCM,1.0,False,,,1.0,,
4278,4.0,30,ICM-noSI,0.7,True,0.5240352136679292,0.01676961399971333,1.0,,
4278,4.0,30,ICM-noSI,0.75,True,0.4743297161578639,0.01806878999923356,1.0,,
4278,4.0,30,ICM-noSI,0.8,True,0.4246242186894716,0.01726996199977293,1.0,,
4278,4.0,30,ICM-noSI,0.85,True,0.3749187212369859,0.017679918000794714,1.0,,
4278,4.0,30,ICM-noSI,0.9,True,0.3252132236434734,0.017067680000764085,1.0,0.0,-0.27032837540466614
4278,4.0,30,ICM-noSI,0.95,True,0.2755077260192201,0.016825938000692986,1.0,,
4278,4.0,30,ICM-noSI,1.0,True,0.225986496381084,0.01679671599958965,1.0,,
4278,4.0,30,ICM,0.7,True,0.5536531575764789,0.00969171799988544,1.0,,
4278,4.0,30,ICM,0.75,True,0.5023637436276261,0.009789650999664445,1.0,,
4278,4.0,30,ICM,0.8,True,0.4510743287815024,0.00988335700094467,1.0,,
4278,4.0,30,ICM,0.85,True,0.39978491300538116,0.010570873000688152,1.0,,
4278,4.0,30,ICM,0.9,True,0.3484954971436627,0.010466555999300908,1.0,0.0,-0.2882301973016004
4278,4.0,30,ICM,0.95,True,0.2972060803132515,0.009577564998835442,1.0,,
4278,4.0,30,ICM,1.0,True,0.24591666578735694,0.009072388000276987,1.0,,
4295,4.0,30,DCM,0.7,False,,,1.0,,
4295,4.0,30,DCM,0.75,False,,,1.0,,
4295,4.0,30,DCM,0.8,False,,,1.0,,
4295,4.0,30,DCM,0.85,False,,,1.0,,
4295,4.0,30,DCM,0.9,False,,,1.0,,
4295,4.0,30,DCM,0.95,False,,,1.0,,
4295,4.0,30,DCM,1.0,False,,,1.0,,
4295,4.0,30,ICM-noSI,0.7,True,0.6348413220613123,0.015406443999381736,1.0,,
4295,4.0,30,ICM-noSI,0.75,True,0.5867810380378721,0.014434994000112056,1.0,,
4295,4.0,30,ICM-noSI,0.8,True,0.5387207401976387,0.014318216000901884,1.0,,
4295,4.0,30,ICM-noSI,0.85,True,0.49066044170867684,0.014513100999465678,1.0,,
4295,4.0,30,ICM-noSI,0.9,True,0.442600142292774,0.013327134000064689,1.0,0.0,-0.4015498293033529
4295,4.0,30,ICM-noSI,0.95,True,0.3945398432195752,0.013866674999007955,1.0,,
4295,4.0,30,ICM-noSI,1.0,True,0.34647954653608026,0.01391992999924696,1.0,,
4295,4.0,30,ICM,0.7,True,0.5451907338836741,0.009764071000972763,1.0,,
4295,4.0,30,ICM,0.75,True,0.49679638425784356,0.009358932000395725,1.0,,
4295,4.0,30,ICM,0.8,True,0.44840204825137775,0.008990550000817166,1.0,,
4295,4.0,30,ICM,0.85,True,0.40000771906801846,0.00941027299995767,1.0,,
4295,4.0,30,ICM,0.9,True,0.35161338002331005,0.009408993999386439,1.0,0.0,-0.34397627118144514
4295,4.0,30,ICM,0.95,True,0.30321903849938436,0.011111682000773726,1.0,,
4295,4.0,30,ICM,1.0,True,0.25490533648125435,0.00978014900101698,1.0,,
4312,4.0,30,DCM,0.7,False,,,1.0,,
4312,4.0,30,DCM,0.75,False,,,1.0,,
4312,4.0,30,DCM,0.8,False,,,1.0,,
4312,4.0,30,DCM,0.85,False,,,1.0,,
4312,4.0,30,DCM,0.9,False,,,1.0,,
4312,4.0,30,DCM,0.95,False,,,1.0,,
4312,4.0,30,DCM,1.0,False,,,1.0,,
4312,4.0,30,ICM-noSI,0.7,True,0.5749026599132474,0.018752687999949558,1.0,,
4312,4.0,30,ICM-noSI,0.75,True,0.5231847001690625,0.019580206999307848,1.0,,
4312,4.0,30,ICM-noSI,0.8,True,0.47146673904306147,0.019039813998460886,1.0,,
4312,4.0,30,ICM-noSI,0.85,True,0.4197487820158002,0.018485245998817845,1.0,,
4312,4.0,30,ICM-noSI,0.9,True,0.3680308361523794,0.015041024000311154,1.0,0.0,-0.39072569169487037
4312,4.0,30,ICM-noSI,0.95,True,0.316312878347503,0.014446283999859588,1.0,,
4312,4.0,30,ICM-noSI,1.0,True,0.2645949188938874,0.01374132599994482,1.0,,
4312,4.0,30,ICM,0.7,True,0.6562172656815067,0.008869729999787523,1.0,,
4312,4.0,30,ICM,0.75,True,0.5972969996890217,0.008816180999929202,1.0,,
4312,4.0,30,ICM,0.8,True,0.5383767322351921,0.009584501000063028,1.0,,
4312,4.0,30,ICM,0.85,True,0.4794564720770297,0.009739079998325906,1.0,,
4312,4.0,30,ICM,0.9,True,0.4205362042356109,0.011092025000834838,1.0,0.0,-0.4298181234344307
4312,4.0,30,ICM,0.95,True,0.3616159361075377,0.01171584400071879,1.0,,
4312,4.0,30,ICM,1.0,True,0.30269566693482536,0.011470483999801218,1.0,,
4329,4.0,30,DCM,0.7,False,,,1.0,,
4329,4.0,30,DCM,0.75,False,,,1.0,,
4329,4.0,30,DCM,0.8,False,,,1.0,,
4329,4.0,30,DCM,0.85,False,,,1.0,,
4329,4.0,30,DCM,0.9,False,,,1.0,,
4329,4.0,30,DCM,0.95,False,,,1.0,,
4329,4.0,30,DCM,1.0,False,,,1.0,,
4329,4.0,30,ICM-noSI,0.7,True,0.557033134486006,0.013393375998930424,1.0,,
4329,4.0,30,ICM-noSI,0.75,True,0.5056495783520026,0.01317302200004633,1.0,,
4329,4.0,30,ICM-noSI,0.8,True,0.4542660205445689,0.012907657999676303,1.0,,
4329,4.0,30,ICM-noSI,0.85,True,0.4028824629484371,0.012431699999069679,1.0,,
4329,4.0,30,ICM-noSI,0.9,True,0.3514989057042642,0.012757235999742988,1.0,0.0,-0.3503554279849932
4329,4.0,30,ICM-noSI,0.95,True,0.3001153486258573,0.014708123000673368,1.0,,
4329,4.0,30,ICM-noSI,1.0,True,0.24873179080116656,0.013489611001205049,1.0,,
4329,4.0,30,ICM,0.7,True,0.5952101384998589,0.009832773999733035,1.0,,
4329,4.0,30,ICM,0.75,True,0.5440423315212515,0.009887844000331825,1.0,,
4329,4.0,30,ICM,0.8,True,0.49287452259254,0.01071129100091639,1.0,,
4329,4.0,30,ICM,0.85,True,0.44170671527211464,0.009473967998928856,1.0,,
4329,4.0,30,ICM,0.9,True,0.39053892101844334,0.00912521700047364,1.0,0.0,-0.3278848933361318
4329,4.0,30,ICM,0.95,True,0.3393711127627075,0.009134964000622858,1.0,,
4329,4.0,30,ICM,1.0,True,0.28820329996669,0.008992554001451936,1.0,,
4346,4.0,30,DCM,0.7,False,,,1.0,,
4346,4.0,30,DCM,0.75,False,,,1.0,,
4346,4.0,30,DCM,0.8,False,,,1.0,,
4346,4.0,30,DCM,0.85,False,,,1.0,,
4346,4.0,30,DCM,0.9,False,,,1.0,,
4346,4.0,30,DCM,0.95,False,,,1.0,,
4346,4.0,30,DCM,1.0,False,,,1.0,,
4346,4.0,30,ICM-noSI,0.7,True,0.5967158994916776,0.013710059000004549,1.0,,
4346,4.0,30,ICM-noSI,0.75,True,0.5491217297615015,0.015065850999235408,1.0,,
4346,4.0,30,ICM-noSI,0.8,True,0.5015275595262414,0.012555538000015076,1.0,,
4346,4.0,30,ICM-noSI,0.85,True,0.4539333893865733,0.013831045998813352,1.0,,
4346,4.0,30,ICM-noSI,0.9,True,0.4063392192359351,0.013860963001206983,1.0,0.0,-0.46912123593752686
4346,4.0,30,ICM-noSI,0.95,True,0.3587450489742615,0.013887630999306566,1.0,,
4346,4.0,30,ICM-noSI,1.0,True,0.3111508784260063,0.01433029500003613,1.0,,
4346,4.0,30,ICM,0.7,True,0.6370377484088019,0.012150169000960886,1.0,,
4346,4.0,30,ICM,0.75,True,0.5870006581560101,0.011926428000151645,1.0,,
4346,4.0,30,ICM,0.8,True,0.5369635639906506,0.009990344999096124,1.0,,
4346,4.0,30,ICM,0.85,True,0.48692646899748043,0.00952688399956969,1.0,,
4346,4.0,30,ICM,0.9,True,0.43688937550279966,0.010914522001257865,1.0,0.0,-0.48557509139743205
4346,4.0,30,ICM,0.95,True,0.38685228160055574,0.009145998001258704,1.0,,
4346,4.0,30,ICM,1.0,True,0.3368151873782841,0.009732218999488396,1.0,,
4363,4.0,30,DCM,0.7,False,,,1.0,,
4363,4.0,30,DCM,0.75,False,,,1.0,,
4363,4.0,30,DCM,0.8,False,,,1.0,,
4363,4.0,30,DCM,0.85,False,,,1.0,,
4363,4.0,30,DCM,0.9,False,,,1.0,,
4363,4.0,30,DCM,0.95,False,,,1.0,,
4363,4.0,30,DCM,1.0,False,,,1.0,,
4363,4.0,30,ICM-noSI,0.7,True,0.533300665451691,0.013320103000296513,1.0,,
4363,4.0,30,ICM-noSI,0.75,True,0.4846769347390877,0.013306496000950574,1.0,,
4363,4.0,30,ICM-noSI,0.8,True,0.4360532028708648,0.013799586000459385,1.0,,
4363,4.0,30,ICM-noSI,0.85,True,0.38742947978343056,0.013361320001422428,1.0,,
4363,4.0,30,ICM-noSI,0.9,True,0.3388057479823982,0.01390760100002808,1.0,0.0,-0.3366932267820568
4363,4.0,30,ICM-noSI,0.95,True,0.29018201408988825,0.01344442300069204,1.0,,
4363,4.0,30,ICM-noSI,1.0,True,0.2417658072292454,0.014356404999489314,1.0,,
4363,4.0,30,ICM,0.7,True,0.6534752523625872,0.014418312999623595,1.0,,
4363,4.0,30,ICM,0.75,True,0.5976755022130523,0.015333667999584577,1.0,,
4363,4.0,30,ICM,0.8,True,0.5418757421033807,0.014480293000815436,1.0,,
4363,4.0,30,ICM,0.85,True,0.4860760101616369,0.014660314000138897,1.0,,
4363,4.0,30,ICM,0.9,True,0.4302762606239076,0.01468254499923205,1.0,0.0,-0.3649443586879154
4363,4.0,30,ICM,0.95,True,0.37447651110168323,0.01439658699928259,1.0,,
4363,4.0,30,ICM,1.0,True,0.31867676067685236,0.014698879000206944,1.0,,
4380,4.0,30,DCM,0.7,False,,,1.0,,
4380,4.0,30,DCM,0.75,False,,,1.0,,
4380,4.0,30,DCM,0.8,False,,,1.0,,
4380,4.0,30,DCM,0.85,False,,,1.0,,
4380,4.0,30,DCM,0.9,False,,,1.0,,
4380,4.0,30,DCM,0.95,False,,,1.0,,
4380,4.0,30,DCM,1.0,False,,,1.0,,
4380,4.0,30,ICM-noSI,0.7,True,0.5501989668276777,0.009534255999824381,1.0,,
4380,4.0,30,ICM-noSI,0.75,True,0.4975325605399966,0.010089413000969216,1.0,,
4380,4.0,30,ICM-noSI,0.8,True,0.4448661552109396,0.010296038999513257,1.0,,
4380,4.0,30,ICM-noSI,0.85,True,0.39219974783620937,0.01084067400006461,1.0,,
4380,4.0,30,ICM-noSI,0.9,True,0.3395333392226559,0.009808287999476306,1.0,0.0,-0.2753919853858743
4380,4.0,30,ICM-noSI,0.95,True,0.28686692579077183,0.011860032000186038,1.0,,
4380,4.0,30,ICM-noSI,1.0,True,0.23427478160967127,0.012740022999423672,1.0,,
4380,4.0,30,ICM,0.7,True,0.545385578234516,0.013629707998916274,1.0,,
4380,4.0,30,ICM,0.75,True,0.49299881730297096,0.013231291999545647,1.0,,
4380,4.0,30,ICM,0.8,True,0.44061204898592027,0.012749613000778481,1.0,,
4380,4.0,30,ICM,0.85,True,0.38822530168858804,0.01318435800021689,1.0,,
4380,4.0,30,ICM,0.9,True,0.3358385377105171,0.013446705999740516,1.0,0.0,-0.26434928730538054
4380,4.0,30,ICM,0.95,True,0.2834517762604283,0.014237060999221285,1.0,,
4380,4.0,30,ICM,1.0,True,0.23117698353162736,0.01426172599894926,1.0,,
4397,4.0,30,DCM,0.7,False,,,1.0,,
4397,4.0,30,DCM,0.75,False,,,1.0,,
4397,4.0,30,DCM,0.8,False,,,1.0,,
4397,4.0,30,DCM,0.85,False,,,1.0,,
4397,4.0,30,DCM,0.9,False,,,1.0,,
4397,4.0,30,DCM,0.95,False,,,1.0,,
4397,4.0,30,DCM,1.0,False,,,1.0,,
4397,4.0,30,ICM-noSI,0.7,True,0.6571383901473608,0.009347844999865629,1.0,,
4397,4.0,30,ICM-noSI,0.75,True,0.5954417868344813,0.009306271000241395,1.0,,
4397,4.0,30,ICM-noSI,0.8,True,0.5337451829596154,0.009102399000767036,1.0,,
4397,4.0,30,ICM-noSI,0.85,True,0.47204858880278894,0.009171274999971502,1.0,,
4397,4.0,30,ICM-noSI,0.9,True,0.41035198818467733,0.009008076000100118,1.0,0.0,-0.3298063935162012
4397,4.0,30,ICM-noSI,0.95,True,0.348655387361119,0.009606334000636707,1.0,,
4397,4.0,30,ICM-noSI,1.0,True,0.2876978913696631,0.00933836500007601,1.0,,
4397,4.0,30,ICM,0.7,True,0.7497507220353106,0.018302342001334182,1.0,,
4397,4.0,30,ICM,0.75,True,0.6908247151422274,0.01793206499860389,1.0,,
4397,4.0,30,ICM,0.8,True,0.6318987075471394,0.017273518000365584,1.0,,
4397,4.0,30,ICM,0.85,True,0.5729726918436129,0.016878845999599434,1.0,,
4397,4.0,30,ICM,0.9,True,0.5140466832608196,0.01734284300073341,1.0,0.0,-0.4458993824923392
4397,4.0,30,ICM,0.95,True,0.4551206894803162,0.017004799999995157,1.0,,
4397,4.0,30,ICM,1.0,True,0.39619466608505666,0.0159511570000177,1.0,,
4414,4.0,30,DCM,0.7,False,,,1.0,,
4414,4.0,30,DCM,0.75,False,,,1.0,,
4414,4.0,30,DCM,0.8,False,,,1.0,,
4414,4.0,30,DCM,0.85,False,,,1.0,,
4414,4.0,30,DCM,0.9,False,,,1.0,,
4414,4.0,30,DCM,0.95,False,,,1.0,,
4414,4.0,30,DCM,1.0,False,,,1.0,,
4414,4.0,30,ICM-noSI,0.7,True,0.5589437094180346,0.010422773999380297,1.0,,
4414,4.0,30,ICM-noSI,0.75,True,0.5102382403875353,0.01048634400103765,1.0,,
4414,4.0,30,ICM-noSI,0.8,True,0.46153278273093473,0.010143374998733634,1.0,,
4414,4.0,30,ICM-noSI,0.85,True,0.4128273372876127,0.009915864999129553,1.0,,
4414,4.0,30,ICM-noSI,0.9,True,0.36412187978780985,0.00955302100010158,1.0,0.0,-0.35903563209886735
4414,4.0,30,ICM-noSI,0.95,True,0.31541642210382537,0.009030127999722026,1.0,,
4414,4.0,30,ICM-noSI,1.0,True,0.26671096374979164,0.009453362001295318,1.0,,
4414,4.0,30,ICM,0.7,True,0.5565543733710362,0.014177924998875824,1.0,,
4414,4.0,30,ICM,0.75,True,0.502498547459882,0.015124227000342216,1.0,,
4414,4.0,30,ICM,0.8,True,0.4484427167486636,0.020578053999997792,1.0,,
4414,4.0,30,ICM,0.85,True,0.3943868788527022,0.02034068200009642,1.0,,
4414,4.0,30,ICM,0.9,True,0.340331042319227,0.020669890000135638,1.0,0.0,-0.34276584359794426
4414,4.0,30,ICM,0.95,True,0.28627519651983124,0.019867465000061202,1.0,,
4414,4.0,30,ICM,1.0,True,0.23223940596423784,0.018133888001102605,1.0,,
4431,4.0,30,DCM,0.7,False,,,1.0,,
4431,4.0,30,DCM,0.75,False,,,1.0,,
4431,4.0,30,DCM,0.8,False,,,1.0,,
4431,4.0,30,DCM,0.85,False,,,1.0,,
4431,4.0,30,DCM,0.9,False,,,1.0,,
4431,4.0,30,DCM,0.95,False,,,1.0,,
4431,4.0,30,DCM,1.0,False,,,1.0,,
4431,4.0,30,ICM-noSI,0.7,True,0.6840154572602729,0.010064162999697146,1.0,,
4431,4.0,30,ICM-noSI,0.75,True,0.632269367766549,0.009518328000922338,1.0,,
4431,4.0,30,ICM-noSI,0.8,True,0.5805232779345451,0.009310864001236041,1.0,,
4431,4.0,30,ICM-noSI,0.85,True,0.5287771867949739,0.00946182700135978,1.0,,
4431,4.0,30,ICM-noSI,0.9,True,0.47703109580306635,0.010134871999980533,1.0,0.0,-0.5803858114593186
4431,4.0,30,ICM-noSI,0.95,True,0.42528500485123394,0.011435362999691279,1.0,,
4431,4.0,30,ICM-noSI,1.0,True,0.3735389139118311,0.009703122001155862,1.0,,
4431,4.0,30,ICM,0.7,False,,,1.0,,
4431,4.0,30,ICM,0.75,False,,,1.0,,
4431,4.0,30,ICM,0.8,False,,,1.0,,
4431,4.0,30,ICM,0.85,False,,,1.0,,
4431,4.0,30,ICM,0.9,False,,,1.0,,
4431,4.0,30,ICM,0.95,False,,,1.0,,
4431,4.0,30,ICM,1.0,False,,,1.0,,
4448,4.0,30,DCM,0.7,False,,,1.0,,
4448,4.0,30,DCM,0.75,False,,,1.0,,
4448,4.0,30,DCM,0.8,False,,,1.0,,
4448,4.0,30,DCM,0.85,False,,,1.0,,
4448,4.0,30,DCM,0.9,False,,,1.0,,
4448,4.0,30,DCM,0.95,False,,,1.0,,
4448,4.0,30,DCM,1.0,False,,,1.0,,
4448,4.0,30,ICM-noSI,0.7,True,0.6492069810500469,0.01687644800040289,1.0,,
4448,4.0,30,ICM-noSI,0.75,True,0.5961099179974552,0.0178616779994627,1.0,,
4448,4.0,30,ICM-noSI,0.8,True,0.5430128541725411,0.01728603099945758,1.0,,
4448,4.0,30,ICM-noSI,0.85,True,0.489915790143239,0.018589858000268578,1.0,,
4448,4.0,30,ICM-noSI,0.9,True,0.4368187256179031,0.019494194000799325,1.0,0.0,-0.5567133967921947
4448,4.0,30,ICM-noSI,0.95,True,0.38372166136936453,0.017162591000669636,1.0,,
4448,4.0,30,ICM-noSI,1.0,True,0.33062459750460904,0.015058123000926571,1.0,,
4448,4.0,30,ICM,0.7,True,0.6203711350645053,0.010785291000502184,1.0,,
4448,4.0,30,ICM,0.75,True,0.5614571346260643,0.011380519999875105,1.0,,
4448,4.0,30,ICM,0.8,True,0.5025431327747885,0.010951813001156552,1.0,,
4448,4.0,30,ICM,0.85,True,0.4436291233144121,0.009430812999198679,1.0,,
4448,4.0,30,ICM,0.9,True,0.38471513567843735,0.0095384300002479,1.0,0.0,-0.3762614639802333
4448,4.0,30,ICM,0.95,True,0.3258011346900734,0.00939314899915189,1.0,,
4448,4.0,30,ICM,1.0,True,0.2668871356687827,0.010186196999711683,1.0,,
4465,4.0,30,DCM,0.7,False,,,1.0,,
4465,4.0,30,DCM,0.75,False,,,1.0,,
4465,4.0,30,DCM,0.8,False,,,1.0,,
4465,4.0,30,DCM,0.85,False,,,1.0,,
4465,4.0,30,DCM,0.9,False,,,1.0,,
4465,4.0,30,DCM,0.95,False,,,1.0,,
4465,4.0,30,DCM,1.0,False,,,1.0,,
4465,4.0,30,ICM-noSI,0.7,True,0.5511638707087896,0.00900372099931701,1.0,,
4465,4.0,30,ICM-noSI,0.75,True,0.4994876409229503,0.009122542998738936,1.0,,
4465,4.0,30,ICM-noSI,0.8,True,0.44781140748463555,0.009599461998732295,1.0,,
4465,4.0,30,ICM-noSI,0.85,True,0.3961351727322924,0.010390203999122605,1.0,,
4465,4.0,30,ICM-noSI,0.9,True,0.34445895518403125,0.010770924998723785,1.0,0.0,-0.3656754876328745
4465,4.0,30,ICM-noSI,0.95,True,0.29278272475653794,0.014960288001020672,1.0,,
4465,4.0,30,ICM-noSI,1.0,True,0.2417370411514698,0.016272401000605896,1.0,,
4465,4.0,30,ICM,0.7,False,,,1.0,,
4465,4.0,30,ICM,0.75,False,,,1.0,,
4465,4.0,30,ICM,0.8,False,,,1.0,,
4465,4.0,30,ICM,0.85,False,,,1.0,,
4465,4.0,30,ICM,0.9,False,,,1.0,,
4465,4.0,30,ICM,0.95,False,,,1.0,,
4465,4.0,30,ICM,1.0,False,,,1.0,,
4482,4.0,30,DCM,0.7,False,,,1.0,,
4482,4.0,30,DCM,0.75,False,,,1.0,,
4482,4.0,30,DCM,0.8,False,,,1.0,,
4482,4.0,30,DCM,0.85,False,,,1.0,,
4482,4.0,30,DCM,0.9,False,,,1.0,,
4482,4.0,30,DCM,0.95,False,,,1.0,,
4482,4.0,30,DCM,1.0,False,,,1.0,,
4482,4.0,30,ICM-noSI,0.7,True,0.5810361418339719,0.009517988000879996,1.0,,
4482,4.0,30,ICM-noSI,0.75,True,0.5287817929039643,0.009172535999823594,1.0,,
4482,4.0,30,ICM-noSI,0.8,True,0.4765274435277336,0.009518263999780174,1.0,,
4482,4.0,30,ICM-noSI,0.85,True,0.42427309422555726,0.008760739001445472,1.0,,
4482,4.0,30,ICM-noSI,0.9,True,0.372018739066424,0.008575882000513957,1.0,0.0,-0.37581217816566137
4482,4.0,30,ICM-noSI,0.95,True,0.31976439167796017,0.009086890999242314,1.0,,
4482,4.0,30,ICM-noSI,1.0,True,0.2675100436233119,0.008722718001081375,1.0,,
4482,4.0,30,ICM,0.7,True,0.5867806854915346,0.010513487000935129,1.0,,
4482,4.0,30,ICM,0.75,True,0.5333620519605321,0.010065854999993462,1.0,,
4482,4.0,30,ICM,0.8,True,0.47994341897094095,0.009775601000001188,1.0,,
4482,4.0,30,ICM,0.85,True,0.4265247838946903,0.00933957200140867,1.0,,
4482,4.0,30,ICM,0.9,True,0.37310614316013885,0.008985215999928187,1.0,0.0,-0.37606017133084946
4482,4.0,30,ICM,0.95,True,0.31968752019871094,0.008757122001043172,1.0,,
4482,4.0,30,ICM,1.0,True,0.26633306032647874,0.008629875001133769,1.0,,
4499,4.0,30,DCM,0.7,False,,,1.0,,
4499,4.0,30,DCM,0.75,False,,,1.0,,
4499,4.0,30,DCM,0.8,False,,,1.0,,
4499,4.0,30,DCM,0.85,False,,,1.0,,
4499,4.0,30,DCM,0.9,False,,,1.0,,
4499,4.0,30,DCM,0.95,False,,,1.0,,
4499,4.0,30,DCM,1.0,False,,,1.0,,
4499,4.0,30,ICM-noSI,0.7,True,0.5822848615203529,0.008640074000140885,1.0,,
4499,4.0,30,ICM-noSI,0.75,True,0.5324859386442606,0.008333072999448632,1.0,,
4499,4.0,30,ICM-noSI,0.8,True,0.48268701519431095,0.008234648999859928,1.0,,
4499,4.0,30,ICM-noSI,0.85,True,0.43288809307579706,0.008844058000249788,1.0,,
4499,4.0,30,ICM-noSI,0.9,True,0.3830891847395188,0.00859552700057975,1.0,0.0,-0.2845055028923351
4499,4.0,30,ICM-noSI,0.95,True,0.33336800441873504,0.008850379999785218,1.0,,
4499,4.0,30,ICM-noSI,1.0,True,0.28450891588684796,0.008527027999662096,1.0,,
4499,4.0,30,ICM,0.7,True,0.6367361050419271,0.008627715998954955,1.0,,
4499,4.0,30,ICM,0.75,True,0.587453128193744,0.008559867001167731,1.0,,
4499,4.0,30,ICM,0.8,True,0.5381701505817424,0.008714139999938197,1.0,,
4499,4.0,30,ICM,0.85,True,0.48888716745659133,0.008643905001008534,1.0,,
4499,4.0,30,ICM,0.9,True,0.43960419757426333,0.008709200999874156,1.0,0.0,-0.3167357579732979
4499,4.0,30,ICM,0.95,True,0.39032121997662866,0.008428840001215576,1.0,,
4499,4.0,30,ICM,1.0,True,0.34104700277085104,0.008702801000254112,1.0,,
4516,4.0,30,DCM,0.7,False,,,1.0,,
4516,4.0,30,DCM,0.75,False,,,1.0,,
4516,4.0,30,DCM,0.8,False,,,1.0,,
4516,4.0,30,DCM,0.85,False,,,1.0,,
4516,4.0,30,DCM,0.9,False,,,1.0,,
4516,4.0,30,DCM,0.95,False,,,1.0,,
4516,4.0,30,DCM,1.0,False,,,1.0,,
4516,4.0,30,ICM-noSI,0.7,True,0.5092957715423879,0.008555669999623206,1.0,,
4516,4.0,30,ICM-noSI,0.75,True,0.4564503813204105,0.008611052000560449,1.0,,
4516,4.0,30,ICM-noSI,0.8,True,0.4036049909999978,0.008604328000728856,1.0,,
4516,4.0,30,ICM-noSI,0.85,True,0.35075958428966486,0.009068519000720698,1.0,,
4516,4.0,30,ICM-noSI,0.9,True,0.2979142103177439,0.009754781000083312,1.0,0.0,-0.316834212305261
4516,4.0,30,ICM-noSI,0.95,True,0.24506881993103055,0.010036102001322433,1.0,,
4516,4.0,30,ICM-noSI,1.0,True,0.19222342821398408,0.008990775000711437,1.0,,
4516,4.0,30,ICM,0.7,True,0.6055788709707426,0.009269907999623683,1.0,,
4516,4.0,30,ICM,0.75,True,0.5468589671519969,0.008507918000759673,1.0,,
4516,4.0,30,ICM,0.8,True,0.48813906103743987,0.008568797000407358,1.0,,
4516,4.0,30,ICM,0.85,True,0.42941915355710325,0.008605791999798384,1.0,,
4516,4.0,30,ICM,0.9,True,0.37069924774895013,0.00825561999954516,1.0,0.0,-0.3651090153573958
4516,4.0,30,ICM,0.95,True,0.311979344352793,0.008693257001141319,1.0,,
4516,4.0,30,ICM,1.0,True,0.25325943819340657,0.008615276999989874,1.0,,
4533,4.0,30,DCM,0.7,False,,,1.0,,
4533,4.0,30,DCM,0.75,False,,,1.0,,
4533,4.0,30,DCM,0.8,False,,,1.0,,
4533,4.0,30,DCM,0.85,False,,,1.0,,
4533,4.0,30,DCM,0.9,False,,,1.0,,
4533,4.0,30,DCM,0.95,False,,,1.0,,
4533,4.0,30,DCM,1.0,False,,,1.0,,
4533,4.0,30,ICM-noSI,0.7,True,0.5562561790268654,0.008959217999290559,1.0,,
4533,4.0,30,ICM-noSI,0.75,True,0.5048026866407427,0.008480966998831718,1.0,,
4533,4.0,30,ICM-noSI,0.8,True,0.45334919253680656,0.008418459001404699,1.0,,
4533,4.0,30,ICM-noSI,0.85,True,0.40189569372017275,0.008662963000460877,1.0,,
4533,4.0,30,ICM-noSI,0.9,True,0.35044221256365693,0.0085782170008315,1.0,0.0,-0.3066612009268379
4533,4.0,30,ICM-noSI,0.95,True,0.30080010264487284,0.008646666999993613,1.0,,
4533,4.0,30,ICM-noSI,1.0,True,0.2564365455861082,0.008905668000807054,1.0,,
4533,4.0,30,ICM,0.7,True,0.5893162288757868,0.008462367999527487,1.0,,
4533,4.0,30,ICM,0.75,True,0.5383545658486679,0.008754159000091022,1.0,,
4533,4.0,30,ICM,0.8,True,0.48739290222519294,0.008629156998722465,1.0,,
4533,4.0,30,ICM,0.85,True,0.43643123784746723,0.008628358000351,1.0,,
4533,4.0,30,ICM,0.9,True,0.3854695695679519,0.008654182998725446,1.0,0.0,-0.3479263058796086
4533,4.0,30,ICM,0.95,True,0.33450791729748947,0.009728773000460933,1.0,,
4533,4.0,30,ICM,1.0,True,0.2835462540609903,0.009569038998961332,1.0,,
5210,5.0,30,DCM,0.7,False,,,1.0,,
5210,5.0,30,DCM,0.75,False,,,1.0,,
5210,5.0,30,DCM,0.8,False,,,1.0,,
5210,5.0,30,DCM,0.85,False,,,1.0,,
5210,5.0,30,DCM,0.9,False,,,1.0,,
5210,5.0,30,DCM,0.95,False,,,1.0,,
5210,5.0,30,DCM,1.0,False,,,1.0,,
5210,5.0,30,ICM-noSI,0.7,True,0.5652738939473553,0.008717802998944535,1.0,,
5210,5.0,30,ICM-noSI,0.75,True,0.5135034532704899,0.008719751000171527,1.0,,
5210,5.0,30,ICM-noSI,0.8,True,0.46173301425934293,0.009013687000333448,1.0,,
5210,5.0,30,ICM-noSI,0.85,True,0.40996257738964437,0.008539392998500261,1.0,,
5210,5.0,30,ICM-noSI,0.9,True,0.3581921348177136,0.00839549499869463,1.0,0.0,-0.27530388200085487
5210,5.0,30,ICM-noSI,0.95,True,0.3064217025823206,0.008644688999993377,1.0,,
5210,5.0,30,ICM-noSI,1.0,True,0.2571541725396773,0.008534264999980223,1.0,,
5210,5.0,30,ICM,0.7,False,,,1.0,,
5210,5.0,30,ICM,0.75,False,,,1.0,,
5210,5.0,30,ICM,0.8,False,,,1.0,,
5210,5.0,30,ICM,0.85,False,,,1.0,,
5210,5.0,30,ICM,0.9,False,,,1.0,,
5210,5.0,30,ICM,0.95,False,,,1.0,,
5210,5.0,30,ICM,1.0,False,,,1.0,,
5227,5.0,30,DCM,0.7,False,,,1.0,,
5227,5.0,30,DCM,0.75,False,,,1.0,,
5227,5.0,30,DCM,0.8,False,,,1.0,,
5227,5.0,30,DCM,0.85,False,,,1.0,,
5227,5.0,30,DCM,0.9,False,,,1.0,,
5227,5.0,30,DCM,0.95,False,,,1.0,,
5227,5.0,30,DCM,1.0,False,,,1.0,,
5227,5.0,30,ICM-noSI,0.7,True,0.5893096315646392,0.00850487699972291,1.0,,
5227,5.0,30,ICM-noSI,0.75,True,0.5329352401436795,0.009088593998967553,1.0,,
5227,5.0,30,ICM-noSI,0.8,True,0.47656085923771185,0.00971136099906289,1.0,,
5227,5.0,30,ICM-noSI,0.85,True,0.4201864700998306,0.0092232619990682,1.0,,
5227,5.0,30,ICM-noSI,0.9,True,0.363812081231124,0.00874995899903297,1.0,0.0,-0.2235271682516644
5227,5.0,30,ICM-noSI,0.95,True,0.3074376804534083,0.008527169000444701,1.0,,
5227,5.0,30,ICM-noSI,1.0,True,0.25481409230842833,0.00863153600039368,1.0,,
5227,5.0,30,ICM,0.7,True,0.632563868719058,0.00856135499998345,1.0,,
5227,5.0,30,ICM,0.75,True,0.5741401122907219,0.008496730999468127,1.0,,
5227,5.0,30,ICM,0.8,True,0.5157163544239975,0.008641828999316203,1.0,,
5227,5.0,30,ICM,0.85,True,0.45729259087311636,0.008511942000041017,1.0,,
5227,5.0,30,ICM,0.9,True,0.39886884296879666,0.008631364999018842,1.0,0.0,-0.2791207605681396
5227,5.0,30,ICM,0.95,True,0.3404450862242094,0.00863964699965436,1.0,,
5227,5.0,30,ICM,1.0,True,0.28202132955126785,0.008507784999892465,1.0,,
5244,5.0,30,DCM,0.7,False,,,1.0,,
5244,5.0,30,DCM,0.75,False,,,1.0,,
5244,5.0,30,DCM,0.8,False,,,1.0,,
5244,5.0,30,DCM,0.85,False,,,1.0,,
5244,5.0,30,DCM,0.9,False,,,1.0,,
5244,5.0,30,DCM,0.95,False,,,1.0,,
5244,5.0,30,DCM,1.0,False,,,1.0,,
5244,5.0,30,ICM-noSI,0.7,True,0.6146389550563128,0.008803985998383723,1.0,,
5244,5.0,30,ICM-noSI,0.75,True,0.552483318916491,0.008687925999765866,1.0,,
5244,5.0,30,ICM-noSI,0.8,True,0.49032768376039876,0.008830582999507897,1.0,,
5244,5.0,30,ICM-noSI,0.85,True,0.4281720420356531,0.008695249000084004,1.0,,
5244,5.0,30,ICM-noSI,0.9,True,0.3660164136794862,0.008783078001215472,1.0,0.0,-0.39513481801661177
5244,5.0,30,ICM-noSI,0.95,True,0.3038607776325945,0.008738034999623778,1.0,,
5244,5.0,30,ICM-noSI,1.0,True,0.2417051373908649,0.00872826399972837,1.0,,
5244,5.0,30,ICM,0.7,True,0.6206685301122918,0.008633018000182346,1.0,,
5244,5.0,30,ICM,0.75,True,0.5662909243425468,0.00858545899973251,1.0,,
5244,5.0,30,ICM,0.8,True,0.5119133205876236,0.008590284998717834,1.0,,
5244,5.0,30,ICM,0.85,True,0.4575357269755407,0.008465741000691196,1.0,,
5244,5.0,30,ICM,0.9,True,0.40315812127689826,0.00812899000084144,1.0,0.0,-0.4107518234722769
5244,5.0,30,ICM,0.95,True,0.34878051163929136,0.008474361000480712,1.0,,
5244,5.0,30,ICM,1.0,True,0.2944416379232343,0.0082567219997145,1.0,,
5261,5.0,30,DCM,0.7,False,,,1.0,,
5261,5.0,30,DCM,0.75,False,,,1.0,,
5261,5.0,30,DCM,0.8,False,,,1.0,,
5261,5.0,30,DCM,0.85,False,,,1.0,,
5261,5.0,30,DCM,0.9,False,,,1.0,,
5261,5.0,30,DCM,0.95,False,,,1.0,,
5261,5.0,30,DCM,1.0,False,,,1.0,,
5261,5.0,30,ICM-noSI,0.7,True,0.6053882260907517,0.00847244199940178,1.0,,
5261,5.0,30,ICM-noSI,0.75,True,0.5552700454251039,0.008578048000345007,1.0,,
5261,5.0,30,ICM-noSI,0.8,True,0.505151863419269,0.008560091999243014,1.0,,
5261,5.0,30,ICM-noSI,0.85,True,0.4550336819036425,0.008613313000751077,1.0,,
5261,5.0,30,ICM-noSI,0.9,True,0.40491550053405245,0.008598274000178208,1.0,0.0,-0.48106654030019724
5261,5.0,30,ICM-noSI,0.95,True,0.3547973162906159,0.008949654000389273,1.0,,
5261,5.0,30,ICM-noSI,1.0,True,0.30467913918331574,0.008584680999774719,1.0,,
5261,5.0,30,ICM,0.7,False,,,1.0,,
5261,5.0,30,ICM,0.75,False,,,1.0,,
5261,5.0,30,ICM,0.8,False,,,1.0,,
5261,5.0,30,ICM,0.85,False,,,1.0,,
5261,5.0,30,ICM,0.9,False,,,1.0,,
5261,5.0,30,ICM,0.95,False,,,1.0,,
5261,5.0,30,ICM,1.0,False,,,1.0,,
5278,5.0,30,DCM,0.7,False,,,1.0,,
5278,5.0,30,DCM,0.75,False,,,1.0,,
5278,5.0,30,DCM,0.8,False,,,1.0,,
5278,5.0,30,DCM,0.85,False,,,1.0,,
5278,5.0,30,DCM,0.9,False,,,1.0,,
5278,5.0,30,DCM,0.95,False,,,1.0,,
5278,5.0,30,DCM,1.0,False,,,1.0,,
5278,5.0,30,ICM-noSI,0.7,True,0.5053092025002573,0.008565797999835922,1.0,,
5278,5.0,30,ICM-noSI,0.75,True,0.45830448088150033,0.008684395999807748,1.0,,
5278,5.0,30,ICM-noSI,0.8,True,0.41129975932268964,0.00943916299911507,1.0,,
5278,5.0,30,ICM-noSI,0.85,True,0.36429503757620174,0.009993581999879098,1.0,,
5278,5.0,30,ICM-noSI,0.9,True,0.317290315633871,0.009926322998580872,1.0,0.0,-0.44875355742706236
5278,5.0,30,ICM-noSI,0.95,True,0.27028559075050906,0.009003533999930369,1.0,,
5278,5.0,30,ICM-noSI,1.0,True,0.2232808664070088,0.00873863699962385,1.0,,
5278,5.0,30,ICM,0.7,True,0.5827244678303988,0.00853188300061447,1.0,,
5278,5.0,30,ICM,0.75,True,0.5329078880331419,0.008505492000040249,1.0,,
5278,5.0,30,ICM,0.8,True,0.48309130733128036,0.008191536000595079,1.0,,
5278,5.0,30,ICM,0.85,True,0.43327472652710264,0.008606427998529398,1.0,,
5278,5.0,30,ICM,0.9,True,0.3834581455224563,0.008422831999268965,1.0,0.0,-0.49068193732571697
5278,5.0,30,ICM,0.95,True,0.33364156585030286,0.008847151999361813,1.0,,
5278,5.0,30,ICM,1.0,True,0.28382498503861875,0.010031719000835437,1.0,,
5295,5.0,30,DCM,0.7,False,,,1.0,,
5295,5.0,30,DCM,0.75,False,,,1.0,,
5295,5.0,30,DCM,0.8,False,,,1.0,,
5295,5.0,30,DCM,0.85,False,,,1.0,,
5295,5.0,30,DCM,0.9,False,,,1.0,,
5295,5.0,30,DCM,0.95,False,,,1.0,,
5295,5.0,30,DCM,1.0,False,,,1.0,,
5295,5.0,30,ICM-noSI,0.7,True,0.5607504734780788,0.008596044001023984,1.0,,
5295,5.0,30,ICM-noSI,0.75,True,0.5132525346918638,0.008561457998439437,1.0,,
5295,5.0,30,ICM-noSI,0.8,True,0.465754595958265,0.008643924000352854,1.0,,
5295,5.0,30,ICM-noSI,0.85,True,0.4182566566284812,0.008645990999866626,1.0,,
5295,5.0,30,ICM-noSI,0.9,True,0.37075871738339805,0.00826528200013854,1.0,0.0,-0.47346013770535245
5295,5.0,30,ICM-noSI,0.95,True,0.3232607777696915,0.008125127000312204,1.0,,
5295,5.0,30,ICM-noSI,1.0,True,0.27576283620888836,0.008323899999595596,1.0,,
5295,5.0,30,ICM,0.7,False,,,1.0,,
5295,5.0,30,ICM,0.75,False,,,1.0,,
5295,5.0,30,ICM,0.8,False,,,1.0,,
5295,5.0,30,ICM,0.85,False,,,1.0,,
5295,5.0,30,ICM,0.9,False,,,1.0,,
5295,5.0,30,ICM,0.95,False,,,1.0,,
5295,5.0,30,ICM,1.0,False,,,1.0,,
5312,5.0,30,DCM,0.7,False,,,1.0,,
5312,5.0,30,DCM,0.75,False,,,1.0,,
5312,5.0,30,DCM,0.8,False,,,1.0,,
5312,5.0,30,DCM,0.85,False,,,1.0,,
5312,5.0,30,DCM,0.9,False,,,1.0,,
5312,5.0,30,DCM,0.95,False,,,1.0,,
5312,5.0,30,DCM,1.0,False,,,1.0,,
5312,5.0,30,ICM-noSI,0.7,True,0.6192579413992644,0.008091787000012118,1.0,,
5312,5.0,30,ICM-noSI,0.75,True,0.5696234538708308,0.008484062998832087,1.0,,
5312,5.0,30,ICM-noSI,0.8,True,0.5199889688040291,0.008264631000201916,1.0,,
5312,5.0,30,ICM-noSI,0.85,True,0.470354476382826,0.008025289000215707,1.0,,
5312,5.0,30,ICM-noSI,0.9,True,0.4207200008570585,0.00818885999979102,1.0,0.0,-0.3398200506130251
5312,5.0,30,ICM-noSI,0.95,True,0.37108551262096634,0.008558456000173464,1.0,,
5312,5.0,30,ICM-noSI,1.0,True,0.32145101598510506,0.00829967800018494,1.0,,
5312,5.0,30,ICM,0.7,True,0.627353283904012,0.008471617000395781,1.0,,
5312,5.0,30,ICM,0.75,True,0.5772790488755419,0.008658261000164202,1.0,,
5312,5.0,30,ICM,0.8,True,0.5272048139646626,0.009356575999845518,1.0,,
5312,5.0,30,ICM,0.85,True,0.4771305788185479,0.008689637999850675,1.0,,
5312,5.0,30,ICM,0.9,True,0.42705634323511366,0.008608780999566079,1.0,0.0,-0.36814813955780834
5312,5.0,30,ICM,0.95,True,0.37698210607687505,0.008909624000807526,1.0,,
5312,5.0,30,ICM,1.0,True,0.32690787066296617,0.008767944000283023,1.0,,
5329,5.0,30,DCM,0.7,False,,,1.0,,
5329,5.0,30,DCM,0.75,False,,,1.0,,
5329,5.0,30,DCM,0.8,False,,,1.0,,
5329,5.0,30,DCM,0.85,False,,,1.0,,
5329,5.0,30,DCM,0.9,False,,,1.0,,
5329,5.0,30,DCM,0.95,False,,,1.0,,
5329,5.0,30,DCM,1.0,False,,,1.0,,
5329,5.0,30,ICM-noSI,0.7,True,0.627202694157453,0.008805956000287551,1.0,,
5329,5.0,30,ICM-noSI,0.75,True,0.5735506161910741,0.008595842999056913,1.0,,
5329,5.0,30,ICM-noSI,0.8,True,0.5198985340001139,0.008303723001517938,1.0,,
5329,5.0,30,ICM-noSI,0.85,True,0.46624644727754794,0.008668325001053745,1.0,,
5329,5.0,30,ICM-noSI,0.9,True,0.4125943800701526,0.008562813000025926,1.0,0.0,-0.3921580252188983
5329,5.0,30,ICM-noSI,0.95,True,0.35894230052962595,0.008679623999341857,1.0,,
5329,5.0,30,ICM-noSI,1.0,True,0.305290221500311,0.008677474999785773,1.0,,
5329,5.0,30,ICM,0.7,False,,,1.0,,
5329,5.0,30,ICM,0.75,False,,,1.0,,
5329,5.0,30,ICM,0.8,False,,,1.0,,
5329,5.0,30,ICM,0.85,False,,,1.0,,
5329,5.0,30,ICM,0.9,False,,,1.0,,
5329,5.0,30,ICM,0.95,False,,,1.0,,
5329,5.0,30,ICM,1.0,False,,,1.0,,
5346,5.0,30,DCM,0.7,False,,,1.0,,
5346,5.0,30,DCM,0.75,False,,,1.0,,
5346,5.0,30,DCM,0.8,False,,,1.0,,
5346,5.0,30,DCM,0.85,False,,,1.0,,
5346,5.0,30,DCM,0.9,False,,,1.0,,
5346,5.0,30,DCM,0.95,False,,,1.0,,
5346,5.0,30,DCM,1.0,False,,,1.0,,
5346,5.0,30,ICM-noSI,0.7,True,0.5510985208028539,0.009084629000426503,1.0,,
5346,5.0,30,ICM-noSI,0.75,True,0.5013987503959457,0.008774785001151031,1.0,,
5346,5.0,30,ICM-noSI,0.8,True,0.4516989801373987,0.008728282000447507,1.0,,
5346,5.0,30,ICM-noSI,0.85,True,0.40199920972519176,0.008837241999572143,1.0,,
5346,5.0,30,ICM-noSI,0.9,True,0.3522994326296327,0.008774571000685683,1.0,0.0,-0.3966267475804248
5346,5.0,30,ICM-noSI,0.95,True,0.3025996525607959,0.008657307000248693,1.0,,
5346,5.0,30,ICM-noSI,1.0,True,0.2528998993455466,0.008858213001076365,1.0,,
5346,5.0,30,ICM,0.7,True,0.6253162744997295,0.010490569000467076,1.0,,
5346,5.0,30,ICM,0.75,True,0.5737599872418707,0.009977674000765546,1.0,,
5346,5.0,30,ICM,0.8,True,0.5222036968589587,0.008737698999539134,1.0,,
5346,5.0,30,ICM,0.85,True,0.47064740538412575,0.008552287999918917,1.0,,
5346,5.0,30,ICM,0.9,True,0.4190911133103258,0.00862326700007543,1.0,0.0,-0.4909938244052652
5346,5.0,30,ICM,0.95,True,0.36753482120980585,0.008518653999999515,1.0,,
5346,5.0,30,ICM,1.0,True,0.3159785285538968,0.008644850000564475,1.0,,
5363,5.0,30,DCM,0.7,False,,,1.0,,
5363,5.0,30,DCM,0.75,False,,,1.0,,
5363,5.0,30,DCM,0.8,False,,,1.0,,
5363,5.0,30,DCM,0.85,False,,,1.0,,
5363,5.0,30,DCM,0.9,False,,,1.0,,
5363,5.0,30,DCM,0.95,False,,,1.0,,
5363,5.0,30,DCM,1.0,False,,,1.0,,
5363,5.0,30,ICM-noSI,0.7,True,0.5386291906336704,0.009342070999991847,1.0,,
5363,5.0,30,ICM-noSI,0.75,True,0.4946147129707907,0.008488252999086399,1.0,,
5363,5.0,30,ICM-noSI,0.8,True,0.4506002345468867,0.008655136000015773,1.0,,
5363,5.0,30,ICM-noSI,0.85,True,0.4065857549396007,0.008655431000079261,1.0,,
5363,5.0,30,ICM-noSI,0.9,True,0.3625712763082582,0.008348596000359976,1.0,0.0,-0.44926667765186645
5363,5.0,30,ICM-noSI,0.95,True,0.31855679804095993,0.008403198000451084,1.0,,
5363,5.0,30,ICM-noSI,1.0,True,0.2745423169351436,0.008641361000627512,1.0,,
5363,5.0,30,ICM,0.7,False,,,1.0,,
5363,5.0,30,ICM,0.75,False,,,1.0,,
5363,5.0,30,ICM,0.8,False,,,1.0,,
5363,5.0,30,ICM,0.85,False,,,1.0,,
5363,5.0,30,ICM,0.9,False,,,1.0,,
5363,5.0,30,ICM,0.95,False,,,1.0,,
5363,5.0,30,ICM,1.0,False,,,1.0,,
5380,5.0,30,DCM,0.7,False,,,1.0,,
5380,5.0,30,DCM,0.75,False,,,1.0,,
5380,5.0,30,DCM,0.8,False,,,1.0,,
5380,5.0,30,DCM,0.85,False,,,1.0,,
5380,5.0,30,DCM,0.9,False,,,1.0,,
5380,5.0,30,DCM,0.95,False,,,1.0,,
5380,5.0,30,DCM,1.0,False,,,1.0,,
5380,5.0,30,ICM-noSI,0.7,True,0.6407316081677554,0.008588186001361464,1.0,,
5380,5.0,30,ICM-noSI,0.75,True,0.586695910955242,0.008638117000373313,1.0,,
5380,5.0,30,ICM-noSI,0.8,True,0.5326602337409546,0.009889792001558817,1.0,,
5380,5.0,30,ICM-noSI,0.85,True,0.47862455129011977,0.011086291999163222,1.0,,
5380,5.0,30,ICM-noSI,0.9,True,0.42458888263133693,0.011354274000041187,1.0,0.0,-0.3222298406077194
5380,5.0,30,ICM-noSI,0.95,True,0.37055319524304475,0.01071303699973214,1.0,,
5380,5.0,30,ICM-noSI,1.0,True,0.3165175072455504,0.009849906000454212,1.0,,
5380,5.0,30,ICM,0.7,False,,,1.0,,
5380,5.0,30,ICM,0.75,False,,,1.0,,
5380,5.0,30,ICM,0.8,False,,,1.0,,
5380,5.0,30,ICM,0.85,False,,,1.0,,
5380,5.0,30,ICM,0.9,False,,,1.0,,
5380,5.0,30,ICM,0.95,False,,,1.0,,
5380,5.0,30,ICM,1.0,False,,,1.0,,
5397,5.0,30,DCM,0.7,False,,,1.0,,
5397,5.0,30,DCM,0.75,False,,,1.0,,
5397,5.0,30,DCM,0.8,False,,,1.0,,
5397,5.0,30,DCM,0.85,False,,,1.0,,
5397,5.0,30,DCM,0.9,False,,,1.0,,
5397,5.0,30,DCM,0.95,False,,,1.0,,
5397,5.0,30,DCM,1.0,False,,,1.0,,
5397,5.0,30,ICM-noSI,0.7,True,0.6435447877674825,0.008411712999077281,1.0,,
5397,5.0,30,ICM-noSI,0.75,True,0.594094984082281,0.008674742000948754,1.0,,
5397,5.0,30,ICM-noSI,0.8,True,0.5446451938478812,0.008731672000067192,1.0,,
5397,5.0,30,ICM-noSI,0.85,True,0.49519538969578286,0.008834790000037174,1.0,,
5397,5.0,30,ICM-noSI,0.9,True,0.44574558664138536,0.008718499999304186,1.0,0.0,-0.3046890319220247
5397,5.0,30,ICM-noSI,0.95,True,0.3962957824733951,0.008386929001062526,1.0,,
5397,5.0,30,ICM-noSI,1.0,True,0.34684597881801643,0.008405190001212759,1.0,,
5397,5.0,30,ICM,0.7,False,,,1.0,,
5397,5.0,30,ICM,0.75,False,,,1.0,,
5397,5.0,30,ICM,0.8,False,,,1.0,,
5397,5.0,30,ICM,0.85,False,,,1.0,,
5397,5.0,30,ICM,0.9,False,,,1.0,,
5397,5.0,30,ICM,0.95,False,,,1.0,,
5397,5.0,30,ICM,1.0,False,,,1.0,,
5414,5.0,30,DCM,0.7,False,,,1.0,,
5414,5.0,30,DCM,0.75,False,,,1.0,,
5414,5.0,30,DCM,0.8,False,,,1.0,,
5414,5.0,30,DCM,0.85,False,,,1.0,,
5414,5.0,30,DCM,0.9,False,,,1.0,,
5414,5.0,30,DCM,0.95,False,,,1.0,,
5414,5.0,30,DCM,1.0,False,,,1.0,,
5414,5.0,30,ICM-noSI,0.7,True,0.621398013556312,0.008813053998892428,1.0,,
5414,5.0,30,ICM-noSI,0.75,True,0.5696828900594574,0.008778974999586353,1.0,,
5414,5.0,30,ICM-noSI,0.8,True,0.5179677555499327,0.008688021000125445,1.0,,
5414,5.0,30,ICM-noSI,0.85,True,0.4662526272849342,0.009232996999344323,1.0,,
5414,5.0,30,ICM-noSI,0.9,True,0.41453749538661383,0.009144483001364279,1.0,0.0,-0.30401592561971846
5414,5.0,30,ICM-noSI,0.95,True,0.3628223632897154,0.008717344000615412,1.0,,
5414,5.0,30,ICM-noSI,1.0,True,0.31110723062006285,0.008532423000360723,1.0,,
5414,5.0,30,ICM,0.7,False,,,1.0,,
5414,5.0,30,ICM,0.75,False,,,1.0,,
5414,5.0,30,ICM,0.8,False,,,1.0,,
5414,5.0,30,ICM,0.85,False,,,1.0,,
5414,5.0,30,ICM,0.9,False,,,1.0,,
5414,5.0,30,ICM,0.95,False,,,1.0,,
5414,5.0,30,ICM,1.0,False,,,1.0,,
5431,5.0,30,DCM,0.7,False,,,1.0,,
5431,5.0,30,DCM,0.75,False,,,1.0,,
5431,5.0,30,DCM,0.8,False,,,1.0,,
5431,5.0,30,DCM,0.85,False,,,1.0,,
5431,5.0,30,DCM,0.9,False,,,1.0,,
5431,5.0,30,DCM,0.95,False,,,1.0,,
5431,5.0,30,DCM,1.0,False,,,1.0,,
5431,5.0,30,ICM-noSI,0.7,True,0.6481583403934428,0.008691028000612278,1.0,,
5431,5.0,30,ICM-noSI,0.75,True,0.5978957675373894,0.008637388000352075,1.0,,
5431,5.0,30,ICM-noSI,0.8,True,0.5476331945383004,0.008866715999829466,1.0,,
5431,5.0,30,ICM-noSI,0.85,True,0.4973706214443998,0.008526061999873491,1.0,,
5431,5.0,30,ICM-noSI,0.9,True,0.44710804826292866,0.008312234000186436,1.0,0.0,-0.4866498420287587
5431,5.0,30,ICM-noSI,0.95,True,0.3968454750232784,0.008541822000552202,1.0,,
5431,5.0,30,ICM-noSI,1.0,True,0.34658290175749173,0.008048695999605116,1.0,,
5431,5.0,30,ICM,0.7,True,0.7310193955828072,0.008528731999831507,1.0,,
5431,5.0,30,ICM,0.75,True,0.6722994783840663,0.008566069998778403,1.0,,
5431,5.0,30,ICM,0.8,True,0.6135795765670017,0.008336917000633548,1.0,,
5431,5.0,30,ICM,0.85,True,0.5548596705058279,0.008611246999862487,1.0,,
5431,5.0,30,ICM,0.9,True,0.496139766238404,0.008276612001282047,1.0,0.0,-0.5189995375143936
5431,5.0,30,ICM,0.95,True,0.43741986010529027,0.008636728000055882,1.0,,
5431,5.0,30,ICM,1.0,True,0.37869995308372706,0.008728355998755433,1.0,,
5448,5.0,30,DCM,0.7,False,,,1.0,,
5448,5.0,30,DCM,0.75,False,,,1.0,,
5448,5.0,30,DCM,0.8,False,,,1.0,,
5448,5.0,30,DCM,0.85,False,,,1.0,,
5448,5.0,30,DCM,0.9,False,,,1.0,,
5448,5.0,30,DCM,0.95,False,,,1.0,,
5448,5.0,30,DCM,1.0,False,,,1.0,,
5448,5.0,30,ICM-noSI,0.7,True,0.5372008643981148,0.008725631998458994,1.0,,
5448,5.0,30,ICM-noSI,0.75,True,0.4878025249547425,0.008586242998717353,1.0,,
5448,5.0,30,ICM-noSI,0.8,True,0.4384041858223901,0.008158792999893194,1.0,,
5448,5.0,30,ICM-noSI,0.85,True,0.38900584669796096,0.008147346999976435,1.0,,
5448,5.0,30,ICM-noSI,0.9,True,0.3396075074408102,0.0086277139998856,1.0,0.0,-0.392415626799802
5448,5.0,30,ICM-noSI,0.95,True,0.2902091686039347,0.008237078998718061,1.0,,
5448,5.0,30,ICM-noSI,1.0,True,0.240810827687227,0.008106768998914049,1.0,,
5448,5.0,30,ICM,0.7,False,,,1.0,,
5448,5.0,30,ICM,0.75,False,,,1.0,,
5448,5.0,30,ICM,0.8,False,,,1.0,,
5448,5.0,30,ICM,0.85,False,,,1.0,,
5448,5.0,30,ICM,0.9,False,,,1.0,,
5448,5.0,30,ICM,0.95,False,,,1.0,,
5448,5.0,30,ICM,1.0,False,,,1.0,,
5465,5.0,30,DCM,0.7,False,,,1.0,,
5465,5.0,30,DCM,0.75,False,,,1.0,,
5465,5.0,30,DCM,0.8,False,,,1.0,,
5465,5.0,30,DCM,0.85,False,,,1.0,,
5465,5.0,30,DCM,0.9,False,,,1.0,,
5465,5.0,30,DCM,0.95,False,,,1.0,,
5465,5.0,30,DCM,1.0,False,,,1.0,,
5465,5.0,30,ICM-noSI,0.7,True,0.6378677330993981,0.00981967900042946,1.0,,
5465,5.0,30,ICM-noSI,0.75,True,0.5850498908542332,0.009457782000026782,1.0,,
5465,5.0,30,ICM-noSI,0.8,True,0.532232043016838,0.009059704001629143,1.0,,
5465,5.0,30,ICM-noSI,0.85,True,0.4794142037933717,0.008750745000725146,1.0,,
5465,5.0,30,ICM-noSI,0.9,True,0.42659635440829224,0.008628211999166524,1.0,0.0,-0.37220219688171563
5465,5.0,30,ICM-noSI,0.95,True,0.37377850456315254,0.009082820999537944,1.0,,
5465,5.0,30,ICM-noSI,1.0,True,0.32096066280590746,0.008733683000173187,1.0,,
5465,5.0,30,ICM,0.7,True,0.6315284928309584,0.008720014000573428,1.0,,
5465,5.0,30,ICM,0.75,True,0.5772980562001481,0.008612996000010753,1.0,,
5465,5.0,30,ICM,0.8,True,0.5230676234075928,0.008902720001060516,1.0,,
5465,5.0,30,ICM,0.85,True,0.4688371853695675,0.008750107999730972,1.0,,
5465,5.0,30,ICM,0.9,True,0.41460675640420575,0.008624585001598462,1.0,0.0,-0.41250809277549383
5465,5.0,30,ICM,0.95,True,0.36037632071302345,0.008934315999795217,1.0,,
5465,5.0,30,ICM,1.0,True,0.30614588302853973,0.008735084998988896,1.0,,
5482,5.0,30,DCM,0.7,False,,,1.0,,
5482,5.0,30,DCM,0.75,False,,,1.0,,
5482,5.0,30,DCM,0.8,False,,,1.0,,
5482,5.0,30,DCM,0.85,False,,,1.0,,
5482,5.0,30,DCM,0.9,False,,,1.0,,
5482,5.0,30,DCM,0.95,False,,,1.0,,
5482,5.0,30,DCM,1.0,False,,,1.0,,
5482,5.0,30,ICM-noSI,0.7,True,0.6371963743769926,0.010033622000264586,1.0,,
5482,5.0,30,ICM-noSI,0.75,True,0.5839922504710944,0.0091012459997728,1.0,,
5482,5.0,30,ICM-noSI,0.8,True,0.5307881263936397,0.008551568000257248,1.0,,
5482,5.0,30,ICM-noSI,0.85,True,0.47758400250002975,0.008536649998859502,1.0,,
5482,5.0,30,ICM-noSI,0.9,True,0.4243798783385674,0.008723159999135532,1.0,0.0,-0.37450901241322687
5482,5.0,30,ICM-noSI,0.95,True,0.37117574485371957,0.009043465999639011,1.0,,
5482,5.0,30,ICM-noSI,1.0,True,0.3179716293024793,0.009735562998685054,1.0,,
5482,5.0,30,ICM,0.7,False,,,1.0,,
5482,5.0,30,ICM,0.75,False,,,1.0,,
5482,5.0,30,ICM,0.8,False,,,1.0,,
5482,5.0,30,ICM,0.85,False,,,1.0,,
5482,5.0,30,ICM,0.9,False,,,1.0,,
5482,5.0,30,ICM,0.95,False,,,1.0,,
5482,5.0,30,ICM,1.0,False,,,1.0,,
5499,5.0,30,DCM,0.7,False,,,1.0,,
5499,5.0,30,DCM,0.75,False,,,1.0,,
5499,5.0,30,DCM,0.8,False,,,1.0,,
5499,5.0,30,DCM,0.85,False,,,1.0,,
5499,5.0,30,DCM,0.9,False,,,1.0,,
5499,5.0,30,DCM,0.95,False,,,1.0,,
5499,5.0,30,DCM,1.0,False,,,1.0,,
5499,5.0,30,ICM-noSI,0.7,True,0.5303362644849154,0.008102396001049783,1.0,,
5499,5.0,30,ICM-noSI,0.75,True,0.477535925201545,0.008702421999259968,1.0,,
5499,5.0,30,ICM-noSI,0.8,True,0.424735585873968,0.008946864001700305,1.0,,
5499,5.0,30,ICM-noSI,0.85,True,0.37193524642020054,0.008305018998726155,1.0,,
5499,5.0,30,ICM-noSI,0.9,True,0.31913490709425996,0.008398846999625675,1.0,0.0,-0.3408804529523253
5499,5.0,30,ICM-noSI,0.95,True,0.2663345678007141,0.008631261000118684,1.0,,
5499,5.0,30,ICM-noSI,1.0,True,0.21365386504936748,0.008260831998995855,1.0,,
5499,5.0,30,ICM,0.7,True,0.5774932322187752,0.008619259999250062,1.0,,
5499,5.0,30,ICM,0.75,True,0.5185748217677327,0.008897187999536982,1.0,,
5499,5.0,30,ICM,0.8,True,0.45965641103887594,0.008618387999376864,1.0,,
5499,5.0,30,ICM,0.85,True,0.4007380015388606,0.008427660999586806,1.0,,
5499,5.0,30,ICM,0.9,True,0.34181959266518097,0.008423667999522877,1.0,0.0,-0.34007153681320457
5499,5.0,30,ICM,0.95,True,0.28290118151661453,0.008287843000289286,1.0,,
5499,5.0,30,ICM,1.0,True,0.22398277133498312,0.008523783000782714,1.0,,
5516,5.0,30,DCM,0.7,False,,,1.0,,
5516,5.0,30,DCM,0.75,False,,,1.0,,
5516,5.0,30,DCM,0.8,False,,,1.0,,
5516,5.0,30,DCM,0.85,False,,,1.0,,
5516,5.0,30,DCM,0.9,False,,,1.0,,
5516,5.0,30,DCM,0.95,False,,,1.0,,
5516,5.0,30,DCM,1.0,False,,,1.0,,
5516,5.0,30,ICM-noSI,0.7,True,0.5600698912511695,0.008575388999815914,1.0,,
5516,5.0,30,ICM-noSI,0.75,True,0.5157726984493312,0.008576471000196761,1.0,,
5516,5.0,30,ICM-noSI,0.8,True,0.47147550490415896,0.009079700999791385,1.0,,
5516,5.0,30,ICM-noSI,0.85,True,0.42717831121065486,0.00903478200052632,1.0,,
5516,5.0,30,ICM-noSI,0.9,True,0.3828811172749463,0.008706032000191044,1.0,0.0,-0.34258961411257227
5516,5.0,30,ICM-noSI,0.95,True,0.33858392311926205,0.00880395599961048,1.0,,
5516,5.0,30,ICM-noSI,1.0,True,0.29428672842886244,0.00852872399991611,1.0,,
5516,5.0,30,ICM,0.7,True,0.5010961172674667,0.008142852000673884,1.0,,
5516,5.0,30,ICM,0.75,True,0.4532349672010194,0.00835313999959908,1.0,,
5516,5.0,30,ICM,0.8,True,0.4053738175092934,0.008077337999566225,1.0,,
5516,5.0,30,ICM,0.85,True,0.35751266759351336,0.008025752000321518,1.0,,
5516,5.0,30,ICM,0.9,True,0.30965151565288546,0.008673534999616095,1.0,0.0,-0.28145280219370195
5516,5.0,30,ICM,0.95,True,0.26179036377044285,0.008608640999227646,1.0,,
5516,5.0,30,ICM,1.0,True,0.2139292222495216,0.008206749000237323,1.0,,
5533,5.0,30,DCM,0.7,False,,,1.0,,
5533,5.0,30,DCM,0.75,False,,,1.0,,
5533,5.0,30,DCM,0.8,False,,,1.0,,
5533,5.0,30,DCM,0.85,False,,,1.0,,
5533,5.0,30,DCM,0.9,False,,,1.0,,
5533,5.0,30,DCM,0.95,False,,,1.0,,
5533,5.0,30,DCM,1.0,False,,,1.0,,
5533,5.0,30,ICM-noSI,0.7,True,0.524109815941708,0.0081226530001004,1.0,,
5533,5.0,30,ICM-noSI,0.75,True,0.46992710123749276,0.008041115999731119,1.0,,
5533,5.0,30,ICM-noSI,0.8,True,0.4157443923285936,0.008570866000809474,1.0,,
5533,5.0,30,ICM-noSI,0.85,True,0.36156168949574097,0.008275723001133883,1.0,,
5533,5.0,30,ICM-noSI,0.9,True,0.30737896121806124,0.008157655000104569,1.0,0.0,-0.3345702159104972
5533,5.0,30,ICM-noSI,0.95,True,0.2531962605812295,0.008730175000891904,1.0,,
5533,5.0,30,ICM-noSI,1.0,True,0.20009327678568412,0.00863158799984376,1.0,,
5533,5.0,30,ICM,0.7,True,0.5886714309352578,0.00883174399859854,1.0,,
5533,5.0,30,ICM,0.75,True,0.529951525552446,0.008890962000805303,1.0,,
5533,5.0,30,ICM,0.8,True,0.4712316182597719,0.008531452000170248,1.0,,
5533,5.0,30,ICM,0.85,True,0.4125117107577461,0.008439543998974841,1.0,,
5533,5.0,30,ICM,0.9,True,0.35379180601520954,0.008574817999033257,1.0,0.0,-0.41549476271545893
5533,5.0,30,ICM,0.95,True,0.295071902245708,0.00849885099887615,1.0,,
5533,5.0,30,ICM,1.0,True,0.23635199612383953,0.008343142999365227,1.0,,
1070,1.0,10,DCM,0.7,True,0.5238465996372562,0.008594794000600814,8.0,,
1070,1.0,10,DCM,0.75,True,0.47351544677752744,0.008463703999950667,8.0,,
1070,1.0,10,DCM,0.8,True,0.4231842944489359,0.008140527999785263,8.0,,
1070,1.0,10,DCM,0.85,True,0.37285314213804377,0.008248942998761777,8.0,,
1070,1.0,10,DCM,0.9,True,0.32252198533017806,0.008190163000108441,8.0,0.0,-0.326885541214602
1070,1.0,10,DCM,0.95,True,0.27219083634515623,0.008193411998945521,8.0,,
1070,1.0,10,DCM,1.0,True,0.22280413165078475,0.00860476399975596,8.0,,
1070,1.0,10,ICM-noSI,0.7,True,0.5238508881860687,0.009054730000570999,8.0,,
1070,1.0,10,ICM-noSI,0.75,True,0.4735322179701394,0.010378133001722745,8.0,,
1070,1.0,10,ICM-noSI,0.8,True,0.42321356483652633,0.011558223999600159,8.0,,
1070,1.0,10,ICM-noSI,0.85,True,0.372894897101151,0.011454240999228205,8.0,,
1070,1.0,10,ICM-noSI,0.9,True,0.3225762292958217,0.011047541998777888,8.0,0.0,-0.3264345838071502
1070,1.0,10,ICM-noSI,0.95,True,0.27225756100321896,0.009677883999756887,8.0,,
1070,1.0,10,ICM-noSI,1.0,True,0.2228784244948927,0.009294011999372742,8.0,,
1070,1.0,10,ICM,0.7,True,0.5208104436793125,0.009343486999568995,8.0,,
1070,1.0,10,ICM,0.75,True,0.4708136698089756,0.008941186999436468,8.0,,
1070,1.0,10,ICM,0.8,True,0.42081688591864785,0.009093231999941054,8.0,,
1070,1.0,10,ICM,0.85,True,0.37082012177459955,0.009101104998990195,8.0,,
1070,1.0,10,ICM,0.9,True,0.3208233454234883,0.009131445000093663,8.0,0.0,-0.363358915977117
1070,1.0,10,ICM,0.95,True,0.2708265662509124,0.008914527999877464,8.0,,
1070,1.0,10,ICM,1.0,True,0.22082979997508825,0.008679647000462865,8.0,,
1087,1.0,10,DCM,0.7,True,0.5202092242741608,0.008569805999286473,8.0,,
1087,1.0,10,DCM,0.75,True,0.4712380241804094,0.008598469999924419,8.0,,
1087,1.0,10,DCM,0.8,True,0.4222668238918688,0.008620563001386472,8.0,,
1087,1.0,10,DCM,0.85,True,0.3732956231629282,0.008282688000690541,8.0,,
1087,1.0,10,DCM,0.9,True,0.3243244197059734,0.008344312000190257,8.0,0.0,-0.319688722180686
1087,1.0,10,DCM,0.95,True,0.2753532239241865,0.009210714999426273,8.0,,
1087,1.0,10,DCM,1.0,True,0.2263820234925964,0.008680576000188012,8.0,,
1087,1.0,10,ICM-noSI,0.7,True,0.5198208194379679,0.008674503000293043,8.0,,
1087,1.0,10,ICM-noSI,0.75,True,0.4708740091713183,0.008532699001079891,8.0,,
1087,1.0,10,ICM-noSI,0.8,True,0.4219271988182692,0.008412560999204288,8.0,,
1087,1.0,10,ICM-noSI,0.85,True,0.37298038811117057,0.008554872998502105,8.0,,
1087,1.0,10,ICM-noSI,0.9,True,0.3240335752623011,0.008563876999687636,8.0,0.0,-0.3194203305056761
1087,1.0,10,ICM-noSI,0.95,True,0.27508676818670774,0.00842817400007334,8.0,,
1087,1.0,10,ICM-noSI,1.0,True,0.22613995762947164,0.008462619998681475,8.0,,
1087,1.0,10,ICM,0.7,True,0.5162285194789149,0.008866420999765978,8.0,,
1087,1.0,10,ICM,0.75,True,0.4664123804000362,0.008518571999957203,8.0,,
1087,1.0,10,ICM,0.8,True,0.416596239923188,0.008942373000536463,8.0,,
1087,1.0,10,ICM,0.85,True,0.3667800971432683,0.008824522999930196,8.0,,
1087,1.0,10,ICM,0.9,True,0.3169639531189245,0.009222300999681465,8.0,0.0,-0.3143207299524119
1087,1.0,10,ICM,0.95,True,0.26714780975570046,0.008998844999950961,8.0,,
1087,1.0,10,ICM,1.0,True,0.21733167448782675,0.00927526899977238,8.0,,
1104,1.0,10,DCM,0.7,True,0.48705377498673663,0.00842421800007287,8.0,,
1104,1.0,10,DCM,0.75,True,0.4352252626162463,0.00855444599983457,8.0,,
1104,1.0,10,DCM,0.8,True,0.3833967526486552,0.00881833200037363,8.0,,
1104,1.0,10,DCM,0.85,True,0.3315682575296644,0.00863794399992912,8.0,,
1104,1.0,10,DCM,0.9,True,0.28002296656049686,0.008561488000850659,8.0,0.0,-0.24569519203885293
1104,1.0,10,DCM,0.95,True,0.22992774405435198,0.008649744999274844,8.0,,
1104,1.0,10,DCM,1.0,True,0.180888656477897,0.00834776800002146,8.0,,
1104,1.0,10,ICM-noSI,0.7,True,0.4948909385071801,0.008320951999849058,8.0,,
1104,1.0,10,ICM-noSI,0.75,True,0.4433048692927156,0.008743721999053378,8.0,,
1104,1.0,10,ICM-noSI,0.8,True,0.39171879109179264,0.008635830999992322,8.0,,
1104,1.0,10,ICM-noSI,0.85,True,0.3401327129097024,0.00866518299881136,8.0,,
1104,1.0,10,ICM-noSI,0.9,True,0.2886708727915702,0.00871470899983251,8.0,0.0,-0.2386691926846154
1104,1.0,10,ICM-noSI,0.95,True,0.2386258547082291,0.008894865999536705,8.0,,
1104,1.0,10,ICM-noSI,1.0,True,0.18942425732018803,0.008557873999961885,8.0,,
1104,1.0,10,ICM,0.7,True,0.5189768552535495,0.009101745001316885,8.0,,
1104,1.0,10,ICM,0.75,True,0.46891485287145085,0.009079606999875978,8.0,,
1104,1.0,10,ICM,0.8,True,0.4188528399088348,0.008553040999686345,8.0,,
1104,1.0,10,ICM,0.85,True,0.3687908240079271,0.008900876000552671,8.0,,
1104,1.0,10,ICM,0.9,True,0.3187288180529562,0.008686306000527111,8.0,0.0,-0.24989640519222545
1104,1.0,10,ICM,0.95,True,0.2686668411641592,0.008499291001498932,8.0,,
1104,1.0,10,ICM,1.0,True,0.2186048802335232,0.008287638998808688,8.0,,
1121,1.0,10,DCM,0.7,True,0.5295618006729541,0.008654131999719539,8.0,,
1121,1.0,10,DCM,0.75,True,0.47855109391184614,0.00844370400045591,8.0,,
1121,1.0,10,DCM,0.8,True,0.42754039491938506,0.008386146999328048,8.0,,
1121,1.0,10,DCM,0.85,True,0.37652969032343125,0.008513329999914276,8.0,,
1121,1.0,10,DCM,0.9,True,0.3255189857124995,0.008690677001141012,8.0,0.0,-0.2831968161194398
1121,1.0,10,DCM,0.95,True,0.2749099995215138,0.008657565000248724,8.0,,
1121,1.0,10,DCM,1.0,True,0.22624176863628212,0.008973912999863387,8.0,,
1121,1.0,10,ICM-noSI,0.7,True,0.5307896485122684,0.008723426999495132,8.0,,
1121,1.0,10,ICM-noSI,0.75,True,0.47976589646359374,0.008576899001127458,8.0,,
1121,1.0,10,ICM-noSI,0.8,True,0.4287421386824499,0.008232219999626977,8.0,,
1121,1.0,10,ICM-noSI,0.85,True,0.37771839337270474,0.008182399998986511,8.0,,
1121,1.0,10,ICM-noSI,0.9,True,0.32669463967060697,0.008612266999989515,8.0,0.0,-0.2828026250402763
1121,1.0,10,ICM-noSI,0.95,True,0.27605235455187366,0.008324311000251328,8.0,,
1121,1.0,10,ICM-noSI,1.0,True,0.22737957550547808,0.008953025999289821,8.0,,
1121,1.0,10,ICM,0.7,True,0.5170745720898058,0.00858495900138223,8.0,,
1121,1.0,10,ICM,0.75,True,0.466993439024565,0.008110238000881509,8.0,,
1121,1.0,10,ICM,0.8,True,0.4169123218517417,0.00849338800071564,8.0,,
1121,1.0,10,ICM,0.85,True,0.3668311966765567,0.00900926499889465,8.0,,
1121,1.0,10,ICM,0.9,True,0.316750061816196,0.009187485000438755,8.0,0.0,-0.2933931553522151
1121,1.0,10,ICM,0.95,True,0.2666689950555865,0.009131136999712908,8.0,,
1121,1.0,10,ICM,1.0,True,0.21658801567364364,0.008588188000430819,8.0,,
1138,1.0,10,DCM,0.7,True,0.5171060253001514,0.010012832999564125,8.0,,
1138,1.0,10,DCM,0.75,True,0.4677716150765461,0.010100487999807228,8.0,,
1138,1.0,10,DCM,0.8,True,0.4184372049308681,0.009693586000139476,8.0,,
1138,1.0,10,DCM,0.85,True,0.3691027943870403,0.008759297999858973,8.0,,
1138,1.0,10,DCM,0.9,True,0.31976837974116884,0.008682608999151853,8.0,0.0,-0.3192300177831029
1138,1.0,10,DCM,0.95,True,0.27057253107019125,0.008216791999075213,8.0,,
1138,1.0,10,DCM,1.0,True,0.22144269920339452,0.008210995998524595,8.0,,
1138,1.0,10,ICM-noSI,0.7,True,0.5140497095841227,0.009108189000471612,8.0,,
1138,1.0,10,ICM-noSI,0.75,True,0.46461321187018684,0.00861784699918644,8.0,,
1138,1.0,10,ICM-noSI,0.8,True,0.41517671525630695,0.00886116400033643,8.0,,
1138,1.0,10,ICM-noSI,0.85,True,0.36574021774675525,0.008952594998845598,8.0,,
1138,1.0,10,ICM-noSI,0.9,True,0.3163037212216457,0.008594873999754782,8.0,0.0,-0.31604533760259945
1138,1.0,10,ICM-noSI,0.95,True,0.26720957415118113,0.008868962999258656,8.0,,
1138,1.0,10,ICM-noSI,1.0,True,0.21825366653982317,0.009034859000166762,8.0,,
1138,1.0,10,ICM,0.7,True,0.515534911015071,0.00843794499996875,8.0,,
1138,1.0,10,ICM,0.75,True,0.46579523437435194,0.008507524000378908,8.0,,
1138,1.0,10,ICM,0.8,True,0.4160555575652049,0.008323175999976229,8.0,,
1138,1.0,10,ICM,0.85,True,0.3663158819491461,0.00836777900076413,8.0,,
1138,1.0,10,ICM,0.9,True,0.31657620519781327,0.00870335299987346,8.0,0.0,-0.3215436351076538
1138,1.0,10,ICM,0.95,True,0.26683653472626806,0.008877264001057483,8.0,,
1138,1.0,10,ICM,1.0,True,0.21709688490044488,0.009682383999461308,8.0,,
1155,1.0,10,DCM,0.7,True,0.5195069620865168,0.008576322999942931,8.0,,
1155,1.0,10,DCM,0.75,True,0.46755237687587736,0.00872054899991781,8.0,,
1155,1.0,10,DCM,0.8,True,0.41559781026125475,0.00872623599934741,8.0,,
1155,1.0,10,DCM,0.85,True,0.3636432317156831,0.008650534000480548,8.0,,
1155,1.0,10,DCM,0.9,True,0.31168865112888355,0.008433807000983506,8.0,0.0,-0.30152470668277964
1155,1.0,10,DCM,0.95,True,0.26000730715490705,0.008730403000299702,8.0,,
1155,1.0,10,DCM,1.0,True,0.210469071681061,0.00852171500082477,8.0,,
1155,1.0,10,ICM-noSI,0.7,True,0.516065519079623,0.008478849000312039,8.0,,
1155,1.0,10,ICM-noSI,0.75,True,0.46409739331471267,0.008289853998576291,8.0,,
1155,1.0,10,ICM-noSI,0.8,True,0.412129262562404,0.008123982999677537,8.0,,
1155,1.0,10,ICM-noSI,0.85,True,0.3601611389647461,0.008610379001765978,8.0,,
1155,1.0,10,ICM-noSI,0.9,True,0.3081930227826721,0.008463796999421902,8.0,0.0,-0.2986904347735715
1155,1.0,10,ICM-noSI,0.95,True,0.2565833658869264,0.008666768999319174,8.0,,
1155,1.0,10,ICM-noSI,1.0,True,0.20708336090472415,0.008868147000612225,8.0,,
1155,1.0,10,ICM,0.7,True,0.5166416953744495,0.008655374000227312,8.0,,
1155,1.0,10,ICM,0.75,True,0.4665230216153422,0.008629309999378165,8.0,,
1155,1.0,10,ICM,0.8,True,0.4164043591426985,0.008596391000537551,8.0,,
1155,1.0,10,ICM,0.85,True,0.36628569070241324,0.008766753000600147,8.0,,
1155,1.0,10,ICM,0.9,True,0.31616701828520727,0.008389025999349542,8.0,0.0,-0.3030498844918119
1155,1.0,10,ICM,0.95,True,0.2660483677941264,0.008502186999976402,8.0,,
1155,1.0,10,ICM,1.0,True,0.21592973785542158,0.0083918119998998,8.0,,
1172,1.0,10,DCM,0.7,True,0.5231255430404013,0.008418996998443617,8.0,,
1172,1.0,10,DCM,0.75,True,0.4729486086577088,0.008371940000870381,8.0,,
1172,1.0,10,DCM,0.8,True,0.4227716723805758,0.008394553999096388,8.0,,
1172,1.0,10,DCM,0.85,True,0.37259474940431947,0.008676027000547037,8.0,,
1172,1.0,10,DCM,0.9,True,0.3224178154672599,0.008412545999817667,8.0,0.0,-0.33020426002493
1172,1.0,10,DCM,0.95,True,0.2722408774764134,0.008708069999556756,8.0,,
1172,1.0,10,DCM,1.0,True,0.22213682306259397,0.009255370001483243,8.0,,
1172,1.0,10,ICM-noSI,0.7,True,0.5242014505427461,0.00836009700105933,8.0,,
1172,1.0,10,ICM-noSI,0.75,True,0.47410290483256334,0.00880744399910327,8.0,,
1172,1.0,10,ICM-noSI,0.8,True,0.42400435549457544,0.008676192999701016,8.0,,
1172,1.0,10,ICM-noSI,0.85,True,0.37390581690286173,0.008780049000051804,8.0,,
1172,1.0,10,ICM-noSI,0.9,True,0.3238072665577565,0.008811900999717182,8.0,0.0,-0.3325449176800377
1172,1.0,10,ICM-noSI,0.95,True,0.27370871581661543,0.00862405900079466,8.0,,
1172,1.0,10,ICM-noSI,1.0,True,0.22363128365090934,0.008473494999634568,8.0,,
1172,1.0,10,ICM,0.7,True,0.5208941964645984,0.008366211999600637,8.0,,
1172,1.0,10,ICM,0.75,True,0.4707843986347963,0.00843125599931227,8.0,,
1172,1.0,10,ICM,0.8,True,0.42067460010272734,0.008313701999213663,8.0,,
1172,1.0,10,ICM,0.85,True,0.37056479439174245,0.008131566999509232,8.0,,
1172,1.0,10,ICM,0.9,True,0.32045500222282425,0.008676965999256936,8.0,0.0,-0.31935438552380147
1172,1.0,10,ICM,0.95,True,0.27034520157657493,0.008565985999666736,8.0,,
1172,1.0,10,ICM,1.0,True,0.22023540555939253,0.008622143999673426,8.0,,
1189,1.0,10,DCM,0.7,True,0.5558271672664729,0.009038468000653666,8.0,,
1189,1.0,10,DCM,0.75,True,0.5063882544975769,0.008847185001286562,8.0,,
1189,1.0,10,DCM,0.8,True,0.45694934171730195,0.00895621800009394,8.0,,
1189,1.0,10,DCM,0.85,True,0.4075104293257019,0.008663978000186034,8.0,,
1189,1.0,10,DCM,0.9,True,0.35807151395593256,0.008589130999098415,8.0,0.0,-0.29621206476809625
1189,1.0,10,DCM,0.95,True,0.3086325965055885,0.00844015899929218,8.0,,
1189,1.0,10,DCM,1.0,True,0.25934890857445236,0.008607761999883223,8.0,,
1189,1.0,10,ICM-noSI,0.7,True,0.5501333443972847,0.008862971000780817,8.0,,
1189,1.0,10,ICM-noSI,0.75,True,0.5008995492948777,0.008542688001398346,8.0,,
1189,1.0,10,ICM-noSI,0.8,True,0.45166575395096975,0.008867857000950607,8.0,,
1189,1.0,10,ICM-noSI,0.85,True,0.40243195415578936,0.008631830000012997,8.0,,
1189,1.0,10,ICM-noSI,0.9,True,0.35319816836815215,0.009434794001208502,8.0,0.0,-0.30176367523614267
1189,1.0,10,ICM-noSI,0.95,True,0.3039643741412571,0.008993538998765871,8.0,,
1189,1.0,10,ICM-noSI,1.0,True,0.2548710706762724,0.008701299000676954,8.0,,
1189,1.0,10,ICM,0.7,True,0.5176609440029737,0.008683874999405816,8.0,,
1189,1.0,10,ICM,0.75,True,0.4676049289008677,0.008586612000726745,8.0,,
1189,1.0,10,ICM,0.8,True,0.41754891612638223,0.008582314001614577,8.0,,
1189,1.0,10,ICM,0.85,True,0.36749290240148175,0.008783551000306034,8.0,,
1189,1.0,10,ICM,0.9,True,0.3174368979547565,0.008584851999330567,8.0,0.0,-0.30801983149764556
1189,1.0,10,ICM,0.95,True,0.2673808828022453,0.008732746000532643,8.0,,
1189,1.0,10,ICM,1.0,True,0.21732487059513936,0.00894449000043096,8.0,,
1206,1.0,10,DCM,0.7,True,0.5239477615443404,0.008974258998932783,8.0,,
1206,1.0,10,DCM,0.75,True,0.47324908658359166,0.009794036001039785,8.0,,
1206,1.0,10,DCM,0.8,True,0.4225504116439191,0.0106102589998045,8.0,,
1206,1.0,10,DCM,0.85,True,0.3718517364566878,0.01221931100008078,8.0,,
1206,1.0,10,DCM,0.9,True,0.3211530610580069,0.011769705999540747,8.0,0.0,-0.3121562966233097
1206,1.0,10,DCM,0.95,True,0.2705877038889279,0.01082658899940725,8.0,,
1206,1.0,10,DCM,1.0,True,0.2213824962085728,0.01079740800014406,8.0,,
1206,1.0,10,ICM-noSI,0.7,True,0.5204686243522573,0.00863886899969657,8.0,,
1206,1.0,10,ICM-noSI,0.75,True,0.4697852039756788,0.00849760100027197,8.0,,
1206,1.0,10,ICM-noSI,0.8,True,0.41910176997221965,0.00871195100080513,8.0,,
1206,1.0,10,ICM-noSI,0.85,True,0.3684183345499507,0.008647377999295713,8.0,,
1206,1.0,10,ICM-noSI,0.9,True,0.31773490014712613,0.008554306999940309,8.0,0.0,-0.31299690610207564
1206,1.0,10,ICM-noSI,0.95,True,0.2671107228735442,0.008389990000068792,8.0,,
1206,1.0,10,ICM-noSI,1.0,True,0.21784800194099208,0.008208645000195247,8.0,,
1206,1.0,10,ICM,0.7,True,0.5197418539424128,0.008297009999296279,8.0,,
1206,1.0,10,ICM,0.75,True,0.4696714748835757,0.008060248999754549,8.0,,
1206,1.0,10,ICM,0.8,True,0.4196010961931509,0.008252998000898515,8.0,,
1206,1.0,10,ICM,0.85,True,0.36953071811131927,0.008242582000093535,8.0,,
1206,1.0,10,ICM,0.9,True,0.3194603345611654,0.008536044000720722,8.0,0.0,-0.32969583583494055
1206,1.0,10,ICM,0.95,True,0.26938994821260187,0.008445706000202335,8.0,,
1206,1.0,10,ICM,1.0,True,0.21931963841076355,0.008262250999905518,8.0,,
1223,1.0,10,DCM,0.7,True,0.5088724265647451,0.008598749000157113,8.0,,
1223,1.0,10,DCM,0.75,True,0.45998584450793517,0.00839096199888445,8.0,,
1223,1.0,10,DCM,0.8,True,0.41109926282535847,0.008066677999522653,8.0,,
1223,1.0,10,DCM,0.85,True,0.3622126812783903,0.00834018099885725,8.0,,
1223,1.0,10,DCM,0.9,True,0.3133260976017125,0.008593391001340933,8.0,0.0,-0.3213193066829467
1223,1.0,10,DCM,0.95,True,0.264439521067962,0.008514273999026045,8.0,,
1223,1.0,10,DCM,1.0,True,0.21555293962914465,0.008652040998640587,8.0,,
1223,1.0,10,ICM-noSI,0.7,True,0.5086794539005274,0.008123982999677537,8.0,,
1223,1.0,10,ICM-noSI,0.75,True,0.4598012258654554,0.008316555000419612,8.0,,
1223,1.0,10,ICM-noSI,0.8,True,0.4109229982406482,0.008314480999615625,8.0,,
1223,1.0,10,ICM-noSI,0.85,True,0.36204477073050434,0.008560473999750684,8.0,,
1223,1.0,10,ICM-noSI,0.9,True,0.3131665408916289,0.008837376999508706,8.0,0.0,-0.32118678725987526
1223,1.0,10,ICM-noSI,0.95,True,0.2642883194079179,0.00856940899939218,8.0,,
1223,1.0,10,ICM-noSI,1.0,True,0.21541009217510912,0.0083528249997471,8.0,,
1223,1.0,10,ICM,0.7,True,0.5172292265389026,0.00896388500041212,8.0,,
1223,1.0,10,ICM,0.75,True,0.46736349330021665,0.008649706000142032,8.0,,
1223,1.0,10,ICM,0.8,True,0.41749776005354716,0.008625427000879426,8.0,,
1223,1.0,10,ICM,0.85,True,0.3676320267659913,0.008397777999562095,8.0,,
1223,1.0,10,ICM,0.9,True,0.3177662931615356,0.008689838999998756,8.0,0.0,-0.32596046533997924
1223,1.0,10,ICM,0.95,True,0.2679005585571631,0.008410394999373239,8.0,,
1223,1.0,10,ICM,1.0,True,0.21803482147311723,0.008866812000633217,8.0,,
1240,1.0,10,DCM,0.7,True,0.5095327515419121,0.00860041300074954,8.0,,
1240,1.0,10,DCM,0.75,True,0.45929290631724007,0.008205943000575644,8.0,,
1240,1.0,10,DCM,0.8,True,0.409053059252788,0.008556230999602121,8.0,,
1240,1.0,10,DCM,0.85,True,0.3588132132783256,0.008593422000558348,8.0,,
1240,1.0,10,DCM,0.9,True,0.308573374249348,0.008584383998822886,8.0,0.0,-0.2877413513744934
1240,1.0,10,DCM,0.95,True,0.25942408398862493,0.009033091999299359,8.0,,
1240,1.0,10,DCM,1.0,True,0.21056098177465693,0.008591472000262002,8.0,,
1240,1.0,10,ICM-noSI,0.7,True,0.5108874067107864,0.00821472000097856,8.0,,
1240,1.0,10,ICM-noSI,0.75,True,0.46075469503294153,0.008784454999840818,8.0,,
1240,1.0,10,ICM-noSI,0.8,True,0.41062198411710304,0.008920386000681901,8.0,,
1240,1.0,10,ICM-noSI,0.85,True,0.3604892812058801,0.008430781999777537,8.0,,
1240,1.0,10,ICM-noSI,0.9,True,0.3103565690960523,0.008313360000101966,8.0,0.0,-0.2858490692179749
1240,1.0,10,ICM-noSI,0.95,True,0.2612638936210121,0.00877457899878209,8.0,,
1240,1.0,10,ICM-noSI,1.0,True,0.21244987784837327,0.008392204999836395,8.0,,
1240,1.0,10,ICM,0.7,True,0.5141251388376801,0.008168892998583033,8.0,,
1240,1.0,10,ICM,0.75,True,0.46419766033407384,0.008645074000014574,8.0,,
1240,1.0,10,ICM,0.8,True,0.41427017886557854,0.008805527000731672,8.0,,
1240,1.0,10,ICM,0.85,True,0.36434270635359545,0.008746030000111205,8.0,,
1240,1.0,10,ICM,0.9,True,0.31441522380996295,0.00875667699983751,8.0,0.0,-0.3150104740626898
1240,1.0,10,ICM,0.95,True,0.2644877723445115,0.008710538000741508,8.0,,
1240,1.0,10,ICM,1.0,True,0.21456032852618565,0.008520035999026732,8.0,,
1257,1.0,10,DCM,0.7,True,0.5313623385428492,0.008439226001428324,8.0,,
1257,1.0,10,DCM,0.75,True,0.4814013531803901,0.008587555999838514,8.0,,
1257,1.0,10,DCM,0.8,True,0.4314403796303981,0.00919645199974184,8.0,,
1257,1.0,10,DCM,0.85,True,0.381479395956875,0.008654814000692568,8.0,,
1257,1.0,10,DCM,0.9,True,0.33151840177388164,0.008686553999723401,8.0,0.0,-0.37183408507771964
1257,1.0,10,DCM,0.95,True,0.2820107215136228,0.008411288999923272,8.0,,
1257,1.0,10,DCM,1.0,True,0.23296044804046542,0.008227628000895493,8.0,,
1257,1.0,10,ICM-noSI,0.7,True,0.5270574511043047,0.008950231000198983,8.0,,
1257,1.0,10,ICM-noSI,0.75,True,0.47699151009575996,0.008537532999980613,8.0,,
1257,1.0,10,ICM-noSI,0.8,True,0.426925557050311,0.008784554998783278,8.0,,
1257,1.0,10,ICM-noSI,0.85,True,0.37685960376419947,0.008332325000083074,8.0,,
1257,1.0,10,ICM-noSI,0.9,True,0.3267936444232004,0.008209662999433931,8.0,0.0,-0.3719158445804006
1257,1.0,10,ICM-noSI,0.95,True,0.2773029482685876,0.008430311001575319,8.0,,
1257,1.0,10,ICM-noSI,1.0,True,0.2282914995118125,0.008276548000139883,8.0,,
1257,1.0,10,ICM,0.7,True,0.5189301702775793,0.008484199999656994,8.0,,
1257,1.0,10,ICM,0.75,True,0.46899888373210213,0.008265295000455808,8.0,,
1257,1.0,10,ICM,0.8,True,0.4190675905087177,0.008319259000927559,8.0,,
1257,1.0,10,ICM,0.85,True,0.36913629675779824,0.008601509000072838,8.0,,
1257,1.0,10,ICM,0.9,True,0.3192049979609797,0.008709441999599221,8.0,0.0,-0.3747276756502941
1257,1.0,10,ICM,0.95,True,0.2692737398313433,0.010166217000005418,8.0,,
1257,1.0,10,ICM,1.0,True,0.21934251371594363,0.01077825600077631,8.0,,
1274,1.0,10,DCM,0.7,True,0.5037009623521025,0.008919735000745277,8.0,,
1274,1.0,10,DCM,0.75,True,0.4544476720317858,0.008525104998625466,8.0,,
1274,1.0,10,DCM,0.8,True,0.4051943815046597,0.008733242999369395,8.0,,
1274,1.0,10,DCM,0.85,True,0.35594108492421833,0.008761278999372735,8.0,,
1274,1.0,10,DCM,0.9,True,0.306687799574913,0.009061085000212188,8.0,0.0,-0.26283634958114754
1274,1.0,10,DCM,0.95,True,0.2586688686019221,0.009598025999366655,8.0,,
1274,1.0,10,DCM,1.0,True,0.21069805601482747,0.009321516999989399,8.0,,
1274,1.0,10,ICM-noSI,0.7,True,0.5031761584741115,0.008541483999579214,8.0,,
1274,1.0,10,ICM-noSI,0.75,True,0.4539709359027585,0.00861388200064539,8.0,,
1274,1.0,10,ICM-noSI,0.8,True,0.4047657089600294,0.008470008000585949,8.0,,
1274,1.0,10,ICM-noSI,0.85,True,0.35556047825247866,0.008242301000791485,8.0,,
1274,1.0,10,ICM-noSI,0.9,True,0.30635524698551453,0.008490779999192455,8.0,0.0,-0.261692337314855
1274,1.0,10,ICM-noSI,0.95,True,0.2584417692496763,0.008266405000540544,8.0,,
1274,1.0,10,ICM-noSI,1.0,True,0.21054971704691347,0.008550425000066753,8.0,,
1274,1.0,10,ICM,0.7,True,0.5146153803241397,0.008842537999953493,8.0,,
1274,1.0,10,ICM,0.75,True,0.4647213594053195,0.008780308000496007,8.0,,
1274,1.0,10,ICM,0.8,True,0.4148273475376008,0.00870510899949295,8.0,,
1274,1.0,10,ICM,0.85,True,0.3649333299133542,0.008951988998887828,8.0,,
1274,1.0,10,ICM,0.9,True,0.315039307334976,0.008639142999527394,8.0,0.0,-0.2735717530253925
1274,1.0,10,ICM,0.95,True,0.26514532900140264,0.008770292999543017,8.0,,
1274,1.0,10,ICM,1.0,True,0.2152513639695453,0.008497932998579927,8.0,,
1291,1.0,10,DCM,0.7,True,0.4980587835130044,0.00847046200033219,8.0,,
1291,1.0,10,DCM,0.75,True,0.44897002083242615,0.008479391999571817,8.0,,
1291,1.0,10,DCM,0.8,True,0.399881258051659,0.008566600999984075,8.0,,
1291,1.0,10,DCM,0.85,True,0.3507924943084813,0.008291497999380226,8.0,,
1291,1.0,10,DCM,0.9,True,0.30170372576203575,0.008476386001348146,8.0,0.0,-0.40128890303690745
1291,1.0,10,DCM,0.95,True,0.25261496998093685,0.008355622998351464,8.0,,
1291,1.0,10,DCM,1.0,True,0.20352620697200177,0.008190147000277648,8.0,,
1291,1.0,10,ICM-noSI,0.7,True,0.49795627477827653,0.008350512000106391,8.0,,
1291,1.0,10,ICM-noSI,0.75,True,0.44888304911956267,0.00840042900017579,8.0,,
1291,1.0,10,ICM-noSI,0.8,True,0.3998098233164186,0.008577919999879668,8.0,,
1291,1.0,10,ICM-noSI,0.85,True,0.3507365972285952,0.008383735999814235,8.0,,
1291,1.0,10,ICM-noSI,0.9,True,0.30166336701761937,0.008402716001000954,8.0,0.0,-0.4011704583686967
1291,1.0,10,ICM-noSI,0.95,True,0.25259014612978603,0.008514551000189385,8.0,,
1291,1.0,10,ICM-noSI,1.0,True,0.20351692012127034,0.008208564000597107,8.0,,
1291,1.0,10,ICM,0.7,True,0.5074633092605916,0.008701229000507738,8.0,,
1291,1.0,10,ICM,0.75,True,0.45783692026267214,0.008556369999496383,8.0,,
1291,1.0,10,ICM,0.8,True,0.40821052229572513,0.008845399999700021,8.0,,
1291,1.0,10,ICM,0.85,True,0.3585841246308344,0.008529432998329867,8.0,,
1291,1.0,10,ICM,0.9,True,0.30895772277435957,0.008570561998567428,8.0,0.0,-0.4043689102779505
1291,1.0,10,ICM,0.95,True,0.25933133121410445,0.008752112000365742,8.0,,
1291,1.0,10,ICM,1.0,True,0.20970493618863442,0.008533041000191588,8.0,,
1308,1.0,10,DCM,0.7,True,0.5061996089637,0.008583352999266936,8.0,,
1308,1.0,10,DCM,0.75,True,0.4559687592348687,0.008716048001588206,8.0,,
1308,1.0,10,DCM,0.8,True,0.4057378807593338,0.00886573500065424,8.0,,
1308,1.0,10,DCM,0.85,True,0.3555070221762733,0.008862208000209648,8.0,,
1308,1.0,10,DCM,0.9,True,0.30527615047672796,0.008747109000978526,8.0,0.0,-0.25837872471281387
1308,1.0,10,DCM,0.95,True,0.25626726330063965,0.008641886000987142,8.0,,
1308,1.0,10,DCM,1.0,True,0.20781705792039315,0.008583277000070666,8.0,,
1308,1.0,10,ICM-noSI,0.7,True,0.503759049668876,0.00814306500069506,8.0,,
1308,1.0,10,ICM-noSI,0.75,True,0.45344609654417467,0.00849932800156239,8.0,,
1308,1.0,10,ICM-noSI,0.8,True,0.40313313238811915,0.00834356900122657,8.0,,
1308,1.0,10,ICM-noSI,0.85,True,0.3528201661734887,0.009901376999550848,8.0,,
1308,1.0,10,ICM-noSI,0.9,True,0.30250719962012407,0.010338571000829688,8.0,0.0,-0.25822029474201447
1308,1.0,10,ICM-noSI,0.95,True,0.25346670195838106,0.009088079999855836,8.0,,
1308,1.0,10,ICM-noSI,1.0,True,0.20488336948151334,0.009199632999298046,8.0,,
1308,1.0,10,ICM,0.7,True,0.5144366852281851,0.008546622999347164,8.0,,
1308,1.0,10,ICM,0.75,True,0.4646537594375794,0.008563819999835687,8.0,,
1308,1.0,10,ICM,0.8,True,0.4148708347323888,0.008200473999750102,8.0,,
1308,1.0,10,ICM,0.85,True,0.36508790854897094,0.008140841999193071,8.0,,
1308,1.0,10,ICM,0.9,True,0.31530498939241813,0.008394333000978804,8.0,0.0,-0.30394052625059953
1308,1.0,10,ICM,0.95,True,0.2655221108640561,0.008250746001067455,8.0,,
1308,1.0,10,ICM,1.0,True,0.2157392520316259,0.008371332000024267,8.0,,
1325,1.0,10,DCM,0.7,True,0.48040937477525375,0.008827333000226645,8.0,,
1325,1.0,10,DCM,0.75,True,0.42963070485496346,0.008546015998945222,8.0,,
1325,1.0,10,DCM,0.8,True,0.3788520329878517,0.00839654000083101,8.0,,
1325,1.0,10,DCM,0.85,True,0.3280733748315254,0.008716518999790424,8.0,,
1325,1.0,10,DCM,0.9,True,0.2772947074805393,0.009077078000700567,8.0,0.0,-0.35144267139648866
1325,1.0,10,DCM,0.95,True,0.22651811752417358,0.010120520000782562,8.0,,
1325,1.0,10,DCM,1.0,True,0.17666524171063447,0.010050554999907035,8.0,,
1325,1.0,10,ICM-noSI,0.7,True,0.47854024922271887,0.008632057000795612,8.0,,
1325,1.0,10,ICM-noSI,0.75,True,0.4276998397082946,0.008914861000448582,8.0,,
1325,1.0,10,ICM-noSI,0.8,True,0.3768594275425217,0.009382035001181066,8.0,,
1325,1.0,10,ICM-noSI,0.85,True,0.3260190295341391,0.008620860999144497,8.0,,
1325,1.0,10,ICM-noSI,0.9,True,0.2751786225520523,0.008437862999926438,8.0,0.0,-0.3511848770331736
1325,1.0,10,ICM-noSI,0.95,True,0.22438685232689687,0.008548202000383753,8.0,,
1325,1.0,10,ICM-noSI,1.0,True,0.17458560634483275,0.008585075000155484,8.0,,
1325,1.0,10,ICM,0.7,True,0.5121346143256581,0.00869685500038031,8.0,,
1325,1.0,10,ICM,0.75,True,0.4621366612228926,0.008517574000507011,8.0,,
1325,1.0,10,ICM,0.8,True,0.4121387071331062,0.008438250999461161,8.0,,
1325,1.0,10,ICM,0.85,True,0.3621407529039478,0.008464857999570086,8.0,,
1325,1.0,10,ICM,0.9,True,0.3121427967331404,0.008589211000071373,8.0,0.0,-0.40909242998261364
1325,1.0,10,ICM,0.95,True,0.2621448388115716,0.0086794060007378,8.0,,
1325,1.0,10,ICM,1.0,True,0.21214689101536308,0.00861092400009511,8.0,,
1342,1.0,10,DCM,0.7,True,0.5105520262658467,0.00865206199887325,8.0,,
1342,1.0,10,DCM,0.75,True,0.46120182859438075,0.008827322000797722,8.0,,
1342,1.0,10,DCM,0.8,True,0.4118516199988877,0.008999561001473921,8.0,,
1342,1.0,10,DCM,0.85,True,0.3625014110418957,0.008761305000007269,8.0,,
1342,1.0,10,DCM,0.9,True,0.31315120241177197,0.009087726000871044,8.0,0.0,-0.3012083504506027
1342,1.0,10,DCM,0.95,True,0.26380099508599253,0.008680901999468915,8.0,,
1342,1.0,10,DCM,1.0,True,0.21457089295598145,0.008627496001281543,8.0,,
1342,1.0,10,ICM-noSI,0.7,True,0.5136965147154314,0.008428177001405857,8.0,,
1342,1.0,10,ICM-noSI,0.75,True,0.46464976970435934,0.008071119998930953,8.0,,
1342,1.0,10,ICM-noSI,0.8,True,0.41560302524494697,0.008139888999721734,8.0,,
1342,1.0,10,ICM-noSI,0.85,True,0.36655628216735114,0.008611551000285544,8.0,,
1342,1.0,10,ICM-noSI,0.9,True,0.3175095400696195,0.00826097799836134,8.0,0.0,-0.3532515418446577
1342,1.0,10,ICM-noSI,0.95,True,0.2684627952066479,0.008510960999046802,8.0,,
1342,1.0,10,ICM-noSI,1.0,True,0.21941605031746134,0.008611082001152681,8.0,,
1342,1.0,10,ICM,0.7,True,0.5167056524481795,0.008742165000512614,8.0,,
1342,1.0,10,ICM,0.75,True,0.466676254085689,0.009337647999927867,8.0,,
1342,1.0,10,ICM,0.8,True,0.41664685570310833,0.008842891000313102,8.0,,
1342,1.0,10,ICM,0.85,True,0.36661745710540944,0.009019535000334145,8.0,,
1342,1.0,10,ICM,0.9,True,0.31658805909715765,0.00896975400064548,8.0,0.0,-0.35430781726653815
1342,1.0,10,ICM,0.95,True,0.266558658950699,0.009196955001243623,8.0,,
1342,1.0,10,ICM,1.0,True,0.2165292556979906,0.008749087999603944,8.0,,
1359,1.0,10,DCM,0.7,True,0.4958713983907542,0.008182306000890094,8.0,,
1359,1.0,10,DCM,0.75,True,0.44672625613378164,0.00809105799999088,8.0,,
1359,1.0,10,DCM,0.8,True,0.3975811135480368,0.008136345999446348,8.0,,
1359,1.0,10,DCM,0.85,True,0.3484359829878091,0.008732607000638382,8.0,,
1359,1.0,10,DCM,0.9,True,0.29929084299453473,0.009113889000218478,8.0,0.0,-0.3267248856089061
1359,1.0,10,DCM,0.95,True,0.2503607664298799,0.00847437899938086,8.0,,
1359,1.0,10,DCM,1.0,True,0.20170105121140308,0.008574008999858052,8.0,,
1359,1.0,10,ICM-noSI,0.7,True,0.49536593695261794,0.008633935000034398,8.0,,
1359,1.0,10,ICM-noSI,0.75,True,0.44620139990853736,0.008462661999146803,8.0,,
1359,1.0,10,ICM-noSI,0.8,True,0.3970368630866964,0.008569063000322785,8.0,,
1359,1.0,10,ICM-noSI,0.85,True,0.34787233737932605,0.008574546000090777,8.0,,
1359,1.0,10,ICM-noSI,0.9,True,0.29870780255603824,0.008866269999998622,8.0,0.0,-0.32629157070071824
1359,1.0,10,ICM-noSI,0.95,True,0.2497716237996026,0.00873832199977187,8.0,,
1359,1.0,10,ICM-noSI,1.0,True,0.20111660680159266,0.008563381001295056,8.0,,
1359,1.0,10,ICM,0.7,True,0.5087482259497002,0.008732104000955587,8.0,,
1359,1.0,10,ICM,0.75,True,0.4587464326799909,0.00846848599940131,8.0,,
1359,1.0,10,ICM,0.8,True,0.4087446402088592,0.008632046001366689,8.0,,
1359,1.0,10,ICM,0.85,True,0.3587428451852154,0.008833189000142738,8.0,,
1359,1.0,10,ICM,0.9,True,0.30874104994757035,0.00888993499938806,8.0,0.0,-0.3337063692913256
1359,1.0,10,ICM,0.95,True,0.25873930400666506,0.008768571000473457,8.0,,
1359,1.0,10,ICM,1.0,True,0.20873756631495252,0.008133503999488312,8.0,,
1376,1.0,10,DCM,0.7,True,0.5048288390279189,0.009342786999695818,8.0,,
1376,1.0,10,DCM,0.75,True,0.45844375066749427,0.008890675000657211,8.0,,
1376,1.0,10,DCM,0.8,True,0.4120586622936881,0.008830996001051972,8.0,,
1376,1.0,10,DCM,0.85,True,0.3656735738495108,0.008853743000145187,8.0,,
1376,1.0,10,DCM,0.9,True,0.31928848535271637,0.008502731001499342,8.0,0.0,-0.3351625012202547
1376,1.0,10,DCM,0.95,True,0.2729033955917032,0.008532947000276181,8.0,,
1376,1.0,10,DCM,1.0,True,0.2265183042299495,0.008492703000229085,8.0,,
1376,1.0,10,ICM-noSI,0.7,True,0.5029056322243477,0.008090622999588959,8.0,,
1376,1.0,10,ICM-noSI,0.75,True,0.45617888420520764,0.008324115000505117,8.0,,
1376,1.0,10,ICM-noSI,0.8,True,0.40945213618944154,0.008133344001180376,8.0,,
1376,1.0,10,ICM-noSI,0.85,True,0.36272538808962196,0.008225621999372379,8.0,,
1376,1.0,10,ICM-noSI,0.9,True,0.31599864003228395,0.008343247000084375,8.0,0.0,-0.332241988433403
1376,1.0,10,ICM-noSI,0.95,True,0.26927188987899725,0.008114242000374361,8.0,,
1376,1.0,10,ICM-noSI,1.0,True,0.2225451387333396,0.00902640799904475,8.0,,
1376,1.0,10,ICM,0.7,True,0.5131379775142354,0.008858340999722714,8.0,,
1376,1.0,10,ICM,0.75,True,0.4633196996090041,0.008505769999828772,8.0,,
1376,1.0,10,ICM,0.8,True,0.41350142169022663,0.008872628000972327,8.0,,
1376,1.0,10,ICM,0.85,True,0.36368314374374766,0.008477313998810132,8.0,,
1376,1.0,10,ICM,0.9,True,0.31386486544449466,0.008196258000680245,8.0,0.0,-0.3311795772906838
1376,1.0,10,ICM,0.95,True,0.26404658548289944,0.008420669999395614,8.0,,
1376,1.0,10,ICM,1.0,True,0.21422830356275332,0.00812065900026937,8.0,,
1393,1.0,10,DCM,0.7,True,0.5147645044383692,0.008073283999692649,8.0,,
1393,1.0,10,DCM,0.75,True,0.46597240295465675,0.008577552000133437,8.0,,
1393,1.0,10,DCM,0.8,True,0.4171803016616491,0.008228123999288073,8.0,,
1393,1.0,10,DCM,0.85,True,0.36838820055803384,0.00804549700114876,8.0,,
1393,1.0,10,DCM,0.9,True,0.31959609606230815,0.008341710001332103,8.0,0.0,-0.2933173289267801
1393,1.0,10,DCM,0.95,True,0.2708040001865594,0.008644882998851244,8.0,,
1393,1.0,10,DCM,1.0,True,0.22201189878697813,0.008556432998375385,8.0,,
1393,1.0,10,ICM-noSI,0.7,True,0.5110313660043976,0.00852709699938714,8.0,,
1393,1.0,10,ICM-noSI,0.75,True,0.4623859898777485,0.008134857000186457,8.0,,
1393,1.0,10,ICM-noSI,0.8,True,0.41374061374670457,0.00810937000096601,8.0,,
1393,1.0,10,ICM-noSI,0.85,True,0.3650952376024907,0.00865068299935956,8.0,,
1393,1.0,10,ICM-noSI,0.9,True,0.3164498581179144,0.0082979790004174,8.0,0.0,-0.29089373611110836
1393,1.0,10,ICM-noSI,0.95,True,0.26780448065171547,0.008577400001740898,8.0,,
1393,1.0,10,ICM-noSI,1.0,True,0.21915911418632109,0.009027763999256422,8.0,,
1393,1.0,10,ICM,0.7,True,0.5137998919723468,0.008714177000001655,8.0,,
1393,1.0,10,ICM,0.75,True,0.46383863534780345,0.008459435999611742,8.0,,
1393,1.0,10,ICM,0.8,True,0.4138773791866992,0.008545489001335227,8.0,,
1393,1.0,10,ICM,0.85,True,0.3639161224899097,0.008714953000890091,8.0,,
1393,1.0,10,ICM,0.9,True,0.31395486329580224,0.009589303999746335,8.0,0.0,-0.28847316759217967
1393,1.0,10,ICM,0.95,True,0.26399361288639617,0.009205623999150703,8.0,,
1393,1.0,10,ICM,1.0,True,0.21403235667619788,0.008826201999909244,8.0,,
2070,2.0,10,DCM,0.7,True,0.4610098680346071,0.008173324000381399,8.0,,
2070,2.0,10,DCM,0.75,True,0.41449009753667904,0.008159339000485488,8.0,,
2070,2.0,10,DCM,0.8,True,0.3679703250409625,0.008772073000727687,8.0,,
2070,2.0,10,DCM,0.85,True,0.32145055278569656,0.008590343999458128,8.0,,
2070,2.0,10,DCM,0.9,True,0.2749307743030848,0.008087352998700226,8.0,0.0,-0.36141942737643185
2070,2.0,10,DCM,0.95,True,0.2284110159744556,0.008392992998778936,8.0,,
2070,2.0,10,DCM,1.0,True,0.18189124484062563,0.00837039299949538,8.0,,
2070,2.0,10,ICM-noSI,0.7,True,0.4604890630449845,0.008616547000201535,8.0,,
2070,2.0,10,ICM-noSI,0.75,True,0.41391472767021753,0.008457842999632703,8.0,,
2070,2.0,10,ICM-noSI,0.8,True,0.3673403889980325,0.008610937000412378,8.0,,
2070,2.0,10,ICM-noSI,0.85,True,0.3207660506687644,0.008553469999242225,8.0,,
2070,2.0,10,ICM-noSI,0.9,True,0.2741917121371467,0.008421081998676527,8.0,0.0,-0.361098797661873
2070,2.0,10,ICM-noSI,0.95,True,0.22761737216635003,0.008633041001303354,8.0,,
2070,2.0,10,ICM-noSI,1.0,True,0.18104303701575192,0.009435940000912524,8.0,,
2070,2.0,10,ICM,0.7,True,0.5018188909305267,0.008934485998906894,8.0,,
2070,2.0,10,ICM,0.75,True,0.4525365166163925,0.00864885999908438,8.0,,
2070,2.0,10,ICM,0.8,True,0.40325415811979115,0.00857388399890624,8.0,,
2070,2.0,10,ICM,0.85,True,0.35397178704467935,0.00882538900077634,8.0,,
2070,2.0,10,ICM,0.9,True,0.30468941631472035,0.008717056000023149,8.0,0.0,-0.32461784001014626
2070,2.0,10,ICM,0.95,True,0.2554070376412851,0.008416204000241123,8.0,,
2070,2.0,10,ICM,1.0,True,0.20612473658421332,0.008666584999446059,8.0,,
2087,2.0,10,DCM,0.7,True,0.5509763235659636,0.008740618000956601,8.0,,
2087,2.0,10,DCM,0.75,True,0.5003294066970212,0.008559744999729446,8.0,,
2087,2.0,10,DCM,0.8,True,0.4496824898140966,0.008366869000383304,8.0,,
2087,2.0,10,DCM,0.85,True,0.3990355724927558,0.008673585998622002,8.0,,
2087,2.0,10,DCM,0.9,True,0.3483886569811806,0.00920219199906569,8.0,0.0,-0.30075838101896357
2087,2.0,10,DCM,0.95,True,0.2978894100627628,0.009723764000227675,8.0,,
2087,2.0,10,DCM,1.0,True,0.24802301432489057,0.00950869499865803,8.0,,
2087,2.0,10,ICM-noSI,0.7,True,0.5555397448906972,0.008775984999374487,8.0,,
2087,2.0,10,ICM-noSI,0.75,True,0.5048416054921278,0.008657837999635376,8.0,,
2087,2.0,10,ICM-noSI,0.8,True,0.45414346596846983,0.008764194000832504,8.0,,
2087,2.0,10,ICM-noSI,0.85,True,0.40344532626837054,0.008919965001041419,8.0,,
2087,2.0,10,ICM-noSI,0.9,True,0.3527471806910664,0.008695821999936015,8.0,0.0,-0.3043917252640379
2087,2.0,10,ICM-noSI,0.95,True,0.3021795923790845,0.008556831999158021,8.0,,
2087,2.0,10,ICM-noSI,1.0,True,0.2524336884407495,0.008263026000349782,8.0,,
2087,2.0,10,ICM,0.7,True,0.5281565128359886,0.008417012999416329,8.0,,
2087,2.0,10,ICM,0.75,True,0.4777501046909103,0.008376473999305745,8.0,,
2087,2.0,10,ICM,0.8,True,0.42734368369040165,0.008176335999451112,8.0,,
2087,2.0,10,ICM,0.85,True,0.37693726200946054,0.008116509998217225,8.0,,
2087,2.0,10,ICM,0.9,True,0.32653083945971795,0.008550409998861142,8.0,0.0,-0.28473100512037075
2087,2.0,10,ICM,0.95,True,0.2761244361810847,0.00842797800032713,8.0,,
2087,2.0,10,ICM,1.0,True,0.22571805463374206,0.008579700999689521,8.0,,
2104,2.0,10,DCM,0.7,True,0.5157723990871311,0.008631282000351348,8.0,,
2104,2.0,10,DCM,0.75,True,0.46707760378480007,0.008800063000308,8.0,,
2104,2.0,10,DCM,0.8,True,0.41838280839138403,0.008970577999207308,8.0,,
2104,2.0,10,DCM,0.85,True,0.36968801292288106,0.008923276000132319,8.0,,
2104,2.0,10,DCM,0.9,True,0.3209932167592272,0.008733721999305999,8.0,0.0,-0.37784118665956123
2104,2.0,10,DCM,0.95,True,0.2722984199123154,0.008787430000666063,8.0,,
2104,2.0,10,DCM,1.0,True,0.22360362272836487,0.009200787000736455,8.0,,
2104,2.0,10,ICM-noSI,0.7,True,0.5136023278028315,0.008924190000470844,8.0,,
2104,2.0,10,ICM-noSI,0.75,True,0.4649076530662108,0.008397243998842896,8.0,,
2104,2.0,10,ICM-noSI,0.8,True,0.416212978292503,0.008602129000792047,8.0,,
2104,2.0,10,ICM-noSI,0.85,True,0.36751830344835784,0.00830034600039653,8.0,,
2104,2.0,10,ICM-noSI,0.9,True,0.31882362811493054,0.008470598000712926,8.0,0.0,-0.376144970213394
2104,2.0,10,ICM-noSI,0.95,True,0.27012895197162046,0.008516343999872333,8.0,,
2104,2.0,10,ICM-noSI,1.0,True,0.22143427553085593,0.008136413000102038,8.0,,
2104,2.0,10,ICM,0.7,True,0.5111680701988036,0.008856870999807143,8.0,,
2104,2.0,10,ICM,0.75,True,0.4618116017227216,0.008609780999904615,8.0,,
2104,2.0,10,ICM,0.8,True,0.41245513342567564,0.008794184999715071,8.0,,
2104,2.0,10,ICM,0.85,True,0.3630986637998452,0.008673248999912175,8.0,,
2104,2.0,10,ICM,0.9,True,0.3137421949214433,0.008735561999856145,8.0,0.0,-0.37022740961182443
2104,2.0,10,ICM,0.95,True,0.26438573267483273,0.009054568999999901,8.0,,
2104,2.0,10,ICM,1.0,True,0.21502926407040057,0.00869749399862485,8.0,,
2121,2.0,10,DCM,0.7,True,0.563200968452707,0.009120970000367379,8.0,,
2121,2.0,10,DCM,0.75,True,0.5126075072917038,0.009363045001009596,8.0,,
2121,2.0,10,DCM,0.8,True,0.4620140458263738,0.009034774000610923,8.0,,
2121,2.0,10,DCM,0.85,True,0.4114205847130043,0.008832118001009803,8.0,,
2121,2.0,10,DCM,0.9,True,0.3608271234880191,0.008638899998913985,8.0,0.0,-0.22738012521419393
2121,2.0,10,DCM,0.95,True,0.3102336627771743,0.00879867900039244,8.0,,
2121,2.0,10,DCM,1.0,True,0.2604806362959143,0.008723920000193175,8.0,,
2121,2.0,10,ICM-noSI,0.7,True,0.5605543990713641,0.008614470001703012,8.0,,
2121,2.0,10,ICM-noSI,0.75,True,0.5100111895587925,0.008202237000659807,8.0,,
2121,2.0,10,ICM-noSI,0.8,True,0.4594679802519501,0.009009087001686567,8.0,,
2121,2.0,10,ICM-noSI,0.85,True,0.4089247709619043,0.009084888999495888,8.0,,
2121,2.0,10,ICM-noSI,0.9,True,0.35838156172140884,0.008815637998850434,8.0,0.0,-0.2269513217262289
2121,2.0,10,ICM-noSI,0.95,True,0.30785469290844425,0.008509810999385081,8.0,,
2121,2.0,10,ICM-noSI,1.0,True,0.2581109966873247,0.008693595000295318,8.0,,
2121,2.0,10,ICM,0.7,True,0.5352738906842488,0.008629351999843493,8.0,,
2121,2.0,10,ICM,0.75,True,0.4849840448240424,0.009078757000679616,8.0,,
2121,2.0,10,ICM,0.8,True,0.43469420101093803,0.009805556999708642,8.0,,
2121,2.0,10,ICM,0.85,True,0.38440435155785396,0.010020192001320538,8.0,,
2121,2.0,10,ICM,0.9,True,0.33411451272802767,0.009360864998598117,8.0,0.0,-0.2364851829719975
2121,2.0,10,ICM,0.95,True,0.2838247080557762,0.009143817000222043,8.0,,
2121,2.0,10,ICM,1.0,True,0.23353499514912698,0.00868338100008259,8.0,,
2138,2.0,10,DCM,0.7,True,0.501341670679362,0.00847991400041792,8.0,,
2138,2.0,10,DCM,0.75,True,0.45109460307703353,0.008520138999301707,8.0,,
2138,2.0,10,DCM,0.8,True,0.40084753564524045,0.00861824800085742,8.0,,
2138,2.0,10,DCM,0.85,True,0.3506004678685138,0.008640534999358351,8.0,,
2138,2.0,10,DCM,0.9,True,0.3003533993182276,0.008408912999584572,8.0,0.0,-0.3523550083326359
2138,2.0,10,DCM,0.95,True,0.25010633274045063,0.008364187000552192,8.0,,
2138,2.0,10,DCM,1.0,True,0.19985926471216392,0.008390289000089979,8.0,,
2138,2.0,10,ICM-noSI,0.7,True,0.5025833239188052,0.009760983999512973,8.0,,
2138,2.0,10,ICM-noSI,0.75,True,0.4523501942914664,0.009237987000233261,8.0,,
2138,2.0,10,ICM-noSI,0.8,True,0.4021170745364753,0.009531390998745337,8.0,,
2138,2.0,10,ICM-noSI,0.85,True,0.3518839519714337,0.009102209998673061,8.0,,
2138,2.0,10,ICM-noSI,0.9,True,0.30165082181120123,0.00901299100041797,8.0,0.0,-0.35363294657030897
2138,2.0,10,ICM-noSI,0.95,True,0.2514176893963806,0.008563052000681637,8.0,,
2138,2.0,10,ICM-noSI,1.0,True,0.20118456790271944,0.008610230999693158,8.0,,
2138,2.0,10,ICM,0.7,True,0.5338270677416632,0.008738567999898805,8.0,,
2138,2.0,10,ICM,0.75,True,0.48378693586249305,0.008668751001096098,8.0,,
2138,2.0,10,ICM,0.8,True,0.4337468043103661,0.008691588998772204,8.0,,
2138,2.0,10,ICM,0.85,True,0.3837066845194791,0.008757642999626114,8.0,,
2138,2.0,10,ICM,0.9,True,0.33366655449517635,0.008874962999470881,8.0,0.0,-0.32342289748353115
2138,2.0,10,ICM,0.95,True,0.28362642304011215,0.008631074000732042,8.0,,
2138,2.0,10,ICM,1.0,True,0.23358631359765242,0.008795698000540142,8.0,,
2155,2.0,10,DCM,0.7,True,0.5074651857235507,0.008683869000378763,8.0,,
2155,2.0,10,DCM,0.75,True,0.45472006298705625,0.008707908000360476,8.0,,
2155,2.0,10,DCM,0.8,True,0.4019749265127068,0.008692868001162424,8.0,,
2155,2.0,10,DCM,0.85,True,0.3492297929287304,0.008375232999242144,8.0,,
2155,2.0,10,DCM,0.9,True,0.29648465555200504,0.00857900399932987,8.0,0.0,-0.3149850660153415
2155,2.0,10,DCM,0.95,True,0.24373952041570882,0.008561859000110417,8.0,,
2155,2.0,10,DCM,1.0,True,0.19267798543546155,0.008678776999659021,8.0,,
2155,2.0,10,ICM-noSI,0.7,True,0.5043701561173788,0.009137933999227243,8.0,,
2155,2.0,10,ICM-noSI,0.75,True,0.45162435944781465,0.008940894000261324,8.0,,
2155,2.0,10,ICM-noSI,0.8,True,0.39887856203327565,0.008600129000114975,8.0,,
2155,2.0,10,ICM-noSI,0.85,True,0.3461327691648747,0.009158646998912445,8.0,,
2155,2.0,10,ICM-noSI,0.9,True,0.29338696973232736,0.008804428000075859,8.0,0.0,-0.3141394185971732
2155,2.0,10,ICM-noSI,0.95,True,0.2406411756262694,0.009147174998361152,8.0,,
2155,2.0,10,ICM-noSI,1.0,True,0.18968293749589654,0.008824843998809229,8.0,,
2155,2.0,10,ICM,0.7,True,0.5240760354818136,0.008621125998615753,8.0,,
2155,2.0,10,ICM,0.75,True,0.4734669316230354,0.008700069998667459,8.0,,
2155,2.0,10,ICM,0.8,True,0.422857826403232,0.008575086998462211,8.0,,
2155,2.0,10,ICM,0.85,True,0.3722487273741061,0.008230391000324744,8.0,,
2155,2.0,10,ICM,0.9,True,0.32163962154834425,0.00855947000127344,8.0,0.0,-0.2879250288893034
2155,2.0,10,ICM,0.95,True,0.2710305081367414,0.008544575000996701,8.0,,
2155,2.0,10,ICM,1.0,True,0.22042143795142322,0.008618066998678842,8.0,,
2172,2.0,10,DCM,0.7,True,0.48632050508122626,0.009165241999653517,8.0,,
2172,2.0,10,DCM,0.75,True,0.437048388890339,0.008854559000610607,8.0,,
2172,2.0,10,DCM,0.8,True,0.3877762726878041,0.008912412000427139,8.0,,
2172,2.0,10,DCM,0.85,True,0.338504156507406,0.009009066998260096,8.0,,
2172,2.0,10,DCM,0.9,True,0.2892320401966645,0.008549887999834027,8.0,0.0,-0.2556905669900853
2172,2.0,10,DCM,0.95,True,0.23995992263322927,0.008783302000665572,8.0,,
2172,2.0,10,DCM,1.0,True,0.19077689761582317,0.008467736000966397,8.0,,
2172,2.0,10,ICM-noSI,0.7,True,0.4874347685644678,0.008595265999247204,8.0,,
2172,2.0,10,ICM-noSI,0.75,True,0.4380347935409432,0.00920301299993298,8.0,,
2172,2.0,10,ICM-noSI,0.8,True,0.3886348188504107,0.009006132000649814,8.0,,
2172,2.0,10,ICM-noSI,0.85,True,0.33923484473295656,0.00916268100081652,8.0,,
2172,2.0,10,ICM-noSI,0.9,True,0.28983486913983236,0.009153450000667362,8.0,0.0,-0.25614722897690745
2172,2.0,10,ICM-noSI,0.95,True,0.2404348975060491,0.008954381999501493,8.0,,
2172,2.0,10,ICM-noSI,1.0,True,0.19114564558274558,0.008627845001683454,8.0,,
2172,2.0,10,ICM,0.7,True,0.5068649001607146,0.008469391999824438,8.0,,
2172,2.0,10,ICM,0.75,True,0.4576108335630336,0.00851158099976601,8.0,,
2172,2.0,10,ICM,0.8,True,0.40835676692972783,0.008770400998400874,8.0,,
2172,2.0,10,ICM,0.85,True,0.35910270030929126,0.00877808099903632,8.0,,
2172,2.0,10,ICM,0.9,True,0.3098486298516024,0.008539104001101805,8.0,0.0,-0.2717987393836947
2172,2.0,10,ICM,0.95,True,0.2605945671309489,0.008803382999758469,8.0,,
2172,2.0,10,ICM,1.0,True,0.2113404998432604,0.00863147400013986,8.0,,
2189,2.0,10,DCM,0.7,True,0.4548840424581219,0.008344273999682628,8.0,,
2189,2.0,10,DCM,0.75,True,0.4087933373351484,0.008552150000468828,8.0,,
2189,2.0,10,DCM,0.8,True,0.36270263474104597,0.008402723000472179,8.0,,
2189,2.0,10,DCM,0.85,True,0.3166119292519434,0.008487474000503425,8.0,,
2189,2.0,10,DCM,0.9,True,0.27052122352466,0.008302555999762262,8.0,0.0,-0.34655574267055256
2189,2.0,10,DCM,0.95,True,0.22443051752575038,0.008245389000876457,8.0,,
2189,2.0,10,DCM,1.0,True,0.17833981114196834,0.00839659699886397,8.0,,
2189,2.0,10,ICM-noSI,0.7,True,0.45541375207415014,0.008573397000873229,8.0,,
2189,2.0,10,ICM-noSI,0.75,True,0.40933032110099643,0.008693816000231891,8.0,,
2189,2.0,10,ICM-noSI,0.8,True,0.36324689265319776,0.00841141199998674,8.0,,
2189,2.0,10,ICM-noSI,0.85,True,0.3171634613009706,0.008787398999629659,8.0,,
2189,2.0,10,ICM-noSI,0.9,True,0.2710800297110843,0.008472752999296063,8.0,0.0,-0.3473290497218918
2189,2.0,10,ICM-noSI,0.95,True,0.2249965978419179,0.008594521999839344,8.0,,
2189,2.0,10,ICM-noSI,1.0,True,0.17891316554304942,0.008595991001129732,8.0,,
2189,2.0,10,ICM,0.7,True,0.5068229790950484,0.008639289999337052,8.0,,
2189,2.0,10,ICM,0.75,True,0.457595634497951,0.008599521999713033,8.0,,
2189,2.0,10,ICM,0.8,True,0.40836829248973017,0.008797369999228977,8.0,,
2189,2.0,10,ICM,0.85,True,0.35914097065102185,0.008723781998924096,8.0,,
2189,2.0,10,ICM,0.9,True,0.30991363279138145,0.008640311001727241,8.0,0.0,-0.3316806981345224
2189,2.0,10,ICM,0.95,True,0.2606863639620763,0.00918546899993089,8.0,,
2189,2.0,10,ICM,1.0,True,0.21145912497313965,0.009309528999438044,8.0,,
2206,2.0,10,DCM,0.7,True,0.5545401089116158,0.008282144999611774,8.0,,
2206,2.0,10,DCM,0.75,True,0.5049820411561601,0.008153056998708053,8.0,,
2206,2.0,10,DCM,0.8,True,0.4554239733295539,0.008457469000859419,8.0,,
2206,2.0,10,DCM,0.85,True,0.4058659054994214,0.008635498999865376,8.0,,
2206,2.0,10,DCM,0.9,True,0.35630783733236443,0.00911040700157173,8.0,0.0,-0.4519499143743472
2206,2.0,10,DCM,0.95,True,0.3067497746043597,0.010396257999673253,8.0,,
2206,2.0,10,DCM,1.0,True,0.25719170665825974,0.009782102999452036,8.0,,
2206,2.0,10,ICM-noSI,0.7,True,0.5551446041274714,0.008084216999122873,8.0,,
2206,2.0,10,ICM-noSI,0.75,True,0.5055608119918539,0.008381567000469659,8.0,,
2206,2.0,10,ICM-noSI,0.8,True,0.45597702349937796,0.008368725000764243,8.0,,
2206,2.0,10,ICM-noSI,0.85,True,0.40639323619034917,0.008182335999663337,8.0,,
2206,2.0,10,ICM-noSI,0.9,True,0.35680944805550513,0.008142560998749104,8.0,0.0,-0.4526333438134582
2206,2.0,10,ICM-noSI,0.95,True,0.3072256620804705,0.008606449999206234,8.0,,
2206,2.0,10,ICM-noSI,1.0,True,0.2576418695864413,0.008129272999212844,8.0,,
2206,2.0,10,ICM,0.7,True,0.5407775716951908,0.008689808999406523,8.0,,
2206,2.0,10,ICM,0.75,True,0.4906311758567104,0.008313927999552106,8.0,,
2206,2.0,10,ICM,0.8,True,0.44048477982257184,0.008133650000672787,8.0,,
2206,2.0,10,ICM,0.85,True,0.39033838362701767,0.008368405000510393,8.0,,
2206,2.0,10,ICM,0.9,True,0.34019198650752486,0.008456634999674861,8.0,0.0,-0.4412547275379427
2206,2.0,10,ICM,0.95,True,0.29004558473483893,0.00860108999950171,8.0,,
2206,2.0,10,ICM,1.0,True,0.2398991949555896,0.008793998000328429,8.0,,
2223,2.0,10,DCM,0.7,True,0.5159377610232089,0.008657014999698731,8.0,,
2223,2.0,10,DCM,0.75,True,0.4662386010021862,0.008149383998897974,8.0,,
2223,2.0,10,DCM,0.8,True,0.4165394410957684,0.00839968900072563,8.0,,
2223,2.0,10,DCM,0.85,True,0.3668402813450162,0.008720550000361982,8.0,,
2223,2.0,10,DCM,0.9,True,0.31714111600882766,0.008457600999463466,8.0,0.0,-0.3670449075388714
2223,2.0,10,DCM,0.95,True,0.2680559288527694,0.008663922000778257,8.0,,
2223,2.0,10,DCM,1.0,True,0.2198190724661467,0.008444893999694614,8.0,,
2223,2.0,10,ICM-noSI,0.7,True,0.5160265498190183,0.008464562999506597,8.0,,
2223,2.0,10,ICM-noSI,0.75,True,0.4663998274157142,0.008890524000889855,8.0,,
2223,2.0,10,ICM-noSI,0.8,True,0.4167731053498815,0.008577182999943034,8.0,,
2223,2.0,10,ICM-noSI,0.85,True,0.3671463825093794,0.008417458999247174,8.0,,
2223,2.0,10,ICM-noSI,0.9,True,0.31751966391894715,0.008706607999556581,8.0,0.0,-0.3675083231564692
2223,2.0,10,ICM-noSI,0.95,True,0.2684669011276388,0.00864168000043719,8.0,,
2223,2.0,10,ICM-noSI,1.0,True,0.2202093413525379,0.008750777000386734,8.0,,
2223,2.0,10,ICM,0.7,True,0.5260760200397526,0.008696572000189917,8.0,,
2223,2.0,10,ICM,0.75,True,0.4755422944615478,0.008315407998452429,8.0,,
2223,2.0,10,ICM,0.8,True,0.4250085687958886,0.008879431999957887,8.0,,
2223,2.0,10,ICM,0.85,True,0.37447484398141195,0.008673888998600887,8.0,,
2223,2.0,10,ICM,0.9,True,0.32394112010480614,0.008728309001526213,8.0,0.0,-0.3717936529532354
2223,2.0,10,ICM,0.95,True,0.2734076309982884,0.00878362100047525,8.0,,
2223,2.0,10,ICM,1.0,True,0.22287431659436832,0.008401628001593053,8.0,,
2240,2.0,10,DCM,0.7,True,0.5323756560589389,0.00872952400095528,8.0,,
2240,2.0,10,DCM,0.75,True,0.4817487803324134,0.008746069999688189,8.0,,
2240,2.0,10,DCM,0.8,True,0.43112190472725337,0.009183212998323143,8.0,,
2240,2.0,10,DCM,0.85,True,0.3804950299678413,0.009141085000010207,8.0,,
2240,2.0,10,DCM,0.9,True,0.32986816554498344,0.009066343000085908,8.0,0.0,-0.36605141751520387
2240,2.0,10,DCM,0.95,True,0.2794289361454764,0.008442151998679037,8.0,,
2240,2.0,10,DCM,1.0,True,0.23018255271175206,0.00846579499921063,8.0,,
2240,2.0,10,ICM-noSI,0.7,True,0.5324295370889411,0.008311884999784525,8.0,,
2240,2.0,10,ICM-noSI,0.75,True,0.48179038784200606,0.008263294999778736,8.0,,
2240,2.0,10,ICM-noSI,0.8,True,0.4311512391366202,0.008719182000277215,8.0,,
2240,2.0,10,ICM-noSI,0.85,True,0.38051210369829197,0.008346504000655841,8.0,,
2240,2.0,10,ICM-noSI,0.9,True,0.329872957388703,0.008151067999278894,8.0,0.0,-0.36555740416017557
2240,2.0,10,ICM-noSI,0.95,True,0.27940549592462205,0.008773366000241367,8.0,,
2240,2.0,10,ICM-noSI,1.0,True,0.23004610083000482,0.008586964999267366,8.0,,
2240,2.0,10,ICM,0.7,True,0.5242450218089384,0.008990386999357725,8.0,,
2240,2.0,10,ICM,0.75,True,0.4740664506934542,0.008784603000094648,8.0,,
2240,2.0,10,ICM,0.8,True,0.423887861318273,0.008571350001147948,8.0,,
2240,2.0,10,ICM,0.85,True,0.3737092711939717,0.008215885000026901,8.0,,
2240,2.0,10,ICM,0.9,True,0.32353068193331025,0.008830373999444419,8.0,0.0,-0.36401128875455835
2240,2.0,10,ICM,0.95,True,0.27335237265310885,0.008813770000415388,8.0,,
2240,2.0,10,ICM,1.0,True,0.22317424335488165,0.009106860999963828,8.0,,
2257,2.0,10,DCM,0.7,True,0.467091802551347,0.008340219001183868,8.0,,
2257,2.0,10,DCM,0.75,True,0.41626697773815885,0.008434751000095275,8.0,,
2257,2.0,10,DCM,0.8,True,0.36544215188010465,0.008596440000474104,8.0,,
2257,2.0,10,DCM,0.85,True,0.31461732630372524,0.008603272999607725,8.0,,
2257,2.0,10,DCM,0.9,True,0.2654381820272922,0.008453761000055238,8.0,0.0,-0.2697583469689292
2257,2.0,10,DCM,0.95,True,0.21643434716807977,0.008738724000068032,8.0,,
2257,2.0,10,DCM,1.0,True,0.16755721530953235,0.008899947999452706,8.0,,
2257,2.0,10,ICM-noSI,0.7,True,0.46860689191059135,0.008160936999047408,8.0,,
2257,2.0,10,ICM-noSI,0.75,True,0.41778921269947034,0.00815353300095012,8.0,,
2257,2.0,10,ICM-noSI,0.8,True,0.36697153372750085,0.008148082000843715,8.0,,
2257,2.0,10,ICM-noSI,0.85,True,0.3161538532525587,0.008162165999237914,8.0,,
2257,2.0,10,ICM-noSI,0.9,True,0.26702005242757176,0.008602755999163492,8.0,0.0,-0.271439942686879
2257,2.0,10,ICM-noSI,0.95,True,0.21802625837398257,0.008313206999446265,8.0,,
2257,2.0,10,ICM-noSI,1.0,True,0.16918646946858715,0.008095805998891592,8.0,,
2257,2.0,10,ICM,0.7,True,0.5160373624733987,0.008691581000675797,8.0,,
2257,2.0,10,ICM,0.75,True,0.4657723472786137,0.00853143899985298,8.0,,
2257,2.0,10,ICM,0.8,True,0.4155073255584676,0.008113679999951273,8.0,,
2257,2.0,10,ICM,0.85,True,0.3652423147631263,0.008185168999261805,8.0,,
2257,2.0,10,ICM,0.9,True,0.31497729441524014,0.008691638000527746,8.0,0.0,-0.2758556519339863
2257,2.0,10,ICM,0.95,True,0.2647122696932433,0.008217833001253894,8.0,,
2257,2.0,10,ICM,1.0,True,0.21444731847533896,0.008294838999063359,8.0,,
2274,2.0,10,DCM,0.7,True,0.4994708827144275,0.008197617999030626,8.0,,
2274,2.0,10,DCM,0.75,True,0.4512141875410021,0.0084898000004614,8.0,,
2274,2.0,10,DCM,0.8,True,0.402957492517979,0.008338749001268297,8.0,,
2274,2.0,10,DCM,0.85,True,0.35470079716337055,0.008550492999347625,8.0,,
2274,2.0,10,DCM,0.9,True,0.3064440952084941,0.00818919400080631,8.0,0.0,-0.33977902317364983
2274,2.0,10,DCM,0.95,True,0.2581874086504099,0.009527939000690822,8.0,,
2274,2.0,10,DCM,1.0,True,0.2101116871295761,0.010130970998943667,8.0,,
2274,2.0,10,ICM-noSI,0.7,True,0.49777676380151353,0.008420942000157083,8.0,,
2274,2.0,10,ICM-noSI,0.75,True,0.44947659354145164,0.008196474000214948,8.0,,
2274,2.0,10,ICM-noSI,0.8,True,0.4011764229207851,0.00865121300012106,8.0,,
2274,2.0,10,ICM-noSI,0.85,True,0.35287625167066383,0.008780417998423218,8.0,,
2274,2.0,10,ICM-noSI,0.9,True,0.3045760843705586,0.00889381399974809,8.0,0.0,-0.33808684394131416
2274,2.0,10,ICM-noSI,0.95,True,0.2562762706205067,0.008982450999610592,8.0,,
2274,2.0,10,ICM-noSI,1.0,True,0.20803354683624967,0.008692713998243562,8.0,,
2274,2.0,10,ICM,0.7,True,0.5088516413597768,0.008317451998664183,8.0,,
2274,2.0,10,ICM,0.75,True,0.4589334757980543,0.008160753999618464,8.0,,
2274,2.0,10,ICM,0.8,True,0.4090153032851711,0.008474690001094132,8.0,,
2274,2.0,10,ICM,0.85,True,0.3590971484057569,0.008233378999648266,8.0,,
2274,2.0,10,ICM,0.9,True,0.3091789795256667,0.008057909000854124,8.0,0.0,-0.3859723263290299
2274,2.0,10,ICM,0.95,True,0.25926081144121693,0.008186518000002252,8.0,,
2274,2.0,10,ICM,1.0,True,0.20934264293198415,0.008131888000207255,8.0,,
2291,2.0,10,DCM,0.7,True,0.48754627492620406,0.009048230000189506,8.0,,
2291,2.0,10,DCM,0.75,True,0.43801330905906677,0.008584508999774698,8.0,,
2291,2.0,10,DCM,0.8,True,0.388480343159292,0.008186213999579195,8.0,,
2291,2.0,10,DCM,0.85,True,0.3389473769674107,0.008175497998308856,8.0,,
2291,2.0,10,DCM,0.9,True,0.28941441006871377,0.008535500999641954,8.0,0.0,-0.30051859844662865
2291,2.0,10,DCM,0.95,True,0.2398814434824548,0.0083611940008268,8.0,,
2291,2.0,10,DCM,1.0,True,0.1903484752339939,0.008789884999714559,8.0,,
2291,2.0,10,ICM-noSI,0.7,True,0.48321344931671734,0.00806186699992395,8.0,,
2291,2.0,10,ICM-noSI,0.75,True,0.4337230340754598,0.008267041001090547,8.0,,
2291,2.0,10,ICM-noSI,0.8,True,0.3842326187888563,0.008131870999932289,8.0,,
2291,2.0,10,ICM-noSI,0.85,True,0.33474220318861425,0.008396840999921551,8.0,,
2291,2.0,10,ICM-noSI,0.9,True,0.2852517869614842,0.008669003000250086,8.0,0.0,-0.2974630724502356
2291,2.0,10,ICM-noSI,0.95,True,0.2357613709012885,0.008277835999251693,8.0,,
2291,2.0,10,ICM-noSI,1.0,True,0.18627095320471795,0.008744676000787877,8.0,,
2291,2.0,10,ICM,0.7,True,0.5091493628693767,0.011151458000313141,8.0,,
2291,2.0,10,ICM,0.75,True,0.4590677859378183,0.010802879998664139,8.0,,
2291,2.0,10,ICM,0.8,True,0.40898620885907644,0.010651365000740043,8.0,,
2291,2.0,10,ICM,0.85,True,0.3589046314941128,0.0107290070009185,8.0,,
2291,2.0,10,ICM,0.9,True,0.3088230592705661,0.010674852999727591,8.0,0.0,-0.3145973980756619
2291,2.0,10,ICM,0.95,True,0.25874148178829165,0.00905077999959758,8.0,,
2291,2.0,10,ICM,1.0,True,0.2086599039067225,0.008565337000618456,8.0,,
2308,2.0,10,DCM,0.7,True,0.4757880710128107,0.008357554999747663,8.0,,
2308,2.0,10,DCM,0.75,True,0.4268349573110715,0.008314717999382992,8.0,,
2308,2.0,10,DCM,0.8,True,0.3778818294980733,0.008456080000541988,8.0,,
2308,2.0,10,DCM,0.85,True,0.32892870132092045,0.008346512000571238,8.0,,
2308,2.0,10,DCM,0.9,True,0.28026166663317165,0.008438378999926499,8.0,0.0,-0.36563223310727
2308,2.0,10,DCM,0.95,True,0.23436604205542363,0.008545624999896972,8.0,,
2308,2.0,10,DCM,1.0,True,0.1884704199640384,0.008586304998971173,8.0,,
2308,2.0,10,ICM-noSI,0.7,True,0.4759457481475958,0.008345475000169245,8.0,,
2308,2.0,10,ICM-noSI,0.75,True,0.42697540382635246,0.008360337000340223,8.0,,
2308,2.0,10,ICM-noSI,0.8,True,0.37800504466074847,0.008760483999139979,8.0,,
2308,2.0,10,ICM-noSI,0.85,True,0.3290346852695448,0.008224348001022008,8.0,,
2308,2.0,10,ICM-noSI,0.9,True,0.2803578060391478,0.008213605000491953,8.0,0.0,-0.3655506337567005
2308,2.0,10,ICM-noSI,0.95,True,0.23452039332414654,0.008513902999766287,8.0,,
2308,2.0,10,ICM-noSI,1.0,True,0.18868298316734386,0.008271041999250883,8.0,,
2308,2.0,10,ICM,0.7,True,0.5148943548793123,0.008575359999667853,8.0,,
2308,2.0,10,ICM,0.75,True,0.46424858703274136,0.008665332999953534,8.0,,
2308,2.0,10,ICM,0.8,True,0.4136028193382228,0.008856368000124348,8.0,,
2308,2.0,10,ICM,0.85,True,0.362957051143028,0.008488093999403645,8.0,,
2308,2.0,10,ICM,0.9,True,0.31231128303225053,0.008161938998455298,8.0,0.0,-0.3949916379994459
2308,2.0,10,ICM,0.95,True,0.26166551626121926,0.008985906999441795,8.0,,
2308,2.0,10,ICM,1.0,True,0.21101974728440087,0.008677579999130103,8.0,,
2325,2.0,10,DCM,0.7,True,0.5237601470562954,0.008334853000633302,8.0,,
2325,2.0,10,DCM,0.75,True,0.47518404531871383,0.008159955999872182,8.0,,
2325,2.0,10,DCM,0.8,True,0.42660794598444635,0.008528948999810382,8.0,,
2325,2.0,10,DCM,0.85,True,0.37803184662206035,0.008294946999740205,8.0,,
2325,2.0,10,DCM,0.9,True,0.32945576102232793,0.008256053000877728,8.0,0.0,-0.3247996006829251
2325,2.0,10,DCM,0.95,True,0.280879659811135,0.00843187099962961,8.0,,
2325,2.0,10,DCM,1.0,True,0.23403604128986263,0.008526020001227153,8.0,,
2325,2.0,10,ICM-noSI,0.7,True,0.5228333827236515,0.008157506999850739,8.0,,
2325,2.0,10,ICM-noSI,0.75,True,0.4743314437377129,0.008323653000843478,8.0,,
2325,2.0,10,ICM-noSI,0.8,True,0.4258295055585233,0.008721577998585417,8.0,,
2325,2.0,10,ICM-noSI,0.85,True,0.3773275646942826,0.008532783000191557,8.0,,
2325,2.0,10,ICM-noSI,0.9,True,0.3288256406093048,0.008548079998945468,8.0,0.0,-0.32529220246784096
2325,2.0,10,ICM-noSI,0.95,True,0.28032370366417075,0.00880518200028746,8.0,,
2325,2.0,10,ICM-noSI,1.0,True,0.2334851575966865,0.008668106000186526,8.0,,
2325,2.0,10,ICM,0.7,True,0.5215912605222951,0.0084766119998676,8.0,,
2325,2.0,10,ICM,0.75,True,0.4721284239074332,0.010550764000072377,8.0,,
2325,2.0,10,ICM,0.8,True,0.42266558718673025,0.00977603100000124,8.0,,
2325,2.0,10,ICM,0.85,True,0.37320274988681634,0.00911729200015543,8.0,,
2325,2.0,10,ICM,0.9,True,0.3237399093167152,0.008652918000734644,8.0,0.0,-0.3707862260103695
2325,2.0,10,ICM,0.95,True,0.2742770729644587,0.00880339799914509,8.0,,
2325,2.0,10,ICM,1.0,True,0.2248152536122629,0.00872850300038408,8.0,,
2342,2.0,10,DCM,0.7,True,0.479560547298483,0.008071767000728869,8.0,,
2342,2.0,10,DCM,0.75,True,0.42643217217002627,0.008393923000767245,8.0,,
2342,2.0,10,DCM,0.8,True,0.37330377639357887,0.008200319000025047,8.0,,
2342,2.0,10,DCM,0.85,True,0.3201754069590735,0.008193988000130048,8.0,,
2342,2.0,10,DCM,0.9,True,0.26884458874728157,0.00823363400013477,8.0,0.0,-0.32442516395633536
2342,2.0,10,DCM,0.95,True,0.21957251509257344,0.009001200000056997,8.0,,
2342,2.0,10,DCM,1.0,True,0.17058478740417252,0.008736424999369774,8.0,,
2342,2.0,10,ICM-noSI,0.7,True,0.483736574962583,0.00863557699994999,8.0,,
2342,2.0,10,ICM-noSI,0.75,True,0.4309173235507108,0.008699893000084558,8.0,,
2342,2.0,10,ICM-noSI,0.8,True,0.37809808276557744,0.008395998000196414,8.0,,
2342,2.0,10,ICM-noSI,0.85,True,0.32527884936236207,0.008955154999057413,8.0,,
2342,2.0,10,ICM-noSI,0.9,True,0.27391986421541015,0.00950265500068781,8.0,0.0,-0.32438823419480234
2342,2.0,10,ICM-noSI,0.95,True,0.22469537906507467,0.008573971999794594,8.0,,
2342,2.0,10,ICM-noSI,1.0,True,0.17570192013656288,0.008673480999277672,8.0,,
2342,2.0,10,ICM,0.7,True,0.5101129640452065,0.008549451000362751,8.0,,
2342,2.0,10,ICM,0.75,True,0.4601857659732014,0.008306632000312675,8.0,,
2342,2.0,10,ICM,0.8,True,0.4102585672533395,0.00867960599862272,8.0,,
2342,2.0,10,ICM,0.85,True,0.3603313652371245,0.008479613999952562,8.0,,
2342,2.0,10,ICM,0.9,True,0.31040416876416643,0.008385979999729898,8.0,0.0,-0.37431286423109067
2342,2.0,10,ICM,0.95,True,0.26047704206528843,0.009158691000266117,8.0,,
2342,2.0,10,ICM,1.0,True,0.2105499620634692,0.008697907998794108,8.0,,
2359,2.0,10,DCM,0.7,True,0.5069033057208829,0.009457715999815264,8.0,,
2359,2.0,10,DCM,0.75,True,0.45771684927739376,0.009525097000732785,8.0,,
2359,2.0,10,DCM,0.8,True,0.4085303925636048,0.008946812000431237,8.0,,
2359,2.0,10,DCM,0.85,True,0.3593439361248277,0.008745482000449556,8.0,,
2359,2.0,10,DCM,0.9,True,0.31015747887739764,0.009287844999562367,8.0,0.0,-0.41806909752256916
2359,2.0,10,DCM,0.95,True,0.2609710237198114,0.008719801999177434,8.0,,
2359,2.0,10,DCM,1.0,True,0.21178456724071548,0.009189360998789198,8.0,,
2359,2.0,10,ICM-noSI,0.7,True,0.5056535780176341,0.00876343299933069,8.0,,
2359,2.0,10,ICM-noSI,0.75,True,0.4567376187874194,0.008539885999198304,8.0,,
2359,2.0,10,ICM-noSI,0.8,True,0.40782165922567476,0.00866906699957326,8.0,,
2359,2.0,10,ICM-noSI,0.85,True,0.35890569937685646,0.008615140999609139,8.0,,
2359,2.0,10,ICM-noSI,0.9,True,0.3099897373585485,0.008270828999229707,8.0,0.0,-0.4196722061052224
2359,2.0,10,ICM-noSI,0.95,True,0.26107377391635983,0.009468861999266664,8.0,,
2359,2.0,10,ICM-noSI,1.0,True,0.21215782286987925,0.009453272999962792,8.0,,
2359,2.0,10,ICM,0.7,True,0.5045113257866546,0.00863937000031001,8.0,,
2359,2.0,10,ICM,0.75,True,0.45478461755379485,0.008260728000095696,8.0,,
2359,2.0,10,ICM,0.8,True,0.40505790912429085,0.008529438999175909,8.0,,
2359,2.0,10,ICM,0.85,True,0.3553312007794758,0.008341941000253428,8.0,,
2359,2.0,10,ICM,0.9,True,0.30560450017774976,0.008235177001552074,8.0,0.0,-0.33257783316655487
2359,2.0,10,ICM,0.95,True,0.25587778673872624,0.008696554999914952,8.0,,
2359,2.0,10,ICM,1.0,True,0.20615110934092565,0.008365505998881417,8.0,,
2376,2.0,10,DCM,0.7,True,0.5433000588820964,0.008407515999351745,8.0,,
2376,2.0,10,DCM,0.75,True,0.49284033203674193,0.008806452999124303,8.0,,
2376,2.0,10,DCM,0.8,True,0.4423806057622597,0.008716106000065338,8.0,,
2376,2.0,10,DCM,0.85,True,0.3919208749491535,0.008708344999831752,8.0,,
2376,2.0,10,DCM,0.9,True,0.3414611497614318,0.008360830999663449,8.0,0.0,-0.28493357027345845
2376,2.0,10,DCM,0.95,True,0.2910014204874244,0.008566471999074565,8.0,,
2376,2.0,10,DCM,1.0,True,0.24103210294062635,0.009340200998849468,8.0,,
2376,2.0,10,ICM-noSI,0.7,True,0.5436402163401313,0.008885335999366362,8.0,,
2376,2.0,10,ICM-noSI,0.75,True,0.4932347085325767,0.008649892000903492,8.0,,
2376,2.0,10,ICM-noSI,0.8,True,0.442829199582487,0.008815753000817494,8.0,,
2376,2.0,10,ICM-noSI,0.85,True,0.39242369159077267,0.008643660999950953,8.0,,
2376,2.0,10,ICM-noSI,0.9,True,0.3420181765405251,0.00877020900043135,8.0,0.0,-0.28403593122609494
2376,2.0,10,ICM-noSI,0.95,True,0.2916126798922483,0.008491388000038569,8.0,,
2376,2.0,10,ICM-noSI,1.0,True,0.24171871349649254,0.008675016999404761,8.0,,
2376,2.0,10,ICM,0.7,True,0.5354811898332141,0.009191017001285218,8.0,,
2376,2.0,10,ICM,0.75,True,0.48555237125056316,0.008699875999809592,8.0,,
2376,2.0,10,ICM,0.8,True,0.43562355260744307,0.00896184299926972,8.0,,
2376,2.0,10,ICM,0.85,True,0.38569473342434346,0.009359001998745953,8.0,,
2376,2.0,10,ICM,0.9,True,0.3357659122867894,0.008616987001005327,8.0,0.0,-0.28193692924621494
2376,2.0,10,ICM,0.95,True,0.28583710541439605,0.008720825000636978,8.0,,
2376,2.0,10,ICM,1.0,True,0.23590833767158423,0.008291954000014812,8.0,,
2393,2.0,10,DCM,0.7,True,0.4439553833877432,0.009354289999464527,8.0,,
2393,2.0,10,DCM,0.75,True,0.394005364873688,0.009181162000459153,8.0,,
2393,2.0,10,DCM,0.8,True,0.3440553550953634,0.009019488999911118,8.0,,
2393,2.0,10,DCM,0.85,True,0.29410533927508065,0.008811244999378687,8.0,,
2393,2.0,10,DCM,0.9,True,0.24415532298623127,0.00833825399968191,8.0,0.0,-0.2628025710416907
2393,2.0,10,DCM,0.95,True,0.19489084279536417,0.008806183001070167,8.0,,
2393,2.0,10,DCM,1.0,True,0.14564671553166586,0.008420228999966639,8.0,,
2393,2.0,10,ICM-noSI,0.7,True,0.4435166371286803,0.008432579001237173,8.0,,
2393,2.0,10,ICM-noSI,0.75,True,0.39357875015867855,0.00873090699860768,8.0,,
2393,2.0,10,ICM-noSI,0.8,True,0.3436408731670623,0.008747167001274647,8.0,,
2393,2.0,10,ICM-noSI,0.85,True,0.29370298935840894,0.008671796998896752,8.0,,
2393,2.0,10,ICM-noSI,0.9,True,0.24376519891294268,0.008618325000497862,8.0,0.0,-0.26256432647756445
2393,2.0,10,ICM-noSI,0.95,True,0.19454082372436773,0.008059011999648646,8.0,,
2393,2.0,10,ICM-noSI,1.0,True,0.14531643634840943,0.008551262000764837,8.0,,
2393,2.0,10,ICM,0.7,True,0.5021343226570371,0.008448901000519982,8.0,,
2393,2.0,10,ICM,0.75,True,0.45253846099306505,0.008528499000021839,8.0,,
2393,2.0,10,ICM,0.8,True,0.40294259807149874,0.008154334000209928,8.0,,
2393,2.0,10,ICM,0.85,True,0.3533467369759306,0.008405226999457227,8.0,,
2393,2.0,10,ICM,0.9,True,0.3037508779319056,0.008191384999008733,8.0,0.0,-0.3086755780691077
2393,2.0,10,ICM,0.95,True,0.25415503007672363,0.008182232000763179,8.0,,
2393,2.0,10,ICM,1.0,True,0.20455923454335562,0.00813569300044037,8.0,,
3070,3.0,10,DCM,0.7,True,0.41797531198436216,0.010915546999967773,8.0,,
3070,3.0,10,DCM,0.75,True,0.3609444296985432,0.010797458000524784,8.0,,
3070,3.0,10,DCM,0.8,True,0.30391354632270884,0.009529789000225719,8.0,,
3070,3.0,10,DCM,0.85,True,0.2468826595210948,0.008928310000555939,8.0,,
3070,3.0,10,DCM,0.9,True,0.19500459983637897,0.009302937000029488,8.0,0.0,-0.24638276398161585
3070,3.0,10,DCM,0.95,True,0.15338220987929538,0.008484243000566494,8.0,,
3070,3.0,10,DCM,1.0,True,0.11177027260336822,0.008716418999028974,8.0,,
3070,3.0,10,ICM-noSI,0.7,True,0.4156354703980617,0.008899978000044939,8.0,,
3070,3.0,10,ICM-noSI,0.75,True,0.35848071730025277,0.008522437999999966,8.0,,
3070,3.0,10,ICM-noSI,0.8,True,0.30132596309789483,0.008671716999742785,8.0,,
3070,3.0,10,ICM-noSI,0.85,True,0.2441712046503059,0.008400937998885638,8.0,,
3070,3.0,10,ICM-noSI,0.9,True,0.1927607580272697,0.00916795299963269,8.0,0.0,-0.24784781724311378
3070,3.0,10,ICM-noSI,0.95,True,0.15127789593801716,0.008795855999778723,8.0,,
3070,3.0,10,ICM-noSI,1.0,True,0.10979503154358086,0.008304015998874092,8.0,,
3070,3.0,10,ICM,0.7,True,0.512840764742458,0.010116336999999476,8.0,,
3070,3.0,10,ICM,0.75,True,0.4623236929861246,0.009090535999348504,8.0,,
3070,3.0,10,ICM,0.8,True,0.41180662104763543,0.008523581998815644,8.0,,
3070,3.0,10,ICM,0.85,True,0.36128954838832467,0.00821912399987923,8.0,,
3070,3.0,10,ICM,0.9,True,0.31077247295909965,0.008564696001485572,8.0,0.0,-0.2584242057604469
3070,3.0,10,ICM,0.95,True,0.2602554053503611,0.008088778000455932,8.0,,
3070,3.0,10,ICM,1.0,True,0.20984161402381002,0.008482551000270178,8.0,,
3087,3.0,10,DCM,0.7,True,0.3507419215358314,0.008424300000115181,8.0,,
3087,3.0,10,DCM,0.75,True,0.30023050782665406,0.008488160001434153,8.0,,
3087,3.0,10,DCM,0.8,True,0.2498376217442523,0.008574377001423272,8.0,,
3087,3.0,10,DCM,0.85,True,0.19945097725812816,0.008397736999540939,8.0,,
3087,3.0,10,DCM,0.9,True,0.14906433360146704,0.008463961999950698,8.0,0.0,-0.25121485375728414
3087,3.0,10,DCM,0.95,True,0.09879779328407427,0.008526120000169612,8.0,,
3087,3.0,10,DCM,1.0,True,0.04854272387193155,0.008268956999017973,8.0,,
3087,3.0,10,ICM-noSI,0.7,True,0.34216972509967486,0.00917489099992963,8.0,,
3087,3.0,10,ICM-noSI,0.75,True,0.291803259037628,0.009407571998963249,8.0,,
3087,3.0,10,ICM-noSI,0.8,True,0.24143819453877846,0.009020063000207301,8.0,,
3087,3.0,10,ICM-noSI,0.85,True,0.19107753537642477,0.00890540299951681,8.0,,
3087,3.0,10,ICM-noSI,0.9,True,0.14074770781853677,0.008615553000709042,8.0,0.0,-0.2285144033324571
3087,3.0,10,ICM-noSI,0.95,True,0.09041789244578943,0.00818827300099656,8.0,,
3087,3.0,10,ICM-noSI,1.0,True,0.040088070196542716,0.008246871000665124,8.0,,
3087,3.0,10,ICM,0.7,True,0.49419790338174385,0.009221666001394624,8.0,,
3087,3.0,10,ICM,0.75,True,0.4443663973431367,0.008716208998521324,8.0,,
3087,3.0,10,ICM,0.8,True,0.3945348896485851,0.008889716998965014,8.0,,
3087,3.0,10,ICM,0.85,True,0.34470338068598455,0.009108115000344696,8.0,,
3087,3.0,10,ICM,0.9,True,0.29487187229038664,0.0093079910002416,8.0,0.0,-0.32251890234844993
3087,3.0,10,ICM,0.95,True,0.24504037572836207,0.008666412999446038,8.0,,
3087,3.0,10,ICM,1.0,True,0.19520951336880987,0.008482593000735505,8.0,,
3104,3.0,10,DCM,0.7,True,0.4509625031471907,0.008306920000904938,8.0,,
3104,3.0,10,DCM,0.75,True,0.39866468300108854,0.00853738900150347,8.0,,
3104,3.0,10,DCM,0.8,True,0.3463668621732207,0.008285769999929471,8.0,,
3104,3.0,10,DCM,0.85,True,0.29545745188703376,0.008335761998750968,8.0,,
3104,3.0,10,DCM,0.9,True,0.2455361327922516,0.009190449000016088,8.0,0.0,-0.38833451868615576
3104,3.0,10,DCM,0.95,True,0.19561481350689286,0.010157076001632959,8.0,,
3104,3.0,10,DCM,1.0,True,0.14569348645069413,0.00945936499920208,8.0,,
3104,3.0,10,ICM-noSI,0.7,True,0.45145799836163697,0.008559541000067838,8.0,,
3104,3.0,10,ICM-noSI,0.75,True,0.39935204334869184,0.00872984799934784,8.0,,
3104,3.0,10,ICM-noSI,0.8,True,0.3472460866087466,0.008671990999573609,8.0,,
3104,3.0,10,ICM-noSI,0.85,True,0.296557931037904,0.008670729999721516,8.0,,
3104,3.0,10,ICM-noSI,0.9,True,0.2469481571624999,0.008504175000780378,8.0,0.0,-0.3904563167528221
3104,3.0,10,ICM-noSI,0.95,True,0.19733838360654954,0.00858213900028204,8.0,,
3104,3.0,10,ICM-noSI,1.0,True,0.14772860251920197,0.008544221998818102,8.0,,
3104,3.0,10,ICM,0.7,True,0.47918444979189195,0.008538710999346222,8.0,,
3104,3.0,10,ICM,0.75,True,0.4303522230175169,0.008411235001403838,8.0,,
3104,3.0,10,ICM,0.8,True,0.38151999310549894,0.008833761001369567,8.0,,
3104,3.0,10,ICM,0.85,True,0.3326877770635148,0.00872311599960085,8.0,,
3104,3.0,10,ICM,0.9,True,0.2838555507726083,0.009039899001436424,8.0,0.0,-0.32908804448881657
3104,3.0,10,ICM,0.95,True,0.23514348776584093,0.008691899000041303,8.0,,
3104,3.0,10,ICM,1.0,True,0.18654010994196102,0.008637765000457875,8.0,,
3121,3.0,10,DCM,0.7,True,0.4937993998784467,0.008605820999946445,8.0,,
3121,3.0,10,DCM,0.75,True,0.4456842706749606,0.008987659000922577,8.0,,
3121,3.0,10,DCM,0.8,True,0.3975691603733978,0.00850465300027281,8.0,,
3121,3.0,10,DCM,0.85,True,0.34945403117361307,0.008168402000592323,8.0,,
3121,3.0,10,DCM,0.9,True,0.30136381123533185,0.008335446000273805,8.0,0.0,-0.22800191343194454
3121,3.0,10,DCM,0.95,True,0.2533458940511527,0.008536260998880607,8.0,,
3121,3.0,10,DCM,1.0,True,0.20532797762538016,0.008172672000000603,8.0,,
3121,3.0,10,ICM-noSI,0.7,True,0.49761123091807036,0.010029556000517914,8.0,,
3121,3.0,10,ICM-noSI,0.75,True,0.44953823595431236,0.009662108999691554,8.0,,
3121,3.0,10,ICM-noSI,0.8,True,0.4014652398486326,0.009060858999873744,8.0,,
3121,3.0,10,ICM-noSI,0.85,True,0.35339224296945476,0.009428552999452222,8.0,,
3121,3.0,10,ICM-noSI,0.9,True,0.3053192523538091,0.010030639999968116,8.0,0.0,-0.2807264649369303
3121,3.0,10,ICM-noSI,0.95,True,0.25724625671588924,0.009972257999834255,8.0,,
3121,3.0,10,ICM-noSI,1.0,True,0.20917326044421708,0.00961168399953749,8.0,,
3121,3.0,10,ICM,0.7,True,0.519259857798063,0.008261625998784439,8.0,,
3121,3.0,10,ICM,0.75,True,0.46926687837233516,0.008133160999932443,8.0,,
3121,3.0,10,ICM,0.8,True,0.41927389853096536,0.008422217999395798,8.0,,
3121,3.0,10,ICM,0.85,True,0.36928091677354097,0.008747409001443884,8.0,,
3121,3.0,10,ICM,0.9,True,0.3192879289018973,0.008284163999633165,8.0,0.0,-0.24644595867171948
3121,3.0,10,ICM,0.95,True,0.26929509447897737,0.008253226998931495,8.0,,
3121,3.0,10,ICM,1.0,True,0.21930233872023444,0.008367766000446863,8.0,,
3138,3.0,10,DCM,0.7,True,0.533225305031592,0.009114251000937656,8.0,,
3138,3.0,10,DCM,0.75,True,0.4826212524224749,0.008614100999693619,8.0,,
3138,3.0,10,DCM,0.8,True,0.43201720179704334,0.0089960629993584,8.0,,
3138,3.0,10,DCM,0.85,True,0.38141315367854756,0.009160712999801035,8.0,,
3138,3.0,10,DCM,0.9,True,0.3308090997591534,0.00906761800069944,8.0,0.0,-0.35558068967073386
3138,3.0,10,DCM,0.95,True,0.28183805046327237,0.008300064000650309,8.0,,
3138,3.0,10,DCM,1.0,True,0.23514374191061932,0.008332982999490923,8.0,,
3138,3.0,10,ICM-noSI,0.7,True,0.5319311698955068,0.009329398999398109,8.0,,
3138,3.0,10,ICM-noSI,0.75,True,0.4815008492161107,0.009162151000055019,8.0,,
3138,3.0,10,ICM-noSI,0.8,True,0.4310705249160941,0.00909135999972932,8.0,,
3138,3.0,10,ICM-noSI,0.85,True,0.3806402109424137,0.008713455999895814,8.0,,
3138,3.0,10,ICM-noSI,0.9,True,0.3302098863541929,0.008283010000013746,8.0,0.0,-0.3563201250196021
3138,3.0,10,ICM-noSI,0.95,True,0.2813350156480082,0.008385110999370227,8.0,,
3138,3.0,10,ICM-noSI,1.0,True,0.23457621700129197,0.00829465900096693,8.0,,
3138,3.0,10,ICM,0.7,True,0.4877106832010035,0.00861870600056136,8.0,,
3138,3.0,10,ICM,0.75,True,0.4373493415111483,0.008594004000769928,8.0,,
3138,3.0,10,ICM,0.8,True,0.38698799932143413,0.008750375000090571,8.0,,
3138,3.0,10,ICM,0.85,True,0.3366266557014283,0.00865791599971999,8.0,,
3138,3.0,10,ICM,0.9,True,0.28626532588598524,0.008633724999526748,8.0,0.0,-0.3600512187005158
3138,3.0,10,ICM,0.95,True,0.23603345901537434,0.008870808998835855,8.0,,
3138,3.0,10,ICM,1.0,True,0.18582542877435845,0.008737569000004441,8.0,,
3155,3.0,10,DCM,0.7,True,0.5478068782863986,0.009744504000991583,8.0,,
3155,3.0,10,DCM,0.75,True,0.5005900178109128,0.01100174799830711,8.0,,
3155,3.0,10,DCM,0.8,True,0.45337314720161853,0.011502584999107057,8.0,,
3155,3.0,10,DCM,0.85,True,0.40615629692568894,0.011636391998763429,8.0,,
3155,3.0,10,DCM,0.9,True,0.3589394359926581,0.011614999000812531,8.0,0.0,-0.3251703444927868
3155,3.0,10,DCM,0.95,True,0.31172257596059927,0.01011255999947025,8.0,,
3155,3.0,10,DCM,1.0,True,0.26508084564098905,0.009818660999371787,8.0,,
3155,3.0,10,ICM-noSI,0.7,True,0.556000575298728,0.008076484000412165,8.0,,
3155,3.0,10,ICM-noSI,0.75,True,0.5089203732814992,0.008317358000567765,8.0,,
3155,3.0,10,ICM-noSI,0.8,True,0.4618401883760469,0.008148524999342044,8.0,,
3155,3.0,10,ICM-noSI,0.85,True,0.4147599918124557,0.008260608999989927,8.0,,
3155,3.0,10,ICM-noSI,0.9,True,0.3676797952364214,0.008410882999669411,8.0,0.0,-0.3308501572454542
3155,3.0,10,ICM-noSI,0.95,True,0.3205995876148442,0.00833138800044253,8.0,,
3155,3.0,10,ICM-noSI,1.0,True,0.27416478344165746,0.008443233000434702,8.0,,
3155,3.0,10,ICM,0.7,True,0.49369236386338344,0.008284720999654382,8.0,,
3155,3.0,10,ICM,0.75,True,0.4427346609147131,0.008578920998843387,8.0,,
3155,3.0,10,ICM,0.8,True,0.3917769574849361,0.008695811999132275,8.0,,
3155,3.0,10,ICM,0.85,True,0.34081925233599214,0.0086286919995473,8.0,,
3155,3.0,10,ICM,0.9,True,0.2898615529724793,0.008182994999515358,8.0,0.0,-0.27965565449637053
3155,3.0,10,ICM,0.95,True,0.23895733881117037,0.008647938000649447,8.0,,
3155,3.0,10,ICM,1.0,True,0.18810450180430602,0.008604087999628973,8.0,,
3172,3.0,10,DCM,0.7,True,0.5585846948401286,0.0088292869986617,8.0,,
3172,3.0,10,DCM,0.75,True,0.5039444241403955,0.008340276999661,8.0,,
3172,3.0,10,DCM,0.8,True,0.44930415370538346,0.008554264000849798,8.0,,
3172,3.0,10,DCM,0.85,True,0.394663883629841,0.008647847998872749,8.0,,
3172,3.0,10,DCM,0.9,True,0.34002362287509974,0.008288721999633708,8.0,0.0,-0.3374065073332083
3172,3.0,10,DCM,0.95,True,0.2875409287255365,0.008417068998824107,8.0,,
3172,3.0,10,DCM,1.0,True,0.24154220075398508,0.008128900000883732,8.0,,
3172,3.0,10,ICM-noSI,0.7,True,0.5554218617626571,0.008603820999269374,8.0,,
3172,3.0,10,ICM-noSI,0.75,True,0.5010523671793394,0.008533659000022453,8.0,,
3172,3.0,10,ICM-noSI,0.8,True,0.4466828738507307,0.008794617000603466,8.0,,
3172,3.0,10,ICM-noSI,0.85,True,0.39231338420123035,0.008518268999978318,8.0,,
3172,3.0,10,ICM-noSI,0.9,True,0.33794391015031955,0.008682065999892075,8.0,0.0,-0.3354440757271152
3172,3.0,10,ICM-noSI,0.95,True,0.2858169681931168,0.008673588999954518,8.0,,
3172,3.0,10,ICM-noSI,1.0,True,0.2398355143996808,0.008430341000348562,8.0,,
3172,3.0,10,ICM,0.7,True,0.5295847246406332,0.008719537001525168,8.0,,
3172,3.0,10,ICM,0.75,True,0.4794849532275191,0.008829529000649927,8.0,,
3172,3.0,10,ICM,0.8,True,0.429385181722337,0.008411962999161915,8.0,,
3172,3.0,10,ICM,0.85,True,0.37928540897131063,0.008090638999419753,8.0,,
3172,3.0,10,ICM,0.9,True,0.3291856391143223,0.008767844001340563,8.0,0.0,-0.3244912243818142
3172,3.0,10,ICM,0.95,True,0.2791454755209789,0.008182840001609293,8.0,,
3172,3.0,10,ICM,1.0,True,0.2291948792321758,0.008497728998918319,8.0,,
3189,3.0,10,DCM,0.7,True,0.5663134616702707,0.008102281999526895,8.0,,
3189,3.0,10,DCM,0.75,True,0.5129037203110519,0.008305815001222072,8.0,,
3189,3.0,10,DCM,0.8,True,0.459493976606302,0.008917420000216225,8.0,,
3189,3.0,10,DCM,0.85,True,0.4060842455930275,0.008804639999652863,8.0,,
3189,3.0,10,DCM,0.9,True,0.35267449545898216,0.008517387999745551,8.0,0.0,-0.31108528076197306
3189,3.0,10,DCM,0.95,True,0.3000948972491461,0.00857194699892716,8.0,,
3189,3.0,10,DCM,1.0,True,0.2476752362127404,0.008279553998363554,8.0,,
3189,3.0,10,ICM-noSI,0.7,True,0.5621188257643299,0.008577163000154542,8.0,,
3189,3.0,10,ICM-noSI,0.75,True,0.5089112058706051,0.008642001999760396,8.0,,
3189,3.0,10,ICM-noSI,0.8,True,0.455703585117238,0.008430844000031357,8.0,,
3189,3.0,10,ICM-noSI,0.85,True,0.4024959743551449,0.008443706999969436,8.0,,
3189,3.0,10,ICM-noSI,0.9,True,0.3492883556873548,0.008320736000314355,8.0,0.0,-0.31028281861674123
3189,3.0,10,ICM-noSI,0.95,True,0.2969301233741997,0.008830495000438532,8.0,,
3189,3.0,10,ICM-noSI,1.0,True,0.24488444110632937,0.010153874000025098,8.0,,
3189,3.0,10,ICM,0.7,True,0.4877821222054732,0.008940702000472811,8.0,,
3189,3.0,10,ICM,0.75,True,0.4389924269133402,0.009025108000059845,8.0,,
3189,3.0,10,ICM,0.8,True,0.3902027219068314,0.008945297000536812,8.0,,
3189,3.0,10,ICM,0.85,True,0.3414130166252038,0.008866542999385274,8.0,,
3189,3.0,10,ICM,0.9,True,0.2926232966788277,0.008526821000486962,8.0,0.0,-0.2874889540890332
3189,3.0,10,ICM,0.95,True,0.24394195974564392,0.008687131999977282,8.0,,
3189,3.0,10,ICM,1.0,True,0.19542016616019844,0.00866257800043968,8.0,,
3206,3.0,10,DCM,0.7,True,0.5050350568342763,0.008613861999037908,8.0,,
3206,3.0,10,DCM,0.75,True,0.4554394700348033,0.008231294999859529,8.0,,
3206,3.0,10,DCM,0.8,True,0.4058438831900716,0.008364883000467671,8.0,,
3206,3.0,10,DCM,0.85,True,0.35624829635097777,0.00817382499917585,8.0,,
3206,3.0,10,DCM,0.9,True,0.3066527093945901,0.008165168001141865,8.0,0.0,-0.38332374388216817
3206,3.0,10,DCM,0.95,True,0.25705712226864763,0.008286855001642834,8.0,,
3206,3.0,10,DCM,1.0,True,0.2074615350147327,0.008114971000395599,8.0,,
3206,3.0,10,ICM-noSI,0.7,True,0.5043261200938026,0.008596937999755028,8.0,,
3206,3.0,10,ICM-noSI,0.75,True,0.4546351973513854,0.008378047999940463,8.0,,
3206,3.0,10,ICM-noSI,0.8,True,0.4049442745118256,0.008414122999965912,8.0,,
3206,3.0,10,ICM-noSI,0.85,True,0.3552533515807245,0.008888047999789706,8.0,,
3206,3.0,10,ICM-noSI,0.9,True,0.30556242818045865,0.008786696000242955,8.0,0.0,-0.38283081353241666
3206,3.0,10,ICM-noSI,0.95,True,0.2558715039368164,0.009100115999899572,8.0,,
3206,3.0,10,ICM-noSI,1.0,True,0.20618058395041705,0.008653716000480927,8.0,,
3206,3.0,10,ICM,0.7,True,0.4911964098179441,0.00834639400090964,8.0,,
3206,3.0,10,ICM,0.75,True,0.43888621971260194,0.008582884000134072,8.0,,
3206,3.0,10,ICM,0.8,True,0.3865760294636303,0.008201508999263751,8.0,,
3206,3.0,10,ICM,0.85,True,0.3342658382094489,0.008537956000509439,8.0,,
3206,3.0,10,ICM,0.9,True,0.28195564680666346,0.008725061999939498,8.0,0.0,-0.377079634840239
3206,3.0,10,ICM,0.95,True,0.22964545531503996,0.0081705669999792,8.0,,
3206,3.0,10,ICM,1.0,True,0.17733526329983104,0.008343349998540361,8.0,,
3223,3.0,10,DCM,0.7,True,0.5667597608179463,0.008833833000608138,8.0,,
3223,3.0,10,DCM,0.75,True,0.5122931147967262,0.00883946900103183,8.0,,
3223,3.0,10,DCM,0.8,True,0.45782646882011774,0.00865552100003697,8.0,,
3223,3.0,10,DCM,0.85,True,0.4033598354904374,0.008728180000616703,8.0,,
3223,3.0,10,DCM,0.9,True,0.3488931892591504,0.008674951999637415,8.0,0.0,-0.3822179044155375
3223,3.0,10,DCM,0.95,True,0.298132770707869,0.008860676000040257,8.0,,
3223,3.0,10,DCM,1.0,True,0.24908555138533237,0.008495930000208318,8.0,,
3223,3.0,10,ICM-noSI,0.7,True,0.5744927157966098,0.008336138000231585,8.0,,
3223,3.0,10,ICM-noSI,0.75,True,0.5201564141951965,0.008581931000662735,8.0,,
3223,3.0,10,ICM-noSI,0.8,True,0.4658201225123203,0.00849263400050404,8.0,,
3223,3.0,10,ICM-noSI,0.85,True,0.41148382190337596,0.008207098999264417,8.0,,
3223,3.0,10,ICM-noSI,0.9,True,0.3571475200627057,0.008298537999507971,8.0,0.0,-0.3817170952071415
3223,3.0,10,ICM-noSI,0.95,True,0.30565770723066554,0.00818426499972702,8.0,,
3223,3.0,10,ICM-noSI,1.0,True,0.25667643831778986,0.008073453000179143,8.0,,
3223,3.0,10,ICM,0.7,True,0.4613032491291543,0.008602321999205742,8.0,,
3223,3.0,10,ICM,0.75,True,0.41124166846217575,0.008985794000182068,8.0,,
3223,3.0,10,ICM,0.8,True,0.36118008760763715,0.008897364999938873,8.0,,
3223,3.0,10,ICM,0.85,True,0.3111185169842939,0.008761962999415118,8.0,,
3223,3.0,10,ICM,0.9,True,0.26113734655827964,0.008458051001070999,8.0,0.0,-0.38091921760966074
3223,3.0,10,ICM,0.95,True,0.21122603280994331,0.008667269001307432,8.0,,
3223,3.0,10,ICM,1.0,True,0.16131471869008163,0.00813871799982735,8.0,,
3240,3.0,10,DCM,0.7,True,0.5778684952727292,0.008298615000967402,8.0,,
3240,3.0,10,DCM,0.75,True,0.5302504171476855,0.00848963699900196,8.0,,
3240,3.0,10,DCM,0.8,True,0.48263233895029206,0.008265734000815428,8.0,,
3240,3.0,10,DCM,0.85,True,0.43501426070945837,0.008620206999694346,8.0,,
3240,3.0,10,DCM,0.9,True,0.3873961824750743,0.008270636999441194,8.0,0.0,-0.35815833599866376
3240,3.0,10,DCM,0.95,True,0.339778104276781,0.008504022000124678,8.0,,
3240,3.0,10,DCM,1.0,True,0.29216002470143315,0.008836566999889328,8.0,,
3240,3.0,10,ICM-noSI,0.7,True,0.5761287652431754,0.008282087999759824,8.0,,
3240,3.0,10,ICM-noSI,0.75,True,0.528510524655071,0.008502934000716778,8.0,,
3240,3.0,10,ICM-noSI,0.8,True,0.4808922840017202,0.008402866998949321,8.0,,
3240,3.0,10,ICM-noSI,0.85,True,0.43327404329318464,0.008204058000046643,8.0,,
3240,3.0,10,ICM-noSI,0.9,True,0.3856558025910422,0.008076740999968024,8.0,0.0,-0.3573106076790157
3240,3.0,10,ICM-noSI,0.95,True,0.33803756194684276,0.008876601999872946,8.0,,
3240,3.0,10,ICM-noSI,1.0,True,0.29041931963638584,0.009342127001218614,8.0,,
3240,3.0,10,ICM,0.7,True,0.5281981754529305,0.008710580999832018,8.0,,
3240,3.0,10,ICM,0.75,True,0.47818346255617716,0.008671120000144583,8.0,,
3240,3.0,10,ICM,0.8,True,0.42816874963702445,0.008379728998988867,8.0,,
3240,3.0,10,ICM,0.85,True,0.3781540366905105,0.008241384000939433,8.0,,
3240,3.0,10,ICM,0.9,True,0.3281393237170887,0.008615658000053372,8.0,0.0,-0.322205857627619
3240,3.0,10,ICM,0.95,True,0.27812461038620373,0.00833004199921561,8.0,,
3240,3.0,10,ICM,1.0,True,0.22810989514487753,0.008723834998818347,8.0,,
3257,3.0,10,DCM,0.7,True,0.45702127140265086,0.008401838998906896,8.0,,
3257,3.0,10,DCM,0.75,True,0.4119962381626017,0.008628436000435613,8.0,,
3257,3.0,10,DCM,0.8,True,0.3669712047952535,0.008272043000033591,8.0,,
3257,3.0,10,DCM,0.85,True,0.32194617140130904,0.00813207200008037,8.0,,
3257,3.0,10,DCM,0.9,True,0.27692113788389977,0.008081816999037983,8.0,0.0,-0.24338267602073393
3257,3.0,10,DCM,0.95,True,0.2318961043709783,0.008381615998587222,8.0,,
3257,3.0,10,DCM,1.0,True,0.1868710705888806,0.008516278001479805,8.0,,
3257,3.0,10,ICM-noSI,0.7,True,0.45633439542069437,0.008266763999927207,8.0,,
3257,3.0,10,ICM-noSI,0.75,True,0.4112501071530443,0.008573371000238694,8.0,,
3257,3.0,10,ICM-noSI,0.8,True,0.36616581875730264,0.008120647000396275,8.0,,
3257,3.0,10,ICM-noSI,0.85,True,0.32108153033462894,0.008466420998956892,8.0,,
3257,3.0,10,ICM-noSI,0.9,True,0.27599724179084956,0.008238522999818088,8.0,0.0,-0.24260710177947709
3257,3.0,10,ICM-noSI,0.95,True,0.23091295327187963,0.008158034001098713,8.0,,
3257,3.0,10,ICM-noSI,1.0,True,0.18582866439075665,0.008286393000162207,8.0,,
3257,3.0,10,ICM,0.7,True,0.5018149867120477,0.008567064000089886,8.0,,
3257,3.0,10,ICM,0.75,True,0.4536239842229148,0.008613410998805193,8.0,,
3257,3.0,10,ICM,0.8,True,0.40543298048750326,0.008397874000365846,8.0,,
3257,3.0,10,ICM,0.85,True,0.3572419759330982,0.00807138999880408,8.0,,
3257,3.0,10,ICM,0.9,True,0.30905097650449614,0.008222233000196866,8.0,0.0,-0.2700135325300269
3257,3.0,10,ICM,0.95,True,0.2608599732299193,0.00833372999841231,8.0,,
3257,3.0,10,ICM,1.0,True,0.21266897007083493,0.00810174499929417,8.0,,
3274,3.0,10,DCM,0.7,True,0.45507913978550696,0.008590560999437002,8.0,,
3274,3.0,10,DCM,0.75,True,0.40573995863384726,0.008376948000659468,8.0,,
3274,3.0,10,DCM,0.8,True,0.356400777427813,0.00863633100016159,8.0,,
3274,3.0,10,DCM,0.85,True,0.30706159608412326,0.008447123998848838,8.0,,
3274,3.0,10,DCM,0.9,True,0.25772241444453914,0.008424875999480719,8.0,0.0,-0.49413866080948643
3274,3.0,10,DCM,0.95,True,0.20838323291136235,0.008300520999910077,8.0,,
3274,3.0,10,DCM,1.0,True,0.15904405080608722,0.008146697999109165,8.0,,
3274,3.0,10,ICM-noSI,0.7,True,0.45674636865242335,0.00824311399992439,8.0,,
3274,3.0,10,ICM-noSI,0.75,True,0.4074007140542239,0.00833403099932184,8.0,,
3274,3.0,10,ICM-noSI,0.8,True,0.35805505940465776,0.008435990999714704,8.0,,
3274,3.0,10,ICM-noSI,0.85,True,0.30870940461737983,0.008203637000406161,8.0,,
3274,3.0,10,ICM-noSI,0.9,True,0.25936374954045527,0.008596611000029952,8.0,0.0,-0.49503719405215096
3274,3.0,10,ICM-noSI,0.95,True,0.21001809453291986,0.008368286000404623,8.0,,
3274,3.0,10,ICM-noSI,1.0,True,0.16067243908840137,0.008644446001198958,8.0,,
3274,3.0,10,ICM,0.7,True,0.4591823595502278,0.008128105000650976,8.0,,
3274,3.0,10,ICM,0.75,True,0.4105776489994045,0.008219388999350485,8.0,,
3274,3.0,10,ICM,0.8,True,0.361972938205132,0.008419110999966506,8.0,,
3274,3.0,10,ICM,0.85,True,0.3133682151533789,0.00863849699999264,8.0,,
3274,3.0,10,ICM,0.9,True,0.2647635177472303,0.00840555300055712,8.0,0.0,-0.4923342726254979
3274,3.0,10,ICM,0.95,True,0.2161588071505146,0.008603318001405569,8.0,,
3274,3.0,10,ICM,1.0,True,0.16755409653336753,0.00884923100056767,8.0,,
3291,3.0,10,DCM,0.7,True,0.5095027373521437,0.008576027999879443,8.0,,
3291,3.0,10,DCM,0.75,True,0.45611317472940976,0.008739446999243228,8.0,,
3291,3.0,10,DCM,0.8,True,0.40272361990423294,0.008241193998401286,8.0,,
3291,3.0,10,DCM,0.85,True,0.3493340553680396,0.008107110999844735,8.0,,
3291,3.0,10,DCM,0.9,True,0.2959444854455431,0.00836582199917757,8.0,0.0,-0.37860315334161476
3291,3.0,10,DCM,0.95,True,0.2425549174668837,0.008160276000126032,8.0,,
3291,3.0,10,DCM,1.0,True,0.18916536256202307,0.008127471000989317,8.0,,
3291,3.0,10,ICM-noSI,0.7,True,0.5013389113461313,0.008993302000817494,8.0,,
3291,3.0,10,ICM-noSI,0.75,True,0.4478344332791873,0.009970801998861134,8.0,,
3291,3.0,10,ICM-noSI,0.8,True,0.3943299653248935,0.010049488000731799,8.0,,
3291,3.0,10,ICM-noSI,0.85,True,0.34082548675232427,0.009332658000857919,8.0,,
3291,3.0,10,ICM-noSI,0.9,True,0.2873210036699748,0.00904626200099301,8.0,0.0,-0.3737987817528702
3291,3.0,10,ICM-noSI,0.95,True,0.23381652013706491,0.008189963000404532,8.0,,
3291,3.0,10,ICM-noSI,1.0,True,0.18058911386626939,0.00845171999935701,8.0,,
3291,3.0,10,ICM,0.7,True,0.5653550343672908,0.008464062000712147,8.0,,
3291,3.0,10,ICM,0.75,True,0.514982109213443,0.008549653000955004,8.0,,
3291,3.0,10,ICM,0.8,True,0.4646091902621389,0.008729651999601629,8.0,,
3291,3.0,10,ICM,0.85,True,0.41423628640238014,0.009161033000054886,8.0,,
3291,3.0,10,ICM,0.9,True,0.36386336779889245,0.008358474000488059,8.0,0.0,-0.38036729956157334
3291,3.0,10,ICM,0.95,True,0.3134904488503744,0.008403285000895266,8.0,,
3291,3.0,10,ICM,1.0,True,0.26311753164747015,0.00820723399920098,8.0,,
3308,3.0,10,DCM,0.7,True,0.4629649324900031,0.00912425800015626,8.0,,
3308,3.0,10,DCM,0.75,True,0.41548344719679875,0.008555473999876995,8.0,,
3308,3.0,10,DCM,0.8,True,0.36800196120981327,0.009016658001200994,8.0,,
3308,3.0,10,DCM,0.85,True,0.3205204736883437,0.008559756999602541,8.0,,
3308,3.0,10,DCM,0.9,True,0.2730389885952272,0.00876619600057893,8.0,0.0,-0.4026011584691117
3308,3.0,10,DCM,0.95,True,0.2255575024318784,0.008433062001131475,8.0,,
3308,3.0,10,DCM,1.0,True,0.17807601690079053,0.008292931001051329,8.0,,
3308,3.0,10,ICM-noSI,0.7,True,0.46296492566297515,0.008043947000260232,8.0,,
3308,3.0,10,ICM-noSI,0.75,True,0.41548344090488115,0.008415850999881513,8.0,,
3308,3.0,10,ICM-noSI,0.8,True,0.36800195548211456,0.008285003999844776,8.0,,
3308,3.0,10,ICM-noSI,0.85,True,0.32052046874586604,0.00832018000073731,8.0,,
3308,3.0,10,ICM-noSI,0.9,True,0.2730389841543322,0.008535737000784138,8.0,0.0,-0.4026500325244047
3308,3.0,10,ICM-noSI,0.95,True,0.2255574984564112,0.008610531000158517,8.0,,
3308,3.0,10,ICM-noSI,1.0,True,0.1780760134749545,0.008555704000173137,8.0,,
3308,3.0,10,ICM,0.7,True,0.47804968750020416,0.008100192000711104,8.0,,
3308,3.0,10,ICM,0.75,True,0.4257776633415274,0.00803505700059759,8.0,,
3308,3.0,10,ICM,0.8,True,0.373505639718937,0.008259406000433955,8.0,,
3308,3.0,10,ICM,0.85,True,0.32123360605037454,0.00912201999926765,8.0,,
3308,3.0,10,ICM,0.9,True,0.26896159330083164,0.009693893998701242,8.0,0.0,-0.3758336841416041
3308,3.0,10,ICM,0.95,True,0.21668956954114907,0.009530657000141218,8.0,,
3308,3.0,10,ICM,1.0,True,0.1644175457998777,0.00881577899963304,8.0,,
3325,3.0,10,DCM,0.7,True,0.4249385308684371,0.008761531000345713,8.0,,
3325,3.0,10,DCM,0.75,True,0.3734165816557194,0.00858202900053584,8.0,,
3325,3.0,10,DCM,0.8,True,0.32189463346346525,0.008452367999780108,8.0,,
3325,3.0,10,DCM,0.85,True,0.2703726844951801,0.008797757000138517,8.0,,
3325,3.0,10,DCM,0.9,True,0.21885073389747026,0.008834693999233423,8.0,0.0,-0.2749643693446854
3325,3.0,10,DCM,0.95,True,0.16825580392867714,0.009223308001310215,8.0,,
3325,3.0,10,DCM,1.0,True,0.12044949556275181,0.008871138001268264,8.0,,
3325,3.0,10,ICM-noSI,0.7,True,0.4266019564317071,0.009767692999957944,8.0,,
3325,3.0,10,ICM-noSI,0.75,True,0.3749425031431392,0.008966310000687372,8.0,,
3325,3.0,10,ICM-noSI,0.8,True,0.323283050349688,0.008550094999009161,8.0,,
3325,3.0,10,ICM-noSI,0.85,True,0.2716235967718285,0.008698906000063289,8.0,,
3325,3.0,10,ICM-noSI,0.9,True,0.21996414195614336,0.008690172000569873,8.0,0.0,-0.2757743212239062
3325,3.0,10,ICM-noSI,0.95,True,0.1690056198903048,0.008556942999348394,8.0,,
3325,3.0,10,ICM-noSI,1.0,True,0.12094417879702879,0.00872278699898743,8.0,,
3325,3.0,10,ICM,0.7,True,0.47797118433538716,0.00898424899969541,8.0,,
3325,3.0,10,ICM,0.75,True,0.42899090824036695,0.008835701000862173,8.0,,
3325,3.0,10,ICM,0.8,True,0.3800106488569935,0.008582426000430132,8.0,,
3325,3.0,10,ICM,0.85,True,0.33103037665698976,0.009011219999592868,8.0,,
3325,3.0,10,ICM,0.9,True,0.28205010519948776,0.008712496000953251,8.0,0.0,-0.3055985538865674
3325,3.0,10,ICM,0.95,True,0.23320196799322737,0.008918731999074225,8.0,,
3325,3.0,10,ICM,1.0,True,0.18451330504752655,0.00865792100012186,8.0,,
3342,3.0,10,DCM,0.7,True,0.5123368366614506,0.008035208000364946,8.0,,
3342,3.0,10,DCM,0.75,True,0.46319131435876293,0.008389181000893586,8.0,,
3342,3.0,10,DCM,0.8,True,0.414045787230847,0.008627548999356804,8.0,,
3342,3.0,10,DCM,0.85,True,0.36490025917527796,0.008629455000118469,8.0,,
3342,3.0,10,DCM,0.9,True,0.3157547280522138,0.009522137999738334,8.0,0.0,-0.12356701184409047
3342,3.0,10,DCM,0.95,True,0.26674095238622175,0.010345485001380439,8.0,,
3342,3.0,10,DCM,1.0,True,0.21776319497500604,0.009731837000799715,8.0,,
3342,3.0,10,ICM-noSI,0.7,True,0.5136310659774261,0.009744924000187893,8.0,,
3342,3.0,10,ICM-noSI,0.75,True,0.4645504580500055,0.009544938999169972,8.0,,
3342,3.0,10,ICM-noSI,0.8,True,0.4154698400761785,0.008871649999491638,8.0,,
3342,3.0,10,ICM-noSI,0.85,True,0.366389221014325,0.008435080999333877,8.0,,
3342,3.0,10,ICM-noSI,0.9,True,0.3173086010632085,0.008481389000735362,8.0,0.0,-0.12362407087148186
3342,3.0,10,ICM-noSI,0.95,True,0.26833562625735197,0.008348018000106094,8.0,,
3342,3.0,10,ICM-noSI,1.0,True,0.21939492041513842,0.00833835400044336,8.0,,
3342,3.0,10,ICM,0.7,True,0.524936375867519,0.00933257699944079,8.0,,
3342,3.0,10,ICM,0.75,True,0.47123060824406393,0.009759444001247175,8.0,,
3342,3.0,10,ICM,0.8,True,0.4175248404616267,0.010071356000480591,8.0,,
3342,3.0,10,ICM,0.85,True,0.3638190720662845,0.009764559999894118,8.0,,
3342,3.0,10,ICM,0.9,True,0.31011330348261407,0.009325050999905216,8.0,0.0,-0.26391186646508724
3342,3.0,10,ICM,0.95,True,0.256407541394758,0.008863046999977087,8.0,,
3342,3.0,10,ICM,1.0,True,0.2027410336827249,0.00854386799983331,8.0,,
3359,3.0,10,DCM,0.7,True,0.5152207004456565,0.008895470999050303,8.0,,
3359,3.0,10,DCM,0.75,True,0.4644710996873508,0.008778027999142068,8.0,,
3359,3.0,10,DCM,0.8,True,0.4137214844286133,0.008513905999279814,8.0,,
3359,3.0,10,DCM,0.85,True,0.36297189107686173,0.008607728001152282,8.0,,
3359,3.0,10,DCM,0.9,True,0.31222228596237267,0.008415095000600559,8.0,0.0,-0.29343047309408776
3359,3.0,10,DCM,0.95,True,0.26172956143503473,0.008366374000615906,8.0,,
3359,3.0,10,DCM,1.0,True,0.21284908183457726,0.00865941399933945,8.0,,
3359,3.0,10,ICM-noSI,0.7,True,0.5155522233224998,0.008738325001104386,8.0,,
3359,3.0,10,ICM-noSI,0.75,True,0.46478890635026354,0.009055028000148013,8.0,,
3359,3.0,10,ICM-noSI,0.8,True,0.4140255735955553,0.010813827999299974,8.0,,
3359,3.0,10,ICM-noSI,0.85,True,0.3632622657537917,0.009867719998510438,8.0,,
3359,3.0,10,ICM-noSI,0.9,True,0.31249894458714333,0.008899460999600706,8.0,0.0,-0.29343610006655174
3359,3.0,10,ICM-noSI,0.95,True,0.2620337131963337,0.008642044000225724,8.0,,
3359,3.0,10,ICM-noSI,1.0,True,0.21316065668052203,0.008491473001413397,8.0,,
3359,3.0,10,ICM,0.7,True,0.5119976368111296,0.008705819000169868,8.0,,
3359,3.0,10,ICM,0.75,True,0.46227287641406334,0.008742017998883966,8.0,,
3359,3.0,10,ICM,0.8,True,0.4125481050970531,0.009400606000781409,8.0,,
3359,3.0,10,ICM,0.85,True,0.36282333420971474,0.010519937000935897,8.0,,
3359,3.0,10,ICM,0.9,True,0.31309855591125246,0.009973604999686358,8.0,0.0,-0.29718062187101313
3359,3.0,10,ICM,0.95,True,0.2634534515794964,0.008875307999915094,8.0,,
3359,3.0,10,ICM,1.0,True,0.21392597934872032,0.009313554999607732,8.0,,
3376,3.0,10,DCM,0.7,True,0.5475162014640556,0.008837401999699068,8.0,,
3376,3.0,10,DCM,0.75,True,0.49713923253017905,0.008518996999555384,8.0,,
3376,3.0,10,DCM,0.8,True,0.4467622636315497,0.008927733999371412,8.0,,
3376,3.0,10,DCM,0.85,True,0.3963852941907886,0.008495034999214113,8.0,,
3376,3.0,10,DCM,0.9,True,0.3460083253185371,0.008535613998901681,8.0,0.0,-0.3801310778203014
3376,3.0,10,DCM,0.95,True,0.29563135546205477,0.008313457999975071,8.0,,
3376,3.0,10,DCM,1.0,True,0.2452543838611961,0.00809671199931472,8.0,,
3376,3.0,10,ICM-noSI,0.7,True,0.5480291167847068,0.008822915999189718,8.0,,
3376,3.0,10,ICM-noSI,0.75,True,0.4976888178257457,0.009030732999235624,8.0,,
3376,3.0,10,ICM-noSI,0.8,True,0.44734851886335286,0.0087274340003205,8.0,,
3376,3.0,10,ICM-noSI,0.85,True,0.3970082192147337,0.008605535998867708,8.0,,
3376,3.0,10,ICM-noSI,0.9,True,0.34666792047641537,0.008613173999037826,8.0,0.0,-0.380353724604924
3376,3.0,10,ICM-noSI,0.95,True,0.2963276203580225,0.008256756000264431,8.0,,
3376,3.0,10,ICM-noSI,1.0,True,0.24598731790710157,0.008107858999210293,8.0,,
3376,3.0,10,ICM,0.7,True,0.5382683933172749,0.008966192001025775,8.0,,
3376,3.0,10,ICM,0.75,True,0.4887559420941121,0.008621401000709739,8.0,,
3376,3.0,10,ICM,0.8,True,0.4392434907978805,0.008343845000126748,8.0,,
3376,3.0,10,ICM,0.85,True,0.3897310486179167,0.008504075000018929,8.0,,
3376,3.0,10,ICM,0.9,True,0.3402185990340749,0.00820139400093467,8.0,0.0,-0.3757087959201362
3376,3.0,10,ICM,0.95,True,0.2907061478983568,0.008838650999678066,8.0,,
3376,3.0,10,ICM,1.0,True,0.24119369066215204,0.00865107900062867,8.0,,
3393,3.0,10,DCM,0.7,True,0.40312703153143487,0.008749384000111604,8.0,,
3393,3.0,10,DCM,0.75,True,0.3494030610830857,0.008591355999669759,8.0,,
3393,3.0,10,DCM,0.8,True,0.2956790888890376,0.008649838999190251,8.0,,
3393,3.0,10,DCM,0.85,True,0.2419551175132976,0.00861275599891087,8.0,,
3393,3.0,10,DCM,0.9,True,0.18823114565615356,0.008475033999275183,8.0,0.0,-0.26870967046549143
3393,3.0,10,DCM,0.95,True,0.13504304592040367,0.008694127998751355,8.0,,
3393,3.0,10,DCM,1.0,True,0.08667473863428272,0.008123243000227376,8.0,,
3393,3.0,10,ICM-noSI,0.7,True,0.40211720187263633,0.008482864999677986,8.0,,
3393,3.0,10,ICM-noSI,0.75,True,0.3483637877462838,0.008308140000735875,8.0,,
3393,3.0,10,ICM-noSI,0.8,True,0.2946103717005323,0.008528330999979516,8.0,,
3393,3.0,10,ICM-noSI,0.85,True,0.24085695651972575,0.008208814000681741,8.0,,
3393,3.0,10,ICM-noSI,0.9,True,0.18710354075716418,0.008284797999294824,8.0,0.0,-0.2683492993109604
3393,3.0,10,ICM-noSI,0.95,True,0.1339516527952888,0.009619385999030783,8.0,,
3393,3.0,10,ICM-noSI,1.0,True,0.08560469965313378,0.010396806999779074,8.0,,
3393,3.0,10,ICM,0.7,True,0.5124065578348243,0.008196859000236145,8.0,,
3393,3.0,10,ICM,0.75,True,0.4587227617304295,0.008193670000764541,8.0,,
3393,3.0,10,ICM,0.8,True,0.4050389655991681,0.008280344000013429,8.0,,
3393,3.0,10,ICM,0.85,True,0.3513551774573855,0.009309402001235867,8.0,,
3393,3.0,10,ICM,0.9,True,0.2976713817327439,0.01002391000110947,8.0,0.0,-0.3033084208585948
3393,3.0,10,ICM,0.95,True,0.24398758635861778,0.00937332900139154,8.0,,
3393,3.0,10,ICM,1.0,True,0.19032951033861195,0.00887527800114185,8.0,,
4070,4.0,10,DCM,0.7,True,0.5285550202703054,0.008465310998872155,8.0,,
4070,4.0,10,DCM,0.75,True,0.4788717642952171,0.008613772999524372,8.0,,
4070,4.0,10,DCM,0.8,True,0.429188501566871,0.008538587999282754,8.0,,
4070,4.0,10,DCM,0.85,True,0.37950523593606994,0.008141038000758272,8.0,,
4070,4.0,10,DCM,0.9,True,0.32982197923097717,0.008116278000670718,8.0,0.0,-0.33000344016979277
4070,4.0,10,DCM,0.95,True,0.2802544712869754,0.008640050999019877,8.0,,
4070,4.0,10,DCM,1.0,True,0.2307478818902121,0.008692562998476205,8.0,,
4070,4.0,10,ICM-noSI,0.7,True,0.5291137181809652,0.008609417000116082,8.0,,
4070,4.0,10,ICM-noSI,0.75,True,0.47946457517940433,0.008608916999946814,8.0,,
4070,4.0,10,ICM-noSI,0.8,True,0.42981544380101255,0.008412177001446253,8.0,,
4070,4.0,10,ICM-noSI,0.85,True,0.3801662999812269,0.0086075270010042,8.0,,
4070,4.0,10,ICM-noSI,0.9,True,0.33051716172248036,0.008669707998706144,8.0,0.0,-0.32847046987412987
4070,4.0,10,ICM-noSI,0.95,True,0.28102210329728916,0.00822581799911859,8.0,,
4070,4.0,10,ICM-noSI,1.0,True,0.231610583875297,0.008628474000943243,8.0,,
4070,4.0,10,ICM,0.7,True,0.5313724457718236,0.008536417999494006,8.0,,
4070,4.0,10,ICM,0.75,True,0.4808251708113475,0.00853142500091053,8.0,,
4070,4.0,10,ICM,0.8,True,0.4302778909069376,0.00859039799979655,8.0,,
4070,4.0,10,ICM,0.85,True,0.3797306215709289,0.008522123000147985,8.0,,
4070,4.0,10,ICM,0.9,True,0.32918334397594884,0.008380936998946709,8.0,0.0,-0.3539680989639846
4070,4.0,10,ICM,0.95,True,0.27863606609384733,0.008127671000693226,8.0,,
4070,4.0,10,ICM,1.0,True,0.228088787961653,0.008257248000518302,8.0,,
4087,4.0,10,DCM,0.7,True,0.5169380205504529,0.009064226000191411,8.0,,
4087,4.0,10,DCM,0.75,True,0.4721048307259305,0.00996201599991764,8.0,,
4087,4.0,10,DCM,0.8,True,0.42727164503161086,0.010117323001395562,8.0,,
4087,4.0,10,DCM,0.85,True,0.3824384541888544,0.01016986400099995,8.0,,
4087,4.0,10,DCM,0.9,True,0.3376052633927092,0.009312599000622868,8.0,0.0,-0.47235206632098725
4087,4.0,10,DCM,0.95,True,0.29277207227488883,0.008797734999461682,8.0,,
4087,4.0,10,DCM,1.0,True,0.24793888043253645,0.008445344999927329,8.0,,
4087,4.0,10,ICM-noSI,0.7,True,0.5133490778663062,0.008889927999916836,8.0,,
4087,4.0,10,ICM-noSI,0.75,True,0.46857253056241227,0.008346647999132983,8.0,,
4087,4.0,10,ICM-noSI,0.8,True,0.42379598639704075,0.009029648999785422,8.0,,
4087,4.0,10,ICM-noSI,0.85,True,0.3790194383039462,0.00881420500081731,8.0,,
4087,4.0,10,ICM-noSI,0.9,True,0.33424289019976955,0.008505949001119006,8.0,0.0,-0.47141613190823206
4087,4.0,10,ICM-noSI,0.95,True,0.28946634194918924,0.008609092999904533,8.0,,
4087,4.0,10,ICM-noSI,1.0,True,0.24468979313274763,0.008664908998980536,8.0,,
4087,4.0,10,ICM,0.7,True,0.5079486192837377,0.008410723999986658,8.0,,
4087,4.0,10,ICM,0.75,True,0.46159040880399893,0.0081209600011789,8.0,,
4087,4.0,10,ICM,0.8,True,0.4152321982742732,0.008281568001621054,8.0,,
4087,4.0,10,ICM,0.85,True,0.3688739877187512,0.008266738999736845,8.0,,
4087,4.0,10,ICM,0.9,True,0.32251577635509104,0.008103031999780796,8.0,0.0,-0.46438604697952734
4087,4.0,10,ICM,0.95,True,0.27615756451499474,0.008808792001218535,8.0,,
4087,4.0,10,ICM,1.0,True,0.22979935184255906,0.008366226998987258,8.0,,
4104,4.0,10,DCM,0.7,True,0.4505008874767675,0.0085322980012279,8.0,,
4104,4.0,10,DCM,0.75,True,0.4015980470904897,0.008664040999065037,8.0,,
4104,4.0,10,DCM,0.8,True,0.35269520621177014,0.00840336299916089,8.0,,
4104,4.0,10,DCM,0.85,True,0.3037923639437307,0.008363034001376946,8.0,,
4104,4.0,10,DCM,0.9,True,0.2548895218346098,0.00820308800030034,8.0,0.0,-0.23263474864192535
4104,4.0,10,DCM,0.95,True,0.2064204455897661,0.009083856000870583,8.0,,
4104,4.0,10,DCM,1.0,True,0.16050628285373256,0.008564519999708864,8.0,,
4104,4.0,10,ICM-noSI,0.7,True,0.45287352916431106,0.008125844000460347,8.0,,
4104,4.0,10,ICM-noSI,0.75,True,0.40395328541541203,0.008000517000255059,8.0,,
4104,4.0,10,ICM-noSI,0.8,True,0.35503304062461094,0.008165658999132575,8.0,,
4104,4.0,10,ICM-noSI,0.85,True,0.30611279567511074,0.00836805499966431,8.0,,
4104,4.0,10,ICM-noSI,0.9,True,0.25719255082442555,0.008063238999966416,8.0,0.0,-0.2344850343463396
4104,4.0,10,ICM-noSI,0.95,True,0.2086655589910284,0.00865076900117856,8.0,,
4104,4.0,10,ICM-noSI,1.0,True,0.16247512904446562,0.008619058000476798,8.0,,
4104,4.0,10,ICM,0.7,True,0.5129494029907143,0.008707729999514413,8.0,,
4104,4.0,10,ICM,0.75,True,0.46189949862127094,0.008607998001025408,8.0,,
4104,4.0,10,ICM,0.8,True,0.41084959347327754,0.008669374999954016,8.0,,
4104,4.0,10,ICM,0.85,True,0.35979968757033276,0.008597858999564778,8.0,,
4104,4.0,10,ICM,0.9,True,0.3087497809485939,0.008590999999796622,8.0,0.0,-0.27296244351965526
4104,4.0,10,ICM,0.95,True,0.2576998821837399,0.008634372999949846,8.0,,
4104,4.0,10,ICM,1.0,True,0.2066499772005948,0.008418502999120392,8.0,,
4121,4.0,10,DCM,0.7,True,0.7067939944163397,0.00871328199900745,8.0,,
4121,4.0,10,DCM,0.75,True,0.656063009183435,0.008240433999162633,8.0,,
4121,4.0,10,DCM,0.8,True,0.6053320238664444,0.00813209099942469,8.0,,
4121,4.0,10,DCM,0.85,True,0.5546010384205019,0.008455162000245764,8.0,,
4121,4.0,10,DCM,0.9,True,0.5038700529121735,0.008664483999382355,8.0,0.0,-0.5061639880217671
4121,4.0,10,DCM,0.95,True,0.453139067457332,0.008590653998908238,8.0,,
4121,4.0,10,DCM,1.0,True,0.40240808197198197,0.00859685300019919,8.0,,
4121,4.0,10,ICM-noSI,0.7,True,0.7067939947142642,0.008551307999368873,8.0,,
4121,4.0,10,ICM-noSI,0.75,True,0.6560630095033853,0.008047080000324058,8.0,,
4121,4.0,10,ICM-noSI,0.8,True,0.6053320242240553,0.008085858999038464,8.0,,
4121,4.0,10,ICM-noSI,0.85,True,0.5546010388226855,0.008539806000044337,8.0,,
4121,4.0,10,ICM-noSI,0.9,True,0.5038700533868486,0.008626054999695043,8.0,0.0,-0.506008814237107
4121,4.0,10,ICM-noSI,0.95,True,0.4531390679718753,0.008517152000422357,8.0,,
4121,4.0,10,ICM-noSI,1.0,True,0.4024080825447235,0.008605772000009893,8.0,,
4121,4.0,10,ICM,0.7,True,0.5590515452770195,0.0084555889989133,8.0,,
4121,4.0,10,ICM,0.75,True,0.5058701275637281,0.008784874999037129,8.0,,
4121,4.0,10,ICM,0.8,True,0.45268870865393285,0.00900328700117825,8.0,,
4121,4.0,10,ICM,0.85,True,0.3995072900388627,0.008936346999689704,8.0,,
4121,4.0,10,ICM,0.9,True,0.3463258814837295,0.008649605999380583,8.0,0.0,-0.39873852386771536
4121,4.0,10,ICM,0.95,True,0.2931444631384231,0.00841053899966937,8.0,,
4121,4.0,10,ICM,1.0,True,0.23998030167561749,0.008430292999037192,8.0,,
4138,4.0,10,DCM,0.7,True,0.4923283247726142,0.008749868000450078,8.0,,
4138,4.0,10,DCM,0.75,True,0.4474919270273502,0.008796474001428578,8.0,,
4138,4.0,10,DCM,0.8,True,0.402655528668391,0.008529937000275822,8.0,,
4138,4.0,10,DCM,0.85,True,0.3578191299836171,0.008836228000291158,8.0,,
4138,4.0,10,DCM,0.9,True,0.3129827339016174,0.008919775000322261,8.0,0.0,-0.30474970490880293
4138,4.0,10,DCM,0.95,True,0.2690704513118973,0.008630388001620304,8.0,,
4138,4.0,10,DCM,1.0,True,0.2255675936514123,0.008928133000154048,8.0,,
4138,4.0,10,ICM-noSI,0.7,True,0.49233525742983214,0.010125374999915948,8.0,,
4138,4.0,10,ICM-noSI,0.75,True,0.4465323055382238,0.008881625999492826,8.0,,
4138,4.0,10,ICM-noSI,0.8,True,0.4007293535319561,0.008399368000027607,8.0,,
4138,4.0,10,ICM-noSI,0.85,True,0.3549264015402527,0.008099239001239766,8.0,,
4138,4.0,10,ICM-noSI,0.9,True,0.3091234486050152,0.008548048999728053,8.0,0.0,-0.30258460075929694
4138,4.0,10,ICM-noSI,0.95,True,0.26478408673908455,0.008151007001288235,8.0,,
4138,4.0,10,ICM-noSI,1.0,True,0.22089026920361457,0.008535281000149553,8.0,,
4138,4.0,10,ICM,0.7,True,0.541957249694013,0.008817272000669618,8.0,,
4138,4.0,10,ICM,0.75,True,0.4923732725136625,0.008360342999367276,8.0,,
4138,4.0,10,ICM,0.8,True,0.4427892958907888,0.00813739700060978,8.0,,
4138,4.0,10,ICM,0.85,True,0.3932053322697187,0.008378041999094421,8.0,,
4138,4.0,10,ICM,0.9,True,0.34362135709381264,0.008343302999492153,8.0,0.0,-0.31349361931455555
4138,4.0,10,ICM,0.95,True,0.2940740959863,0.00819077300002391,8.0,,
4138,4.0,10,ICM,1.0,True,0.2446374537728277,0.008499708999806899,8.0,,
4155,4.0,10,DCM,0.7,True,0.4745875027739703,0.00956395200046245,8.0,,
4155,4.0,10,DCM,0.75,True,0.42675516815767767,0.008715866999409627,8.0,,
4155,4.0,10,DCM,0.8,True,0.3789228335158626,0.00866353699893807,8.0,,
4155,4.0,10,DCM,0.85,True,0.33109049886653347,0.008571144000597997,8.0,,
4155,4.0,10,DCM,0.9,True,0.28325816408049015,0.008707364000656526,8.0,0.0,-0.33686390499608365
4155,4.0,10,DCM,0.95,True,0.23542582794191558,0.008604557000580826,8.0,,
4155,4.0,10,DCM,1.0,True,0.18759349029108785,0.008485041998937959,8.0,,
4155,4.0,10,ICM-noSI,0.7,True,0.47458750729296917,0.008928552000725176,8.0,,
4155,4.0,10,ICM-noSI,0.75,True,0.4267551727941128,0.008678894999320619,8.0,,
4155,4.0,10,ICM-noSI,0.8,True,0.37892283826826495,0.008721768999748747,8.0,,
4155,4.0,10,ICM-noSI,0.85,True,0.33109050373494764,0.008697748000486172,8.0,,
4155,4.0,10,ICM-noSI,0.9,True,0.28325816906113876,0.00813294500039774,8.0,0.0,-0.3368639086715476
4155,4.0,10,ICM-noSI,0.95,True,0.23542583302755343,0.008699218999026925,8.0,,
4155,4.0,10,ICM-noSI,1.0,True,0.1875934954889482,0.008374299999559298,8.0,,
4155,4.0,10,ICM,0.7,True,0.4188411792892294,0.008922929999243934,8.0,,
4155,4.0,10,ICM,0.75,True,0.36473090707840644,0.009217614999215584,8.0,,
4155,4.0,10,ICM,0.8,True,0.3106206306099142,0.008976828001323156,8.0,,
4155,4.0,10,ICM,0.85,True,0.2565103553885985,0.008617361001597601,8.0,,
4155,4.0,10,ICM,0.9,True,0.20240008246512212,0.008502173999659135,8.0,0.0,-0.2762401937678777
4155,4.0,10,ICM,0.95,True,0.14828981923291076,0.0084764589992119,8.0,,
4155,4.0,10,ICM,1.0,True,0.09417954514579793,0.008253485000750516,8.0,,
4172,4.0,10,DCM,0.7,True,0.3947830213119185,0.008040222999625257,8.0,,
4172,4.0,10,DCM,0.75,True,0.34732494385741464,0.008075139998254599,8.0,,
4172,4.0,10,DCM,0.8,True,0.2998668658837428,0.008547753001039382,8.0,,
4172,4.0,10,DCM,0.85,True,0.2524087832459863,0.008784386998740956,8.0,,
4172,4.0,10,DCM,0.9,True,0.20692616935296848,0.008441727999525028,8.0,0.0,-0.3431027870079627
4172,4.0,10,DCM,0.95,True,0.16300323551486426,0.008315863999087014,8.0,,
4172,4.0,10,DCM,1.0,True,0.11908029886269828,0.008734593000554014,8.0,,
4172,4.0,10,ICM-noSI,0.7,True,0.3946570693343098,0.008866679001584998,8.0,,
4172,4.0,10,ICM-noSI,0.75,True,0.3476290008081534,0.008634981999421143,8.0,,
4172,4.0,10,ICM-noSI,0.8,True,0.3006009317991209,0.008390529999815044,8.0,,
4172,4.0,10,ICM-noSI,0.85,True,0.2535728556191302,0.008729000999665004,8.0,,
4172,4.0,10,ICM-noSI,0.9,True,0.2085374371799596,0.009961682999346522,8.0,0.0,-0.3427659914029838
4172,4.0,10,ICM-noSI,0.95,True,0.1653369343071884,0.009398539001267636,8.0,,
4172,4.0,10,ICM-noSI,1.0,True,0.1221364286981419,0.00926858500133676,8.0,,
4172,4.0,10,ICM,0.7,True,0.4811854243494994,0.008401638999202987,8.0,,
4172,4.0,10,ICM,0.75,True,0.4329364089477542,0.008374564000405371,8.0,,
4172,4.0,10,ICM,0.8,True,0.3846873932825548,0.00805543100068462,8.0,,
4172,4.0,10,ICM,0.85,True,0.336438377988301,0.008309155000461033,8.0,,
4172,4.0,10,ICM,0.9,True,0.28818936338818757,0.00836596100089082,8.0,0.0,-0.42494104419671386
4172,4.0,10,ICM,0.95,True,0.23994034788041455,0.00815832400076033,8.0,,
4172,4.0,10,ICM,1.0,True,0.19169133243883668,0.008656277999762096,8.0,,
4189,4.0,10,DCM,0.7,True,0.47299829542638056,0.010719762000007904,8.0,,
4189,4.0,10,DCM,0.75,True,0.4219602884307513,0.01070612399962556,8.0,,
4189,4.0,10,DCM,0.8,True,0.37092228086430434,0.010317737000150373,8.0,,
4189,4.0,10,DCM,0.85,True,0.31988426920947854,0.009317874999396736,8.0,,
4189,4.0,10,DCM,0.9,True,0.2688462567321476,0.008770892000029562,8.0,0.0,-0.3476553744337596
4189,4.0,10,DCM,0.95,True,0.21924798401545134,0.008653228998809936,8.0,,
4189,4.0,10,DCM,1.0,True,0.17112436512942777,0.008497286999045173,8.0,,
4189,4.0,10,ICM-noSI,0.7,True,0.4721979909851136,0.00860557499981951,8.0,,
4189,4.0,10,ICM-noSI,0.75,True,0.4211558312357469,0.008634018999146065,8.0,,
4189,4.0,10,ICM-noSI,0.8,True,0.37011367077859353,0.008400925999012543,8.0,,
4189,4.0,10,ICM-noSI,0.85,True,0.31907150642929816,0.00862395900003321,8.0,,
4189,4.0,10,ICM-noSI,0.9,True,0.2680293413570962,0.008786299998973846,8.0,0.0,-0.346937146976784
4189,4.0,10,ICM-noSI,0.95,True,0.21844501411595382,0.008551590999559266,8.0,,
4189,4.0,10,ICM-noSI,1.0,True,0.1703284576161048,0.008608279000327457,8.0,,
4189,4.0,10,ICM,0.7,True,0.45762952512176275,0.009829606000494095,8.0,,
4189,4.0,10,ICM,0.75,True,0.40758353903931166,0.009078188000785303,8.0,,
4189,4.0,10,ICM,0.8,True,0.3575375446734906,0.008702340999661828,8.0,,
4189,4.0,10,ICM,0.85,True,0.3074915747972858,0.008589009999923292,8.0,,
4189,4.0,10,ICM,0.9,True,0.25744558978573584,0.008618570998805808,8.0,0.0,-0.32079245190090366
4189,4.0,10,ICM,0.95,True,0.20744323435997972,0.008198786999855656,8.0,,
4189,4.0,10,ICM,1.0,True,0.15754725224195726,0.008491061998938676,8.0,,
4206,4.0,10,DCM,0.7,True,0.4367219546766022,0.015921757001706283,8.0,,
4206,4.0,10,DCM,0.75,True,0.38649632760071023,0.018844828999135643,8.0,,
4206,4.0,10,DCM,0.8,True,0.33627069161323814,0.017095367998990696,8.0,,
4206,4.0,10,DCM,0.85,True,0.28604505561272014,0.013429933000224992,8.0,,
4206,4.0,10,DCM,0.9,True,0.23581941981084018,0.010436112001116271,8.0,0.0,-0.20594381108936088
4206,4.0,10,DCM,0.95,True,0.18559378459118012,0.008667695999974967,8.0,,
4206,4.0,10,DCM,1.0,True,0.14018428045748535,0.008595191999120289,8.0,,
4206,4.0,10,ICM-noSI,0.7,True,0.4459544371386995,0.010471047999089933,8.0,,
4206,4.0,10,ICM-noSI,0.75,True,0.39490010058587166,0.010105671999554033,8.0,,
4206,4.0,10,ICM-noSI,0.8,True,0.343845763666254,0.009932920000210288,8.0,,
4206,4.0,10,ICM-noSI,0.85,True,0.2927914272537691,0.008842135001032148,8.0,,
4206,4.0,10,ICM-noSI,0.9,True,0.24173709141460079,0.0083978090005985,8.0,0.0,-0.21087052207340629
4206,4.0,10,ICM-noSI,0.95,True,0.19068274666530743,0.008412420000240672,8.0,,
4206,4.0,10,ICM-noSI,1.0,True,0.1433887191767757,0.009357525999803329,8.0,,
4206,4.0,10,ICM,0.7,True,0.48964359891327597,0.008497381999404752,8.0,,
4206,4.0,10,ICM,0.75,True,0.4399217834522323,0.008311657000376727,8.0,,
4206,4.0,10,ICM,0.8,True,0.390199964374481,0.008522746000380721,8.0,,
4206,4.0,10,ICM,0.85,True,0.3404781623728592,0.008361827000044286,8.0,,
4206,4.0,10,ICM,0.9,True,0.2907563473466199,0.008156616999258404,8.0,0.0,-0.24901626987239855
4206,4.0,10,ICM,0.95,True,0.24103453271067468,0.008845450000080746,8.0,,
4206,4.0,10,ICM,1.0,True,0.19135769322860277,0.008767887000431074,8.0,,
4223,4.0,10,DCM,0.7,True,0.5678578184387122,0.008395983999434975,8.0,,
4223,4.0,10,DCM,0.75,True,0.5220792357147224,0.008047854998949333,8.0,,
4223,4.0,10,DCM,0.8,True,0.47630065388820286,0.008051212000282248,8.0,,
4223,4.0,10,DCM,0.85,True,0.4305220691648895,0.008275899001091602,8.0,,
4223,4.0,10,DCM,0.9,True,0.3847434844804381,0.00826699900062522,8.0,0.0,-0.41380260948599545
4223,4.0,10,DCM,0.95,True,0.3389648998308566,0.008122401999571593,8.0,,
4223,4.0,10,DCM,1.0,True,0.29318631518713795,0.00874741599909612,8.0,,
4223,4.0,10,ICM-noSI,0.7,True,0.5678578189780621,0.008428164999713772,8.0,,
4223,4.0,10,ICM-noSI,0.75,True,0.5220792373039528,0.008482760998958838,8.0,,
4223,4.0,10,ICM-noSI,0.8,True,0.4763006557005061,0.008770722999543068,8.0,,
4223,4.0,10,ICM-noSI,0.85,True,0.43052207103044254,0.00946854500034533,8.0,,
4223,4.0,10,ICM-noSI,0.9,True,0.3847434864103142,0.01019464099954348,8.0,0.0,-0.4143120179031269
4223,4.0,10,ICM-noSI,0.95,True,0.33896490182027184,0.008926688999054022,8.0,,
4223,4.0,10,ICM-noSI,1.0,True,0.2931863172120147,0.009012114998768084,8.0,,
4223,4.0,10,ICM,0.7,True,0.5888941601736148,0.013414975001069251,8.0,,
4223,4.0,10,ICM,0.75,True,0.540492290221195,0.013939488999312744,8.0,,
4223,4.0,10,ICM,0.8,True,0.4920904244091766,0.014877236999382148,8.0,,
4223,4.0,10,ICM,0.85,True,0.4436885545914167,0.014783147000343888,8.0,,
4223,4.0,10,ICM,0.9,True,0.3952866847828499,0.014755920999959926,8.0,0.0,-0.23115662032135764
4223,4.0,10,ICM,0.95,True,0.34688481442259617,0.015018065998447128,8.0,,
4223,4.0,10,ICM,1.0,True,0.2985058265668471,0.0150502830001642,8.0,,
4240,4.0,10,DCM,0.7,True,0.6163484165378967,0.013505942999472609,8.0,,
4240,4.0,10,DCM,0.75,True,0.5641217509135884,0.013357210000322084,8.0,,
4240,4.0,10,DCM,0.8,True,0.5118950847985148,0.012591235999934725,8.0,,
4240,4.0,10,DCM,0.85,True,0.4596684188798751,0.011868281000715797,8.0,,
4240,4.0,10,DCM,0.9,True,0.4074417513778762,0.013068366999505088,8.0,0.0,-0.4431646851835792
4240,4.0,10,DCM,0.95,True,0.3552150841103352,0.018495708000045852,8.0,,
4240,4.0,10,DCM,1.0,True,0.30298842555414573,0.018126381999536534,8.0,,
4240,4.0,10,ICM-noSI,0.7,True,0.6136563650427027,0.008140772000842844,8.0,,
4240,4.0,10,ICM-noSI,0.75,True,0.5613550278749362,0.008235249000790645,8.0,,
4240,4.0,10,ICM-noSI,0.8,True,0.5090536835489228,0.008098836999124615,8.0,,
4240,4.0,10,ICM-noSI,0.85,True,0.4567523647180868,0.008144544999595382,8.0,,
4240,4.0,10,ICM-noSI,0.9,True,0.4044510306161835,0.008527829000740894,8.0,0.0,-0.44090501181831265
4240,4.0,10,ICM-noSI,0.95,True,0.35214969650391004,0.008548238000003039,8.0,,
4240,4.0,10,ICM-noSI,1.0,True,0.299848361777443,0.00865010100096697,8.0,,
4240,4.0,10,ICM,0.7,True,0.6113781145416153,0.008221047999541042,8.0,,
4240,4.0,10,ICM,0.75,True,0.5581761433773003,0.008487309998599812,8.0,,
4240,4.0,10,ICM,0.8,True,0.5049741606967935,0.00812426599986793,8.0,,
4240,4.0,10,ICM,0.85,True,0.45177220188061473,0.008173550999345025,8.0,,
4240,4.0,10,ICM,0.9,True,0.39857022995495783,0.008755976999964332,8.0,0.0,-0.31573761857317395
4240,4.0,10,ICM,0.95,True,0.34536825643357283,0.010000352000133717,8.0,,
4240,4.0,10,ICM,1.0,True,0.29216628541450246,0.009824434000620386,8.0,,
4257,4.0,10,DCM,0.7,True,0.5875194208449819,0.008361983000213513,8.0,,
4257,4.0,10,DCM,0.75,True,0.536020422143925,0.008220415000323555,8.0,,
4257,4.0,10,DCM,0.8,True,0.48452142307092233,0.008260230999439955,8.0,,
4257,4.0,10,DCM,0.85,True,0.4330224220539186,0.008121856999423471,8.0,,
4257,4.0,10,DCM,0.9,True,0.38152343436816766,0.008235665000029257,8.0,0.0,-0.17371085118296947
4257,4.0,10,DCM,0.95,True,0.33002443561242467,0.008613278001575964,8.0,,
4257,4.0,10,DCM,1.0,True,0.27923368469100873,0.008769557998675737,8.0,,
4257,4.0,10,ICM-noSI,0.7,True,0.594457239055945,0.010751632999017602,8.0,,
4257,4.0,10,ICM-noSI,0.75,True,0.5432891603942562,0.011412264000682626,8.0,,
4257,4.0,10,ICM-noSI,0.8,True,0.4921210826051427,0.011010152000380913,8.0,,
4257,4.0,10,ICM-noSI,0.85,True,0.440953002494227,0.011075626000092598,8.0,,
4257,4.0,10,ICM-noSI,0.9,True,0.38978493583946555,0.011536349999005324,8.0,0.0,-0.19482132139944108
4257,4.0,10,ICM-noSI,0.95,True,0.3386168584116607,0.01180982900041272,8.0,,
4257,4.0,10,ICM-noSI,1.0,True,0.2876379968628365,0.011076525999669684,8.0,,
4257,4.0,10,ICM,0.7,True,0.5298486032079631,0.01221223600077792,8.0,,
4257,4.0,10,ICM,0.75,True,0.477971323765147,0.011606303000007756,8.0,,
4257,4.0,10,ICM,0.8,True,0.42609404204884205,0.013048029999481514,8.0,,
4257,4.0,10,ICM,0.85,True,0.3742167582210237,0.011217454999496113,8.0,,
4257,4.0,10,ICM,0.9,True,0.3223394825301348,0.009944941999492585,8.0,0.0,-0.2062956871098156
4257,4.0,10,ICM,0.95,True,0.27046220922992764,0.008808979000605177,8.0,,
4257,4.0,10,ICM,1.0,True,0.21858550214457675,0.008905738999601454,8.0,,
4274,4.0,10,DCM,0.7,True,0.1977556898087244,0.008632138999018935,8.0,,
4274,4.0,10,DCM,0.75,True,0.14577325374425698,0.009830372000578791,8.0,,
4274,4.0,10,DCM,0.8,True,0.09400038432067938,0.010715915001128451,8.0,,
4274,4.0,10,DCM,0.85,True,0.04815333791688223,0.0107892060004815,8.0,,
4274,4.0,10,DCM,0.9,True,0.003670434648711591,0.010585044999970705,8.0,0.0,-0.18933845166438157
4274,4.0,10,DCM,0.95,True,0.0,0.008787036000285298,8.0,,
4274,4.0,10,DCM,1.0,True,8.658235443098911e-11,0.008501061998686055,8.0,,
4274,4.0,10,ICM-noSI,0.7,True,0.1951123006666085,0.008593687000029604,8.0,,
4274,4.0,10,ICM-noSI,0.75,True,0.14309009756551655,0.00822616199911863,8.0,,
4274,4.0,10,ICM-noSI,0.8,True,0.09121610109792123,0.008428297000136808,8.0,,
4274,4.0,10,ICM-noSI,0.85,True,0.04383351555202318,0.008427548000327079,8.0,,
4274,4.0,10,ICM-noSI,0.9,True,0.0,0.008065829999395646,8.0,0.0,-0.1865719513429408
4274,4.0,10,ICM-noSI,0.95,True,0.0,0.008997560000352678,8.0,,
4274,4.0,10,ICM-noSI,1.0,True,8.722751794404934e-11,0.008723103001102572,8.0,,
4274,4.0,10,ICM,0.7,True,0.5194686352697679,0.00891645400042762,8.0,,
4274,4.0,10,ICM,0.75,True,0.4702710028806507,0.009357431999887922,8.0,,
4274,4.0,10,ICM,0.8,True,0.4210733608407103,0.008772215000135475,8.0,,
4274,4.0,10,ICM,0.85,True,0.37187574212737345,0.008832797999275499,8.0,,
4274,4.0,10,ICM,0.9,True,0.32267810550310994,0.008461957000690745,8.0,0.0,-0.3594993965094486
4274,4.0,10,ICM,0.95,True,0.27351040237987545,0.008443544000328984,8.0,,
4274,4.0,10,ICM,1.0,True,0.22445365167033374,0.008691908999026055,8.0,,
4291,4.0,10,DCM,0.7,True,0.4501039880555014,0.011982485999396886,8.0,,
4291,4.0,10,DCM,0.75,True,0.4028846455082346,0.0125636510001641,8.0,,
4291,4.0,10,DCM,0.8,True,0.3556653022677818,0.011775208000472048,8.0,,
4291,4.0,10,DCM,0.85,True,0.308445958940983,0.011634574000709108,8.0,,
4291,4.0,10,DCM,0.9,True,0.2620816139259988,0.01190352800040273,8.0,0.0,-0.28007336084608414
4291,4.0,10,DCM,0.95,True,0.21902001611024252,0.011609598001086852,8.0,,
4291,4.0,10,DCM,1.0,True,0.17595841908142656,0.011564448999706656,8.0,,
4291,4.0,10,ICM-noSI,0.7,True,0.45236893593584765,0.008181672001228435,8.0,,
4291,4.0,10,ICM-noSI,0.75,True,0.4049446730065013,0.008656001000417746,8.0,,
4291,4.0,10,ICM-noSI,0.8,True,0.35752040777099947,0.008569685000111349,8.0,,
4291,4.0,10,ICM-noSI,0.85,True,0.31009615811181096,0.008452742998997564,8.0,,
4291,4.0,10,ICM-noSI,0.9,True,0.26273781972427596,0.008612940999228158,8.0,0.0,-0.2803378691971682
4291,4.0,10,ICM-noSI,0.95,True,0.2190466870549529,0.008089261998975417,8.0,,
4291,4.0,10,ICM-noSI,1.0,True,0.17535555589059895,0.008284045999971568,8.0,,
4291,4.0,10,ICM,0.7,True,0.5573306004529189,0.008545557999241282,8.0,,
4291,4.0,10,ICM,0.75,True,0.5070992658915112,0.008620157999757794,8.0,,
4291,4.0,10,ICM,0.8,True,0.4568679312859264,0.00818132600034005,8.0,,
4291,4.0,10,ICM,0.85,True,0.4066365965750181,0.008072123000602005,8.0,,
4291,4.0,10,ICM,0.9,True,0.35640526167781106,0.008493762999933097,8.0,0.0,-0.34936288284833006
4291,4.0,10,ICM,0.95,True,0.30617392825157475,0.00823365699943679,8.0,,
4291,4.0,10,ICM,1.0,True,0.2559425936253686,0.008201648999602185,8.0,,
4308,4.0,10,DCM,0.7,True,0.47702339671858357,0.008275021000372362,8.0,,
4308,4.0,10,DCM,0.75,True,0.42957788647100015,0.008142611999574001,8.0,,
4308,4.0,10,DCM,0.8,True,0.38213236697031977,0.008642378999866196,8.0,,
4308,4.0,10,DCM,0.85,True,0.3346868471430225,0.008329270998729044,8.0,,
4308,4.0,10,DCM,0.9,True,0.292214449565388,0.008275121999758994,8.0,0.0,-0.37470744525546884
4308,4.0,10,DCM,0.95,True,0.25227089404761316,0.008306764000735711,8.0,,
4308,4.0,10,DCM,1.0,True,0.21232733997129657,0.008398675001444644,8.0,,
4308,4.0,10,ICM-noSI,0.7,True,0.4778797200490494,0.009728847000587848,8.0,,
4308,4.0,10,ICM-noSI,0.75,True,0.4300343276829449,0.010149165998882381,8.0,,
4308,4.0,10,ICM-noSI,0.8,True,0.3821889241131678,0.009904366999762715,8.0,,
4308,4.0,10,ICM-noSI,0.85,True,0.3343435197543049,0.008780922000369173,8.0,,
4308,4.0,10,ICM-noSI,0.9,True,0.2924828865184653,0.008557479999581119,8.0,0.0,-0.3749259003271159
4308,4.0,10,ICM-noSI,0.95,True,0.25255935316373146,0.008265887998277321,8.0,,
4308,4.0,10,ICM-noSI,1.0,True,0.21263582240723816,0.008103709998977138,8.0,,
4308,4.0,10,ICM,0.7,True,0.5353412858977072,0.009091423000427312,8.0,,
4308,4.0,10,ICM,0.75,True,0.4861790447604739,0.00871610700050951,8.0,,
4308,4.0,10,ICM,0.8,True,0.43701680340829924,0.008627995001006639,8.0,,
4308,4.0,10,ICM,0.85,True,0.387854561502227,0.00864877899948624,8.0,,
4308,4.0,10,ICM,0.9,True,0.3386923150906049,0.009069993000593968,8.0,0.0,-0.3428429103704317
4308,4.0,10,ICM,0.95,True,0.28953008366264954,0.008604583999840543,8.0,,
4308,4.0,10,ICM,1.0,True,0.24050814003925522,0.008912340001188568,8.0,,
4325,4.0,10,DCM,0.7,True,0.6953615417638073,0.008605110999269527,8.0,,
4325,4.0,10,DCM,0.75,True,0.6470916436661649,0.008351966000191169,8.0,,
4325,4.0,10,DCM,0.8,True,0.5988217454951728,0.00857214699863107,8.0,,
4325,4.0,10,DCM,0.85,True,0.550551847425199,0.008584373001212953,8.0,,
4325,4.0,10,DCM,0.9,True,0.5022819511758971,0.00896732999899541,8.0,0.0,-0.4799705077387867
4325,4.0,10,DCM,0.95,True,0.45401205180404974,0.008639771998787182,8.0,,
4325,4.0,10,DCM,1.0,True,0.40574215294792343,0.008398756001042784,8.0,,
4325,4.0,10,ICM-noSI,0.7,True,0.6857599195471447,0.008592771000621724,8.0,,
4325,4.0,10,ICM-noSI,0.75,True,0.6384397964364118,0.008763101999647915,8.0,,
4325,4.0,10,ICM-noSI,0.8,True,0.5911196737636581,0.008993235000161803,8.0,,
4325,4.0,10,ICM-noSI,0.85,True,0.5437995536057392,0.008503019998897798,8.0,,
4325,4.0,10,ICM-noSI,0.9,True,0.49647944330664834,0.008099495000351453,8.0,0.0,-0.47625016015672605
4325,4.0,10,ICM-noSI,0.95,True,0.44915932141414266,0.008576967000408331,8.0,,
4325,4.0,10,ICM-noSI,1.0,True,0.4018391994117271,0.008619603999250103,8.0,,
4325,4.0,10,ICM,0.7,True,0.6106116896370202,0.008283912000479177,8.0,,
4325,4.0,10,ICM,0.75,True,0.5634199006234505,0.008482675000777817,8.0,,
4325,4.0,10,ICM,0.8,True,0.5162280992058578,0.008102521998807788,8.0,,
4325,4.0,10,ICM,0.85,True,0.46903632371920756,0.008632201999716926,8.0,,
4325,4.0,10,ICM,0.9,True,0.42184453472067357,0.008204295998439193,8.0,0.0,-0.41998527084864745
4325,4.0,10,ICM,0.95,True,0.374652745962433,0.00824966999971366,8.0,,
4325,4.0,10,ICM,1.0,True,0.32746095719428425,0.008507876000294345,8.0,,
4342,4.0,10,DCM,0.7,True,0.4938614511518318,0.008290239000416477,8.0,,
4342,4.0,10,DCM,0.75,True,0.4450549354606801,0.008592273999965983,8.0,,
4342,4.0,10,DCM,0.8,True,0.39624842500552765,0.008534051001333864,8.0,,
4342,4.0,10,DCM,0.85,True,0.34744190786217766,0.008742599999095546,8.0,,
4342,4.0,10,DCM,0.9,True,0.29863539258562993,0.009730805999424774,8.0,0.0,-0.35780931562558094
4342,4.0,10,DCM,0.95,True,0.24982886483373706,0.008595117998993373,8.0,,
4342,4.0,10,DCM,1.0,True,0.20388908387133028,0.00907291899966367,8.0,,
4342,4.0,10,ICM-noSI,0.7,True,0.49382736030204616,0.013852637999661965,8.0,,
4342,4.0,10,ICM-noSI,0.75,True,0.4450239866548491,0.012355938000837341,8.0,,
4342,4.0,10,ICM-noSI,0.8,True,0.3962206184353942,0.012278587000764674,8.0,,
4342,4.0,10,ICM-noSI,0.85,True,0.34741724302597954,0.011144079999212408,8.0,,
4342,4.0,10,ICM-noSI,0.9,True,0.29861387006224444,0.010062896999443183,8.0,0.0,-0.3577683294255999
4342,4.0,10,ICM-noSI,0.95,True,0.24981048427836436,0.009261106000849395,8.0,,
4342,4.0,10,ICM-noSI,1.0,True,0.2038890759223439,0.010897808999288827,8.0,,
4342,4.0,10,ICM,0.7,True,0.5046775662980034,0.008662363999974332,8.0,,
4342,4.0,10,ICM,0.75,True,0.4580102528418005,0.008653009999761707,8.0,,
4342,4.0,10,ICM,0.8,True,0.4113429303036919,0.008632186998511315,8.0,,
4342,4.0,10,ICM,0.85,True,0.3646756078319982,0.008559605999835185,8.0,,
4342,4.0,10,ICM,0.9,True,0.31800828521541386,0.008814531000098214,8.0,0.0,-0.34620794435731117
4342,4.0,10,ICM,0.95,True,0.2713409615451565,0.008097044001260656,8.0,,
4342,4.0,10,ICM,1.0,True,0.22471312606276764,0.00826118300028611,8.0,,
4359,4.0,10,DCM,0.7,True,0.5994606800438845,0.008539807000488508,8.0,,
4359,4.0,10,DCM,0.75,True,0.5497345507992509,0.008487551000143867,8.0,,
4359,4.0,10,DCM,0.8,True,0.5000084163025261,0.008499929999743472,8.0,,
4359,4.0,10,DCM,0.85,True,0.450282292186692,0.008270542000900605,8.0,,
4359,4.0,10,DCM,0.9,True,0.4005561627879401,0.008409437999944203,8.0,0.0,-0.24367135056624822
4359,4.0,10,DCM,0.95,True,0.3508300291366176,0.008393357000386459,8.0,,
4359,4.0,10,DCM,1.0,True,0.3026142420717548,0.00864297699990857,8.0,,
4359,4.0,10,ICM-noSI,0.7,True,0.5980163217239167,0.008222817999921972,8.0,,
4359,4.0,10,ICM-noSI,0.75,True,0.5482976478085057,0.008079081000687438,8.0,,
4359,4.0,10,ICM-noSI,0.8,True,0.4985789716295554,0.008253034999142983,8.0,,
4359,4.0,10,ICM-noSI,0.85,True,0.4488602978764714,0.008335127000464126,8.0,,
4359,4.0,10,ICM-noSI,0.9,True,0.39914162310250373,0.008125751000989112,8.0,0.0,-0.24362971015217905
4359,4.0,10,ICM-noSI,0.95,True,0.3494229510053503,0.008893815000192262,8.0,,
4359,4.0,10,ICM-noSI,1.0,True,0.30125217647773594,0.00851657099883596,8.0,,
4359,4.0,10,ICM,0.7,True,0.5583028392111457,0.008307985999636003,8.0,,
4359,4.0,10,ICM,0.75,True,0.5091781442260276,0.00810307699975965,8.0,,
4359,4.0,10,ICM,0.8,True,0.46005344884138744,0.008087976999377133,8.0,,
4359,4.0,10,ICM,0.85,True,0.41092875372917403,0.008257735000370303,8.0,,
4359,4.0,10,ICM,0.9,True,0.3618040580366739,0.008474415999444318,8.0,0.0,-0.44305852013881863
4359,4.0,10,ICM,0.95,True,0.31267936172342203,0.008160845000020345,8.0,,
4359,4.0,10,ICM,1.0,True,0.2635546692088555,0.00853901099981158,8.0,,
4376,4.0,10,DCM,0.7,True,0.5084544359581495,0.008137841999996454,8.0,,
4376,4.0,10,DCM,0.75,True,0.4614472978608713,0.008495803000187152,8.0,,
4376,4.0,10,DCM,0.8,True,0.41444015944658585,0.008573093000450172,8.0,,
4376,4.0,10,DCM,0.85,True,0.36743300948521035,0.008287673999802792,8.0,,
4376,4.0,10,DCM,0.9,True,0.32042588411644174,0.00812986299933982,8.0,0.0,-0.3237286997874407
4376,4.0,10,DCM,0.95,True,0.27690062008905386,0.008168041000317317,8.0,,
4376,4.0,10,DCM,1.0,True,0.2336756082173509,0.008395528000619379,8.0,,
4376,4.0,10,ICM-noSI,0.7,True,0.49361253246180803,0.008515599000020302,8.0,,
4376,4.0,10,ICM-noSI,0.75,True,0.4451940650803419,0.008639034000225365,8.0,,
4376,4.0,10,ICM-noSI,0.8,True,0.3967755971900852,0.008254496000517975,8.0,,
4376,4.0,10,ICM-noSI,0.85,True,0.34835713317546796,0.008091330999377533,8.0,,
4376,4.0,10,ICM-noSI,0.9,True,0.3024365379146425,0.008306783000080031,8.0,0.0,-0.3441685334631204
4376,4.0,10,ICM-noSI,0.95,True,0.25942545364177294,0.008370007999474183,8.0,,
4376,4.0,10,ICM-noSI,1.0,True,0.2164143710856783,0.008293897000839934,8.0,,
4376,4.0,10,ICM,0.7,True,0.6144632931855109,0.008444691000477178,8.0,,
4376,4.0,10,ICM,0.75,True,0.5655514058547672,0.0086255340011121,8.0,,
4376,4.0,10,ICM,0.8,True,0.5166395147771533,0.00858033999975305,8.0,,
4376,4.0,10,ICM,0.85,True,0.4677276245866362,0.008640111000204342,8.0,,
4376,4.0,10,ICM,0.9,True,0.41881573441173203,0.008814631000859663,8.0,0.0,-0.4503779211031328
4376,4.0,10,ICM,0.95,True,0.3699038436172471,0.008540778999304166,8.0,,
4376,4.0,10,ICM,1.0,True,0.32099194997988123,0.008702762999746483,8.0,,
4393,4.0,10,DCM,0.7,True,0.48548887256291284,0.008460568998998497,8.0,,
4393,4.0,10,DCM,0.75,True,0.43349295733184773,0.008509214998412062,8.0,,
4393,4.0,10,DCM,0.8,True,0.3814970390395067,0.008134493000397924,8.0,,
4393,4.0,10,DCM,0.85,True,0.3295011309856043,0.008192830999178113,8.0,,
4393,4.0,10,DCM,0.9,True,0.27766167867331953,0.008593755001129466,8.0,0.0,-0.21065100119551916
4393,4.0,10,DCM,0.95,True,0.2258431012494171,0.008201396000004024,8.0,,
4393,4.0,10,DCM,1.0,True,0.17402452426571674,0.00826901300024474,8.0,,
4393,4.0,10,ICM-noSI,0.7,True,0.4854888801043578,0.008584389999668929,8.0,,
4393,4.0,10,ICM-noSI,0.75,True,0.43349296472384513,0.008463988000585232,8.0,,
4393,4.0,10,ICM-noSI,0.8,True,0.3814970470642743,0.008587148999140481,8.0,,
4393,4.0,10,ICM-noSI,0.85,True,0.32950112616342997,0.0084564959997806,8.0,,
4393,4.0,10,ICM-noSI,0.9,True,0.27766168635583005,0.008213559998694109,8.0,0.0,-0.21064553712320533
4393,4.0,10,ICM-noSI,0.95,True,0.22584311001046828,0.008657103000587085,8.0,,
4393,4.0,10,ICM-noSI,1.0,True,0.17402453169211482,0.008439737999651697,8.0,,
4393,4.0,10,ICM,0.7,True,0.4859848072579515,0.00813117500001681,8.0,,
4393,4.0,10,ICM,0.75,True,0.43432681488848224,0.008053470999584533,8.0,,
4393,4.0,10,ICM,0.8,True,0.38266882638938343,0.008136028998706024,8.0,,
4393,4.0,10,ICM,0.85,True,0.3310108408004146,0.00857778699901246,8.0,,
4393,4.0,10,ICM,0.9,True,0.27935284866595234,0.008385012999497121,8.0,0.0,-0.29551245483506594
4393,4.0,10,ICM,0.95,True,0.2278156013895339,0.008316718000060064,8.0,,
4393,4.0,10,ICM,1.0,True,0.17631543069959207,0.008494286999848555,8.0,,
5070,5.0,10,DCM,0.7,True,0.5162978925758372,0.009172086000035051,8.0,,
5070,5.0,10,DCM,0.75,True,0.46855598763146866,0.008916561999285477,8.0,,
5070,5.0,10,DCM,0.8,True,0.4208140814714872,0.008624223999504466,8.0,,
5070,5.0,10,DCM,0.85,True,0.3730721756139709,0.008783662999121589,8.0,,
5070,5.0,10,DCM,0.9,True,0.3253302863618502,0.008597472000474227,8.0,0.0,-0.3508986524489196
5070,5.0,10,DCM,0.95,True,0.2775883831972848,0.00849017200016533,8.0,,
5070,5.0,10,DCM,1.0,True,0.22988204142198773,0.008095436000076006,8.0,,
5070,5.0,10,ICM-noSI,0.7,True,0.5162788364174384,0.008200357000532676,8.0,,
5070,5.0,10,ICM-noSI,0.75,True,0.46853689370956886,0.008262782999736373,8.0,,
5070,5.0,10,ICM-noSI,0.8,True,0.42079495073025214,0.008128530000249157,8.0,,
5070,5.0,10,ICM-noSI,0.85,True,0.373053007997065,0.008585411000240128,8.0,,
5070,5.0,10,ICM-noSI,0.9,True,0.3253110628085673,0.008791706000920385,8.0,0.0,-0.345534883974316
5070,5.0,10,ICM-noSI,0.95,True,0.27756913473845335,0.009522450000076788,8.0,,
5070,5.0,10,ICM-noSI,1.0,True,0.2298820357485943,0.009124856000198633,8.0,,
5070,5.0,10,ICM,0.7,True,0.5141449643630689,0.009620595001251786,8.0,,
5070,5.0,10,ICM,0.75,True,0.4657170632239548,0.009581417998560937,8.0,,
5070,5.0,10,ICM,0.8,True,0.4172891861092113,0.009473427999182604,8.0,,
5070,5.0,10,ICM,0.85,True,0.3688612920987172,0.009105118000661605,8.0,,
5070,5.0,10,ICM,0.9,True,0.3204333983757482,0.008824894001008943,8.0,0.0,-0.2989733553340401
5070,5.0,10,ICM,0.95,True,0.27200550620299724,0.008229843999288278,8.0,,
5070,5.0,10,ICM,1.0,True,0.22366800338514714,0.008417840999754844,8.0,,
5087,5.0,10,DCM,0.7,True,0.46221770539597706,0.008422366001468617,8.0,,
5087,5.0,10,DCM,0.75,True,0.4085969310126577,0.008821491999697173,8.0,,
5087,5.0,10,DCM,0.8,True,0.35497615675176974,0.008995894000690896,8.0,,
5087,5.0,10,DCM,0.85,True,0.30135537930408446,0.00853439200000139,8.0,,
5087,5.0,10,DCM,0.9,True,0.24773459916027638,0.008649684999909368,8.0,0.0,-0.2027797423379809
5087,5.0,10,DCM,0.95,True,0.19824148049457807,0.00846620599986636,8.0,,
5087,5.0,10,DCM,1.0,True,0.1604771599092886,0.00835942900084774,8.0,,
5087,5.0,10,ICM-noSI,0.7,True,0.43076374515929927,0.008558261999496608,8.0,,
5087,5.0,10,ICM-noSI,0.75,True,0.3762051313542207,0.008601923000242095,8.0,,
5087,5.0,10,ICM-noSI,0.8,True,0.3216465154984332,0.008274083000287646,8.0,,
5087,5.0,10,ICM-noSI,0.85,True,0.26708789978283054,0.008310306999192107,8.0,,
5087,5.0,10,ICM-noSI,0.9,True,0.2136505494210893,0.008588796999902115,8.0,0.0,-0.1757002380274435
5087,5.0,10,ICM-noSI,0.95,True,0.16975874733185237,0.008614330999989761,8.0,,
5087,5.0,10,ICM-noSI,1.0,True,0.1311120742137457,0.00873741999930644,8.0,,
5087,5.0,10,ICM,0.7,True,0.5392475758225942,0.009902043000693084,8.0,,
5087,5.0,10,ICM,0.75,True,0.4887746450555424,0.009712602999570663,8.0,,
5087,5.0,10,ICM,0.8,True,0.4383017142297747,0.009009907000290696,8.0,,
5087,5.0,10,ICM,0.85,True,0.387828778008306,0.00867225399997551,8.0,,
5087,5.0,10,ICM,0.9,True,0.33735585888865016,0.00841205600045214,8.0,0.0,-0.26700387997734043
5087,5.0,10,ICM,0.95,True,0.2868829264001636,0.008701578999534831,8.0,,
5087,5.0,10,ICM,1.0,True,0.23653708445060717,0.00838749799913785,8.0,,
5104,5.0,10,DCM,0.7,True,0.5042843419419681,0.009743488999447436,8.0,,
5104,5.0,10,DCM,0.75,True,0.458579711014486,0.01032777399996121,8.0,,
5104,5.0,10,DCM,0.8,True,0.41287507993338995,0.010719848000007914,8.0,,
5104,5.0,10,DCM,0.85,True,0.367170448758853,0.010557015000813408,8.0,,
5104,5.0,10,DCM,0.9,True,0.3214658175608645,0.009686200000942335,8.0,0.0,-0.27829408093897945
5104,5.0,10,DCM,0.95,True,0.27576118461359134,0.008737452999412199,8.0,,
5104,5.0,10,DCM,1.0,True,0.23005654838896508,0.008475505999740562,8.0,,
5104,5.0,10,ICM-noSI,0.7,True,0.5056746263987796,0.008282308999696397,8.0,,
5104,5.0,10,ICM-noSI,0.75,True,0.4600464879044002,0.008089152001048205,8.0,,
5104,5.0,10,ICM-noSI,0.8,True,0.4144183490757332,0.008190656000806484,8.0,,
5104,5.0,10,ICM-noSI,0.85,True,0.3687902101340909,0.00875767399884353,8.0,,
5104,5.0,10,ICM-noSI,0.9,True,0.3231620712570678,0.008555492999221315,8.0,0.0,-0.2796726983160017
5104,5.0,10,ICM-noSI,0.95,True,0.27753393086316747,0.008698817000549752,8.0,,
5104,5.0,10,ICM-noSI,1.0,True,0.23190578704521358,0.008308156999191851,8.0,,
5104,5.0,10,ICM,0.7,True,0.5571868437993315,0.008609405000242987,8.0,,
5104,5.0,10,ICM,0.75,True,0.5066417078429869,0.008616471999630448,8.0,,
5104,5.0,10,ICM,0.8,True,0.4560965717369429,0.008517297999787843,8.0,,
5104,5.0,10,ICM,0.85,True,0.4055514355425855,0.008313897000334691,8.0,,
5104,5.0,10,ICM,0.9,True,0.35500629059803546,0.00816842899985204,8.0,0.0,-0.290951072147384
5104,5.0,10,ICM,0.95,True,0.30450711210981624,0.008709034000276006,8.0,,
5104,5.0,10,ICM,1.0,True,0.25411421884157925,0.008549060999939684,8.0,,
5121,5.0,10,DCM,0.7,True,0.49671569534009263,0.009067196999239968,8.0,,
5121,5.0,10,DCM,0.75,True,0.44602204241530324,0.008747931999096181,8.0,,
5121,5.0,10,DCM,0.8,True,0.3953283875953408,0.008635984999273205,8.0,,
5121,5.0,10,DCM,0.85,True,0.3446347463220614,0.008735739000258036,8.0,,
5121,5.0,10,DCM,0.9,True,0.29394109196799695,0.00847050000083982,8.0,0.0,-0.32036414557256143
5121,5.0,10,DCM,0.95,True,0.24324743268070587,0.008200939999369439,8.0,,
5121,5.0,10,DCM,1.0,True,0.1950329680131349,0.008787065000433358,8.0,,
5121,5.0,10,ICM-noSI,0.7,True,0.47698555474747556,0.00852240199856169,8.0,,
5121,5.0,10,ICM-noSI,0.75,True,0.4259043936481259,0.008490153999446193,8.0,,
5121,5.0,10,ICM-noSI,0.8,True,0.3748232407034785,0.008515079000062542,8.0,,
5121,5.0,10,ICM-noSI,0.85,True,0.3237420770510743,0.00935667699923215,8.0,,
5121,5.0,10,ICM-noSI,0.9,True,0.27266091091849187,0.008927688999392558,8.0,0.0,-0.3060646307045559
5121,5.0,10,ICM-noSI,0.95,True,0.22157975224755777,0.009501216998614836,8.0,,
5121,5.0,10,ICM-noSI,1.0,True,0.17491052702617102,0.008810710000034305,8.0,,
5121,5.0,10,ICM,0.7,True,0.5748939171897459,0.008971961000497686,8.0,,
5121,5.0,10,ICM,0.75,True,0.52760959496739,0.008812309999484569,8.0,,
5121,5.0,10,ICM,0.8,True,0.4803252796413715,0.009211259999574395,8.0,,
5121,5.0,10,ICM,0.85,True,0.4330409595480786,0.009143936000327813,8.0,,
5121,5.0,10,ICM,0.9,True,0.38575663952200356,0.008791887999905157,8.0,0.0,-0.2611962421846573
5121,5.0,10,ICM,0.95,True,0.33847231905828323,0.008939297000324586,8.0,,
5121,5.0,10,ICM,1.0,True,0.2912923474225558,0.008897367999452399,8.0,,
5138,5.0,10,DCM,0.7,True,0.4050921567960962,0.008557458000723273,8.0,,
5138,5.0,10,DCM,0.75,True,0.35044065025798393,0.008337492999999085,8.0,,
5138,5.0,10,DCM,0.8,True,0.29876904520773484,0.00815300800059049,8.0,,
5138,5.0,10,DCM,0.85,True,0.2540313023503905,0.008620155000244267,8.0,,
5138,5.0,10,DCM,0.9,True,0.2092935600596435,0.008696848000909085,8.0,0.0,-0.23069665643658355
5138,5.0,10,DCM,0.95,True,0.1645558181623686,0.008670315999552258,8.0,,
5138,5.0,10,DCM,1.0,True,0.11981807260036297,0.008748478001507465,8.0,,
5138,5.0,10,ICM-noSI,0.7,True,0.4228611119597523,0.008924064999519032,8.0,,
5138,5.0,10,ICM-noSI,0.75,True,0.36858629423619954,0.008740642000702792,8.0,,
5138,5.0,10,ICM-noSI,0.8,True,0.3143114748148377,0.008822751000479911,8.0,,
5138,5.0,10,ICM-noSI,0.85,True,0.2600366684577946,0.008650867001051665,8.0,,
5138,5.0,10,ICM-noSI,0.9,True,0.2057618494574234,0.008588869999584858,8.0,0.0,-0.22461010776312207
5138,5.0,10,ICM-noSI,0.95,True,0.15984858807812805,0.008504731000357424,8.0,,
5138,5.0,10,ICM-noSI,1.0,True,0.11514563689128444,0.008495730999129592,8.0,,
5138,5.0,10,ICM,0.7,True,0.5798104190063824,0.008543045998521848,8.0,,
5138,5.0,10,ICM,0.75,True,0.5331713775475543,0.008702229999471456,8.0,,
5138,5.0,10,ICM,0.8,True,0.48653232992508416,0.008670440000059898,8.0,,
5138,5.0,10,ICM,0.85,True,0.43989329626219925,0.00822538899956271,8.0,,
5138,5.0,10,ICM,0.9,True,0.39325425421086996,0.008168118001776747,8.0,0.0,-0.30786832745370885
5138,5.0,10,ICM,0.95,True,0.34661521228000136,0.008372227001018473,8.0,,
5138,5.0,10,ICM,1.0,True,0.3000946224650334,0.008186785998987034,8.0,,
5155,5.0,10,DCM,0.7,True,0.57872646397787,0.008330851998834987,8.0,,
5155,5.0,10,DCM,0.75,True,0.532719922178462,0.00862760899872228,8.0,,
5155,5.0,10,DCM,0.8,True,0.4867133794301944,0.00823297500028275,8.0,,
5155,5.0,10,DCM,0.85,True,0.4407068474001912,0.008392056999582564,8.0,,
5155,5.0,10,DCM,0.9,True,0.39470030485363644,0.008128258001306676,8.0,0.0,-0.3611895178537172
5155,5.0,10,DCM,0.95,True,0.34869376217433645,0.008569375999286422,8.0,,
5155,5.0,10,DCM,1.0,True,0.30268721937209647,0.008274474999780068,8.0,,
5155,5.0,10,ICM-noSI,0.7,True,0.5787263825140804,0.008225903000493417,8.0,,
5155,5.0,10,ICM-noSI,0.75,True,0.5327198357973946,0.008141746999172028,8.0,,
5155,5.0,10,ICM-noSI,0.8,True,0.4867132881318471,0.008158554999681655,8.0,,
5155,5.0,10,ICM-noSI,0.85,True,0.4407067511845771,0.008207353999750922,8.0,,
5155,5.0,10,ICM-noSI,0.9,True,0.3947002037207416,0.008583176000684034,8.0,0.0,-0.3611894355964007
5155,5.0,10,ICM-noSI,0.95,True,0.3486936561241631,0.008436033000180032,8.0,,
5155,5.0,10,ICM-noSI,1.0,True,0.3026871084046459,0.008180029000868672,8.0,,
5155,5.0,10,ICM,0.7,True,0.4879412425481007,0.00833648900152184,8.0,,
5155,5.0,10,ICM,0.75,True,0.4374897726265428,0.008105036999040749,8.0,,
5155,5.0,10,ICM,0.8,True,0.38703830274926665,0.008615810998890083,8.0,,
5155,5.0,10,ICM,0.85,True,0.3365868326465633,0.008511038999131415,8.0,,
5155,5.0,10,ICM,0.9,True,0.28613536150048435,0.008535015000234125,8.0,0.0,-0.2748365062327621
5155,5.0,10,ICM,0.95,True,0.23568389638449494,0.008640545000162092,8.0,,
5155,5.0,10,ICM,1.0,True,0.18523242631193254,0.008964974000264192,8.0,,
5172,5.0,10,DCM,0.7,True,0.5824462800939916,0.008599222001066664,8.0,,
5172,5.0,10,DCM,0.75,True,0.537081841722654,0.008799572000498301,8.0,,
5172,5.0,10,DCM,0.8,True,0.4917174036791287,0.008622805000413791,8.0,,
5172,5.0,10,DCM,0.85,True,0.44635296551316067,0.008558252000511857,8.0,,
5172,5.0,10,DCM,0.9,True,0.40098852648718114,0.008525621999069699,8.0,0.0,-0.42944167034489045
5172,5.0,10,DCM,0.95,True,0.35562408705216514,0.008671284000229207,8.0,,
5172,5.0,10,DCM,1.0,True,0.3102596481530656,0.00845569900047849,8.0,,
5172,5.0,10,ICM-noSI,0.7,True,0.5799042363579061,0.008820549999654759,8.0,,
5172,5.0,10,ICM-noSI,0.75,True,0.5346631070217199,0.008296721000078833,8.0,,
5172,5.0,10,ICM-noSI,0.8,True,0.4894219726397648,0.00836274500034051,8.0,,
5172,5.0,10,ICM-noSI,0.85,True,0.44418084899976035,0.008130376001645345,8.0,,
5172,5.0,10,ICM-noSI,0.9,True,0.39893971940758843,0.008219374998589046,8.0,0.0,-0.42774557830087323
5172,5.0,10,ICM-noSI,0.95,True,0.35369858981471214,0.008064175000981777,8.0,,
5172,5.0,10,ICM-noSI,1.0,True,0.30845746031747456,0.008359133998965262,8.0,,
5172,5.0,10,ICM,0.7,True,0.6183113850590606,0.008362396998563781,8.0,,
5172,5.0,10,ICM,0.75,True,0.5659524454179578,0.008317278001413797,8.0,,
5172,5.0,10,ICM,0.8,True,0.5135935039660242,0.008129322999593569,8.0,,
5172,5.0,10,ICM,0.85,True,0.4612345610215049,0.008425240999713424,8.0,,
5172,5.0,10,ICM,0.9,True,0.4088756178624415,0.008805963998383959,8.0,0.0,-0.43095522323806734
5172,5.0,10,ICM,0.95,True,0.3565166793646759,0.008443570999588701,8.0,,
5172,5.0,10,ICM,1.0,True,0.30415775089617575,0.008630287000414683,8.0,,
5189,5.0,10,DCM,0.7,True,0.5017936282591015,0.009812213998884545,8.0,,
5189,5.0,10,DCM,0.75,True,0.45234090651258957,0.009726284999487689,8.0,,
5189,5.0,10,DCM,0.8,True,0.40288818341501204,0.009346442000605748,8.0,,
5189,5.0,10,DCM,0.85,True,0.35343546963524985,0.009031822999531869,8.0,,
5189,5.0,10,DCM,0.9,True,0.3039827467348418,0.008610734999820124,8.0,0.0,-0.28968460968342935
5189,5.0,10,DCM,0.95,True,0.2584483942473971,0.009137817000009818,8.0,,
5189,5.0,10,DCM,1.0,True,0.2147560626059013,0.008981742999822018,8.0,,
5189,5.0,10,ICM-noSI,0.7,True,0.4998976012664589,0.008694428001035703,8.0,,
5189,5.0,10,ICM-noSI,0.75,True,0.45049426077626303,0.008941489999415353,8.0,,
5189,5.0,10,ICM-noSI,0.8,True,0.40109092147125125,0.008746600999074872,8.0,,
5189,5.0,10,ICM-noSI,0.85,True,0.3516875882220418,0.008519651999449707,8.0,,
5189,5.0,10,ICM-noSI,0.9,True,0.30228424780675023,0.008831380000628997,8.0,0.0,-0.2893697157537125
5189,5.0,10,ICM-noSI,0.95,True,0.25684189715551664,0.00881617999948503,8.0,,
5189,5.0,10,ICM-noSI,1.0,True,0.2132223537032344,0.008976049000921194,8.0,,
5189,5.0,10,ICM,0.7,True,0.5572347774800714,0.00859464399945864,8.0,,
5189,5.0,10,ICM,0.75,True,0.5086661883927174,0.008385866998651181,8.0,,
5189,5.0,10,ICM,0.8,True,0.4600975938483371,0.008574523999413941,8.0,,
5189,5.0,10,ICM,0.85,True,0.41152899930340947,0.008655970999825513,8.0,,
5189,5.0,10,ICM,0.9,True,0.36296040434907584,0.008369613000468235,8.0,0.0,-0.2762658672622298
5189,5.0,10,ICM,0.95,True,0.3145128059638866,0.008555951999369427,8.0,,
5189,5.0,10,ICM,1.0,True,0.26609510823692034,0.008895476999896346,8.0,,
5206,5.0,10,DCM,0.7,True,0.5135509043353677,0.008080309999058954,8.0,,
5206,5.0,10,DCM,0.75,True,0.46118704152921375,0.00811165100094513,8.0,,
5206,5.0,10,DCM,0.8,True,0.40882317924236633,0.008237107998866122,8.0,,
5206,5.0,10,DCM,0.85,True,0.35645930622143984,0.008659330000227783,8.0,,
5206,5.0,10,DCM,0.9,True,0.30550718557302753,0.008347430999492644,8.0,0.0,-0.333886656904657
5206,5.0,10,DCM,0.95,True,0.25632091043095223,0.008458310001515201,8.0,,
5206,5.0,10,DCM,1.0,True,0.20713462798548457,0.008520363999195979,8.0,,
5206,5.0,10,ICM-noSI,0.7,True,0.5113691486887353,0.008174357999450876,8.0,,
5206,5.0,10,ICM-noSI,0.75,True,0.45902076263803177,0.008573271001296234,8.0,,
5206,5.0,10,ICM-noSI,0.8,True,0.40667237681537255,0.008372131000214722,8.0,,
5206,5.0,10,ICM-noSI,0.85,True,0.3543239924106718,0.008108669999273843,8.0,,
5206,5.0,10,ICM-noSI,0.9,True,0.30357845242841125,0.00849895600003947,8.0,0.0,-0.33672291308888136
5206,5.0,10,ICM-noSI,0.95,True,0.2546803280121133,0.00855663100082893,8.0,,
5206,5.0,10,ICM-noSI,1.0,True,0.2057822040730894,0.00812195700018492,8.0,,
5206,5.0,10,ICM,0.7,True,0.5482367561215246,0.008170905000952189,8.0,,
5206,5.0,10,ICM,0.75,True,0.4942376011240022,0.008305879000545247,8.0,,
5206,5.0,10,ICM,0.8,True,0.4402384460655847,0.008108238000204437,8.0,,
5206,5.0,10,ICM,0.85,True,0.386239290779311,0.008820716999252909,8.0,,
5206,5.0,10,ICM,0.9,True,0.3322401368727685,0.008567985998524819,8.0,0.0,-0.4322270198129663
5206,5.0,10,ICM,0.95,True,0.27824098150853205,0.00815435900040029,8.0,,
5206,5.0,10,ICM,1.0,True,0.22424182636567308,0.008593549999204697,8.0,,
5223,5.0,10,DCM,0.7,True,0.44536125797314674,0.008827662000840064,8.0,,
5223,5.0,10,DCM,0.75,True,0.39178884823272425,0.008262019000540022,8.0,,
5223,5.0,10,DCM,0.8,True,0.33821643852575795,0.008486036000249442,8.0,,
5223,5.0,10,DCM,0.85,True,0.2846440289640968,0.008174720000170055,8.0,,
5223,5.0,10,DCM,0.9,True,0.23107161149405261,0.008194551000997308,8.0,0.0,-0.17974736144654468
5223,5.0,10,DCM,0.95,True,0.17833820192900843,0.00861386799988395,8.0,,
5223,5.0,10,DCM,1.0,True,0.12792084946482382,0.008397268000408076,8.0,,
5223,5.0,10,ICM-noSI,0.7,True,0.4449937381431719,0.00815042199974414,8.0,,
5223,5.0,10,ICM-noSI,0.75,True,0.3913910042842721,0.008588038999732817,8.0,,
5223,5.0,10,ICM-noSI,0.8,True,0.3377882705067294,0.008312986001328682,8.0,,
5223,5.0,10,ICM-noSI,0.85,True,0.28418553615905806,0.008304430999487522,8.0,,
5223,5.0,10,ICM-noSI,0.9,True,0.23058278943768298,0.008637423999971361,8.0,0.0,-0.179382549994212
5223,5.0,10,ICM-noSI,0.95,True,0.17784374554986593,0.00854655900002399,8.0,,
5223,5.0,10,ICM-noSI,1.0,True,0.127409834293469,0.008412983999733115,8.0,,
5223,5.0,10,ICM,0.7,True,0.5295577417645868,0.008360809999430785,8.0,,
5223,5.0,10,ICM,0.75,True,0.4779401113586745,0.008671040999615798,8.0,,
5223,5.0,10,ICM,0.8,True,0.42632247958087144,0.009193473999403068,8.0,,
5223,5.0,10,ICM,0.85,True,0.3747048591650942,0.010243672999422415,8.0,,
5223,5.0,10,ICM,0.9,True,0.3230872290268931,0.01019786600045336,8.0,0.0,-0.2523471016992114
5223,5.0,10,ICM,0.95,True,0.2714695987220808,0.00927258299998357,8.0,,
5223,5.0,10,ICM,1.0,True,0.21985213479203083,0.009458632999667316,8.0,,
5240,5.0,10,DCM,0.7,True,0.4892887506275041,0.008522533000359545,8.0,,
5240,5.0,10,DCM,0.75,True,0.439801004640338,0.008073317001617397,8.0,,
5240,5.0,10,DCM,0.8,True,0.3903132585882219,0.008135599999150145,8.0,,
5240,5.0,10,DCM,0.85,True,0.3408255125413603,0.008347384999069618,8.0,,
5240,5.0,10,DCM,0.9,True,0.2913377654606053,0.00855604899879836,8.0,0.0,-0.3668062613715376
5240,5.0,10,DCM,0.95,True,0.24185001711968776,0.008335164999152767,8.0,,
5240,5.0,10,DCM,1.0,True,0.1923622697648186,0.008589627999754157,8.0,,
5240,5.0,10,ICM-noSI,0.7,True,0.4819176290399941,0.008682714000315173,8.0,,
5240,5.0,10,ICM-noSI,0.75,True,0.43217132579315054,0.008651247999296174,8.0,,
5240,5.0,10,ICM-noSI,0.8,True,0.3824250225209657,0.008644659999845317,8.0,,
5240,5.0,10,ICM-noSI,0.85,True,0.3326787192944308,0.008697925000888063,8.0,,
5240,5.0,10,ICM-noSI,0.9,True,0.28293241499353955,0.008644716999697266,8.0,0.0,-0.35949604587312745
5240,5.0,10,ICM-noSI,0.95,True,0.2331861095580298,0.00832312399870716,8.0,,
5240,5.0,10,ICM-noSI,1.0,True,0.18343980318457384,0.008544113999960246,8.0,,
5240,5.0,10,ICM,0.7,True,0.5208070435930265,0.008734928000194486,8.0,,
5240,5.0,10,ICM,0.75,True,0.470620808947908,0.008726587999262847,8.0,,
5240,5.0,10,ICM,0.8,True,0.42043457399989415,0.008658048000143026,8.0,,
5240,5.0,10,ICM,0.85,True,0.37024833830254006,0.008471805000226595,8.0,,
5240,5.0,10,ICM,0.9,True,0.32006210171904415,0.008914788999391021,8.0,0.0,-0.383221044343626
5240,5.0,10,ICM,0.95,True,0.2698758685388778,0.008604905000538565,8.0,,
5240,5.0,10,ICM,1.0,True,0.21978569089857347,0.00827680899965344,8.0,,
5257,5.0,10,DCM,0.7,True,0.48367634471202137,0.008187399000235018,8.0,,
5257,5.0,10,DCM,0.75,True,0.434417108602765,0.008511418998750742,8.0,,
5257,5.0,10,DCM,0.8,True,0.3851578719400772,0.008874426999682328,8.0,,
5257,5.0,10,DCM,0.85,True,0.33589863442904705,0.008574015999329276,8.0,,
5257,5.0,10,DCM,0.9,True,0.28663940275683186,0.008673968999573844,8.0,0.0,-0.2704160176458553
5257,5.0,10,DCM,0.95,True,0.23738016134901402,0.008388191999983974,8.0,,
5257,5.0,10,DCM,1.0,True,0.19199116517621795,0.008543012998416089,8.0,,
5257,5.0,10,ICM-noSI,0.7,True,0.49692364693028906,0.008581553000112763,8.0,,
5257,5.0,10,ICM-noSI,0.75,True,0.4476470565600307,0.00856657899930724,8.0,,
5257,5.0,10,ICM-noSI,0.8,True,0.39837046707744195,0.008672815998579608,8.0,,
5257,5.0,10,ICM-noSI,0.85,True,0.34909388186305157,0.00883473099929688,8.0,,
5257,5.0,10,ICM-noSI,0.9,True,0.2998172929974255,0.008770827998887398,8.0,0.0,-0.28008688710761764
5257,5.0,10,ICM-noSI,0.95,True,0.2505407011696385,0.008669378999911714,8.0,,
5257,5.0,10,ICM-noSI,1.0,True,0.20347155083910343,0.00860879600077169,8.0,,
5257,5.0,10,ICM,0.7,True,0.500129612471117,0.008334086000104435,8.0,,
5257,5.0,10,ICM,0.75,True,0.45115624942601956,0.0086660609995306,8.0,,
5257,5.0,10,ICM,0.8,True,0.4021828861012324,0.008650775998830795,8.0,,
5257,5.0,10,ICM,0.85,True,0.3532095237113266,0.008329647000209661,8.0,,
5257,5.0,10,ICM,0.9,True,0.3042361633579018,0.008641439999337308,8.0,0.0,-0.2846608287989355
5257,5.0,10,ICM,0.95,True,0.2552628104025532,0.008821364999676007,8.0,,
5257,5.0,10,ICM,1.0,True,0.2063604645244552,0.00891932099875703,8.0,,
5274,5.0,10,DCM,0.7,True,0.4779182425427939,0.008285559000796638,8.0,,
5274,5.0,10,DCM,0.75,True,0.42142324147698446,0.008251462999396608,8.0,,
5274,5.0,10,DCM,0.8,True,0.3649282331043242,0.00867124700016575,8.0,,
5274,5.0,10,DCM,0.85,True,0.3084332108711365,0.008472038000036264,8.0,,
5274,5.0,10,DCM,0.9,True,0.25313444878477037,0.008199851999961538,8.0,0.0,-0.22632044724136224
5274,5.0,10,DCM,0.95,True,0.20200256124439522,0.008534481999959098,8.0,,
5274,5.0,10,DCM,1.0,True,0.1508706666140286,0.00814149999860092,8.0,,
5274,5.0,10,ICM-noSI,0.7,True,0.48248205327601784,0.00857620799979486,8.0,,
5274,5.0,10,ICM-noSI,0.75,True,0.42588853548687927,0.008440514000540134,8.0,,
5274,5.0,10,ICM-noSI,0.8,True,0.36929501090750616,0.008191314000214334,8.0,,
5274,5.0,10,ICM-noSI,0.85,True,0.31270147388484104,0.008587910000642296,8.0,,
5274,5.0,10,ICM-noSI,0.9,True,0.25711512180355345,0.008428388999163872,8.0,0.0,-0.22973108779738405
5274,5.0,10,ICM-noSI,0.95,True,0.2059153980328171,0.008596458001193241,8.0,,
5274,5.0,10,ICM-noSI,1.0,True,0.1547156639783262,0.008988202000182355,8.0,,
5274,5.0,10,ICM,0.7,True,0.5969586246598856,0.008763644000282511,8.0,,
5274,5.0,10,ICM,0.75,True,0.5453033108135601,0.008563221999793313,8.0,,
5274,5.0,10,ICM,0.8,True,0.4936480099745649,0.008393947000513435,8.0,,
5274,5.0,10,ICM,0.85,True,0.4419927003545657,0.008492515999023453,8.0,,
5274,5.0,10,ICM,0.9,True,0.3903373908033929,0.008765246999246301,8.0,0.0,-0.34321835514804067
5274,5.0,10,ICM,0.95,True,0.33868208111145187,0.008485340000333963,8.0,,
5274,5.0,10,ICM,1.0,True,0.28711369892290706,0.008496333000948653,8.0,,
5291,5.0,10,DCM,0.7,True,0.4951310608753936,0.008680697001182125,8.0,,
5291,5.0,10,DCM,0.75,True,0.44294819318145584,0.008803096001429367,8.0,,
5291,5.0,10,DCM,0.8,True,0.39076533239513195,0.008496362001096713,8.0,,
5291,5.0,10,DCM,0.85,True,0.33858246497009686,0.008593148999352707,8.0,,
5291,5.0,10,DCM,0.9,True,0.28650178318084923,0.008575722000387032,8.0,0.0,-0.28032542083541334
5291,5.0,10,DCM,0.95,True,0.23493358334816816,0.008562004999475903,8.0,,
5291,5.0,10,DCM,1.0,True,0.18759153515765553,0.008374647999517038,8.0,,
5291,5.0,10,ICM-noSI,0.7,True,0.4947852880339493,0.008643433000543155,8.0,,
5291,5.0,10,ICM-noSI,0.75,True,0.4426130608721226,0.008748690999709652,8.0,,
5291,5.0,10,ICM-noSI,0.8,True,0.3904408427735714,0.00883389099908527,8.0,,
5291,5.0,10,ICM-noSI,0.85,True,0.3382686161448665,0.008566864999011159,8.0,,
5291,5.0,10,ICM-noSI,0.9,True,0.286195759883286,0.008387927000512718,8.0,0.0,-0.28026173713154834
5291,5.0,10,ICM-noSI,0.95,True,0.23461039646369322,0.008900329999960377,8.0,,
5291,5.0,10,ICM-noSI,1.0,True,0.1873158132343719,0.008794071000011172,8.0,,
5291,5.0,10,ICM,0.7,True,0.5356122044165308,0.00875724999968952,8.0,,
5291,5.0,10,ICM,0.75,True,0.4855212694605092,0.00854190700010804,8.0,,
5291,5.0,10,ICM,0.8,True,0.435430317549457,0.008652779000840383,8.0,,
5291,5.0,10,ICM,0.85,True,0.38533936529804086,0.00869234600031632,8.0,,
5291,5.0,10,ICM,0.9,True,0.33524841260301735,0.008584268000049633,8.0,0.0,-0.29521990160817135
5291,5.0,10,ICM,0.95,True,0.28515744789756153,0.008571035001295968,8.0,,
5291,5.0,10,ICM,1.0,True,0.23509369119062135,0.00868945000001986,8.0,,
5308,5.0,10,DCM,0.7,True,0.5220038500346063,0.009018233999086078,8.0,,
5308,5.0,10,DCM,0.75,True,0.47067156440384533,0.009218117000273196,8.0,,
5308,5.0,10,DCM,0.8,True,0.4193392787604255,0.008774287000051118,8.0,,
5308,5.0,10,DCM,0.85,True,0.3680069931115249,0.00864171300054295,8.0,,
5308,5.0,10,DCM,0.9,True,0.31667470729458264,0.008559936999517959,8.0,0.0,-0.39403853765622254
5308,5.0,10,DCM,0.95,True,0.2653424213848578,0.00861682600043423,8.0,,
5308,5.0,10,DCM,1.0,True,0.21401013315515174,0.044654924000496976,8.0,,
5308,5.0,10,ICM-noSI,0.7,True,0.5221103003062112,0.008088990000032936,8.0,,
5308,5.0,10,ICM-noSI,0.75,True,0.47077896643845507,0.008635314001367078,8.0,,
5308,5.0,10,ICM-noSI,0.8,True,0.4194476325643348,0.008579530998758855,8.0,,
5308,5.0,10,ICM-noSI,0.85,True,0.36811629869115753,0.008375109999178676,8.0,,
5308,5.0,10,ICM-noSI,0.9,True,0.3167849642590219,0.00819749099900946,8.0,0.0,-0.3956396675241832
5308,5.0,10,ICM-noSI,0.95,True,0.2654536301960504,0.008168562000719248,8.0,,
5308,5.0,10,ICM-noSI,1.0,True,0.21412229345689726,0.008494087000144646,8.0,,
5308,5.0,10,ICM,0.7,True,0.5981481154942319,0.00879524900119577,8.0,,
5308,5.0,10,ICM,0.75,True,0.5472579429022275,0.00862718899952597,8.0,,
5308,5.0,10,ICM,0.8,True,0.49636776976550845,0.0088166759996966,8.0,,
5308,5.0,10,ICM,0.85,True,0.4454775957278457,0.00859293100074865,8.0,,
5308,5.0,10,ICM,0.9,True,0.3945874287143697,0.008798021999609773,8.0,0.0,-0.3594050829294193
5308,5.0,10,ICM,0.95,True,0.343697256308069,0.008697948998815264,8.0,,
5308,5.0,10,ICM,1.0,True,0.2928070829098039,0.00839823400019668,8.0,,
5325,5.0,10,DCM,0.7,True,0.48782523530579935,0.008121508999465732,8.0,,
5325,5.0,10,DCM,0.75,True,0.44046182830360786,0.008459623000817373,8.0,,
5325,5.0,10,DCM,0.8,True,0.39309842199691625,0.008606525998402503,8.0,,
5325,5.0,10,DCM,0.85,True,0.34573502290336333,0.008683433999976842,8.0,,
5325,5.0,10,DCM,0.9,True,0.2983716181199878,0.008425859999988461,8.0,0.0,-0.3818782504607521
5325,5.0,10,DCM,0.95,True,0.25100821287858927,0.008760309001445421,8.0,,
5325,5.0,10,DCM,1.0,True,0.20364480490837944,0.008585645000493969,8.0,,
5325,5.0,10,ICM-noSI,0.7,True,0.4909835996369173,0.008691388999068295,8.0,,
5325,5.0,10,ICM-noSI,0.75,True,0.44404874702273733,0.008286869000585284,8.0,,
5325,5.0,10,ICM-noSI,0.8,True,0.3971139021102796,0.008570601999963401,8.0,,
5325,5.0,10,ICM-noSI,0.85,True,0.35017904957115414,0.008991710001282627,8.0,,
5325,5.0,10,ICM-noSI,0.9,True,0.30324419686599624,0.008669695998833049,8.0,0.0,-0.3848776411642215
5325,5.0,10,ICM-noSI,0.95,True,0.25630934296323865,0.008689031999892904,8.0,,
5325,5.0,10,ICM-noSI,1.0,True,0.20937449091399457,0.008673743999679573,8.0,,
5325,5.0,10,ICM,0.7,True,0.49836026237712117,0.008550034001018503,8.0,,
5325,5.0,10,ICM,0.75,True,0.4491884340954817,0.008855342000970268,8.0,,
5325,5.0,10,ICM,0.8,True,0.40001659162727426,0.008736657999179442,8.0,,
5325,5.0,10,ICM,0.85,True,0.350844749161259,0.008655331001136801,8.0,,
5325,5.0,10,ICM,0.9,True,0.3016729034283223,0.008674264001456322,8.0,0.0,-0.33430269350742037
5325,5.0,10,ICM,0.95,True,0.2525531007255633,0.008924036001189961,8.0,,
5325,5.0,10,ICM,1.0,True,0.20359694758912777,0.008652021999296267,8.0,,
5342,5.0,10,DCM,0.7,True,0.5105566853592276,0.00849118800033466,8.0,,
5342,5.0,10,DCM,0.75,True,0.45215475703967806,0.00889423900116526,8.0,,
5342,5.0,10,DCM,0.8,True,0.3937528289383502,0.00916373099971679,8.0,,
5342,5.0,10,DCM,0.85,True,0.33535090072110285,0.008870407000358682,8.0,,
5342,5.0,10,DCM,0.9,True,0.2824773609475318,0.008506109999871114,8.0,0.0,-0.2685831264197234
5342,5.0,10,DCM,0.95,True,0.23475483473330444,0.00880470999982208,8.0,,
5342,5.0,10,DCM,1.0,True,0.18786403965635864,0.008622653000202263,8.0,,
5342,5.0,10,ICM-noSI,0.7,True,0.5073602767939711,0.008827722998830723,8.0,,
5342,5.0,10,ICM-noSI,0.75,True,0.4484967441657742,0.009210158999849227,8.0,,
5342,5.0,10,ICM-noSI,0.8,True,0.38963319634470045,0.00921156299955328,8.0,,
5342,5.0,10,ICM-noSI,0.85,True,0.3307696483403402,0.008666462999826763,8.0,,
5342,5.0,10,ICM-noSI,0.9,True,0.2784768780297611,0.008611991999714519,8.0,0.0,-0.26892662988317473
5342,5.0,10,ICM-noSI,0.95,True,0.23176297140526186,0.008441644000413362,8.0,,
5342,5.0,10,ICM-noSI,1.0,True,0.18601767202645708,0.008074069999565836,8.0,,
5342,5.0,10,ICM,0.7,True,0.542608212215997,0.008131911999953445,8.0,,
5342,5.0,10,ICM,0.75,True,0.49430875980345595,0.00865978200090467,8.0,,
5342,5.0,10,ICM,0.8,True,0.4460093219740547,0.00890093300040462,8.0,,
5342,5.0,10,ICM,0.85,True,0.39770986817311516,0.009264902000722941,8.0,,
5342,5.0,10,ICM,0.9,True,0.3494104141343075,0.009030745999552892,8.0,0.0,-0.34458828197523883
5342,5.0,10,ICM,0.95,True,0.301110960647965,0.00851144700027362,8.0,,
5342,5.0,10,ICM,1.0,True,0.25288969988952625,0.008184215999790467,8.0,,
5359,5.0,10,DCM,0.7,True,0.5393330435396007,0.00849135499993281,8.0,,
5359,5.0,10,DCM,0.75,True,0.4881240293066989,0.008540610000636661,8.0,,
5359,5.0,10,DCM,0.8,True,0.43691501349259326,0.00860496399945987,8.0,,
5359,5.0,10,DCM,0.85,True,0.3857060086657074,0.008779993999269209,8.0,,
5359,5.0,10,DCM,0.9,True,0.3344969931449011,0.00959718900048756,8.0,0.0,-0.27256189426110333
5359,5.0,10,DCM,0.95,True,0.2832879744763345,0.008764266000071075,8.0,,
5359,5.0,10,DCM,1.0,True,0.23401439537793023,0.008347584000148345,8.0,,
5359,5.0,10,ICM-noSI,0.7,True,0.5401655848570468,0.008239598999352893,8.0,,
5359,5.0,10,ICM-noSI,0.75,True,0.48896093013029335,0.008330750999448355,8.0,,
5359,5.0,10,ICM-noSI,0.8,True,0.43775626036363247,0.008762219000345794,8.0,,
5359,5.0,10,ICM-noSI,0.85,True,0.3865515902353916,0.009420086000318406,8.0,,
5359,5.0,10,ICM-noSI,0.9,True,0.3353469192142565,0.010085665000588051,8.0,0.0,-0.26280264689557475
5359,5.0,10,ICM-noSI,0.95,True,0.28414224803540983,0.009948072998668067,8.0,,
5359,5.0,10,ICM-noSI,1.0,True,0.23545320258002386,0.00971967300029064,8.0,,
5359,5.0,10,ICM,0.7,True,0.6168018154151319,0.008133782001095824,8.0,,
5359,5.0,10,ICM,0.75,True,0.5658760282108388,0.00822660099947825,8.0,,
5359,5.0,10,ICM,0.8,True,0.5149502371429283,0.008326189001309103,8.0,,
5359,5.0,10,ICM,0.85,True,0.46402444228653444,0.008691579001606442,8.0,,
5359,5.0,10,ICM,0.9,True,0.41309866698757836,0.008580318999520387,8.0,0.0,-0.2721593396409814
5359,5.0,10,ICM,0.95,True,0.3621728797515291,0.008664876999318949,8.0,,
5359,5.0,10,ICM,1.0,True,0.3112470929259241,0.01040987900159962,8.0,,
5376,5.0,10,DCM,0.7,True,0.46897626480930904,0.01077090400031011,8.0,,
5376,5.0,10,DCM,0.75,True,0.4232573644452667,0.01141269100116915,8.0,,
5376,5.0,10,DCM,0.8,True,0.37753846403046054,0.010752818998298608,8.0,,
5376,5.0,10,DCM,0.85,True,0.3318195635594309,0.01068413300163229,8.0,,
5376,5.0,10,DCM,0.9,True,0.28610066303531007,0.010660543000994949,8.0,0.0,-0.2585741644631113
5376,5.0,10,DCM,0.95,True,0.24038176123646682,0.009170724999421509,8.0,,
5376,5.0,10,DCM,1.0,True,0.19466285860979743,0.008894082000551862,8.0,,
5376,5.0,10,ICM-noSI,0.7,True,0.46982962088857305,0.008626877999631688,8.0,,
5376,5.0,10,ICM-noSI,0.75,True,0.4241651161996553,0.00857592200009094,8.0,,
5376,5.0,10,ICM-noSI,0.8,True,0.3785006114583116,0.008315700999446562,8.0,,
5376,5.0,10,ICM-noSI,0.85,True,0.3328361066622881,0.008231212999817217,8.0,,
5376,5.0,10,ICM-noSI,0.9,True,0.28717160180844375,0.00829049300045881,8.0,0.0,-0.25939459049340197
5376,5.0,10,ICM-noSI,0.95,True,0.24150709567290377,0.008114177000607015,8.0,,
5376,5.0,10,ICM-noSI,1.0,True,0.1958425885126957,0.00819456599856494,8.0,,
5376,5.0,10,ICM,0.7,True,0.539411442285245,0.008196393000616808,8.0,,
5376,5.0,10,ICM,0.75,True,0.4904925648023067,0.008287557999210549,8.0,,
5376,5.0,10,ICM,0.8,True,0.44157368640246775,0.008078439001110382,8.0,,
5376,5.0,10,ICM,0.85,True,0.39265480800625013,0.008262370000011288,8.0,,
5376,5.0,10,ICM,0.9,True,0.34373592946370224,0.008121816999846487,8.0,0.0,-0.3041246825592857
5376,5.0,10,ICM,0.95,True,0.2948170516635679,0.008852583001498715,8.0,,
5376,5.0,10,ICM,1.0,True,0.2458981724922455,0.008571651998863672,8.0,,
5393,5.0,10,DCM,0.7,True,0.4822708974326701,0.012121189000026789,8.0,,
5393,5.0,10,DCM,0.75,True,0.42420081554253086,0.010639107998940744,8.0,,
5393,5.0,10,DCM,0.8,True,0.3661307345097922,0.009438315999432234,8.0,,
5393,5.0,10,DCM,0.85,True,0.30806065411945616,0.009226311998645542,8.0,,
5393,5.0,10,DCM,0.9,True,0.24999057324596743,0.009142973000052734,8.0,0.0,-0.22210892497579793
5393,5.0,10,DCM,0.95,True,0.19307110040810466,0.008781556000030832,8.0,,
5393,5.0,10,DCM,1.0,True,0.1388603394985545,0.008732941998459864,8.0,,
5393,5.0,10,ICM-noSI,0.7,True,0.48491477508784403,0.009212089000357082,8.0,,
5393,5.0,10,ICM-noSI,0.75,True,0.4264658146176935,0.008902944000510615,8.0,,
5393,5.0,10,ICM-noSI,0.8,True,0.3680168610142734,0.008336621000125888,8.0,,
5393,5.0,10,ICM-noSI,0.85,True,0.3095679051663446,0.008038576001126785,8.0,,
5393,5.0,10,ICM-noSI,0.9,True,0.2511189627822007,0.00857017700036522,8.0,0.0,-0.2228210728994542
5393,5.0,10,ICM-noSI,0.95,True,0.193804477090899,0.008833900001263828,8.0,,
5393,5.0,10,ICM-noSI,1.0,True,0.1392705934119608,0.008713827999599744,8.0,,
5393,5.0,10,ICM,0.7,True,0.46446227503586685,0.009166139001536067,8.0,,
5393,5.0,10,ICM,0.75,True,0.413095021878238,0.008740827999645262,8.0,,
5393,5.0,10,ICM,0.8,True,0.3617277578959776,0.008856555999955162,8.0,,
5393,5.0,10,ICM,0.85,True,0.3103604937329501,0.008759451000514673,8.0,,
5393,5.0,10,ICM,0.9,True,0.2589932248596265,0.008660429999508779,8.0,0.0,-0.23002537116406718
5393,5.0,10,ICM,0.95,True,0.2077361440352805,0.00829187700037437,8.0,,
5393,5.0,10,ICM,1.0,True,0.15662455434798764,0.008644860001368215,8.0,,
1210,1.0,30,DCM,0.7,True,0.5076880282332142,0.008507696000378928,8.0,,
1210,1.0,30,DCM,0.75,True,0.45814327273674116,0.008389220000026398,8.0,,
1210,1.0,30,DCM,0.8,True,0.40859851723856905,0.00847617299950798,8.0,,
1210,1.0,30,DCM,0.85,True,0.3590537614584282,0.008687479001309839,8.0,,
1210,1.0,30,DCM,0.9,True,0.3095090015335759,0.008502786000462947,8.0,0.0,-0.24169366014610383
1210,1.0,30,DCM,0.95,True,0.2599642478904573,0.008746288000111235,8.0,,
1210,1.0,30,DCM,1.0,True,0.21055438627504605,0.008422316001087893,8.0,,
1210,1.0,30,ICM-noSI,0.7,True,0.5071998128596028,0.00851407600021048,8.0,,
1210,1.0,30,ICM-noSI,0.75,True,0.4576251938030389,0.008553303001463064,8.0,,
1210,1.0,30,ICM-noSI,0.8,True,0.4080505748949513,0.008118310001009377,8.0,,
1210,1.0,30,ICM-noSI,0.85,True,0.35847595426326606,0.008213545999751659,8.0,,
1210,1.0,30,ICM-noSI,0.9,True,0.30890133714619966,0.008305777000714443,8.0,0.0,-0.24181180603701113
1210,1.0,30,ICM-noSI,0.95,True,0.25932671398162593,0.008207394001146895,8.0,,
1210,1.0,30,ICM-noSI,1.0,True,0.2099418380933451,0.008602689998951973,8.0,,
1210,1.0,30,ICM,0.7,True,0.512531841853903,0.008469014999718638,8.0,,
1210,1.0,30,ICM,0.75,True,0.46265155118477314,0.008525147999534965,8.0,,
1210,1.0,30,ICM,0.8,True,0.41277125990419417,0.008477309000227251,8.0,,
1210,1.0,30,ICM,0.85,True,0.3628909684950317,0.008328859999892302,8.0,,
1210,1.0,30,ICM,0.9,True,0.3130106791605465,0.0081670599993231,8.0,0.0,-0.25188237604703634
1210,1.0,30,ICM,0.95,True,0.2631303816950851,0.00862755199887033,8.0,,
1210,1.0,30,ICM,1.0,True,0.21325010164161803,0.008145447000060813,8.0,,
1227,1.0,30,DCM,0.7,True,0.5117699872887594,0.008873564998793881,8.0,,
1227,1.0,30,DCM,0.75,True,0.46191387057739586,0.008920361000491539,8.0,,
1227,1.0,30,DCM,0.8,True,0.4120577539158717,0.008797079000942176,8.0,,
1227,1.0,30,DCM,0.85,True,0.36220163588206145,0.008621814999060007,8.0,,
1227,1.0,30,DCM,0.9,True,0.3123455188302791,0.008671753999806242,8.0,0.0,-0.2898626610980254
1227,1.0,30,DCM,0.95,True,0.262548890983158,0.009237992000635131,8.0,,
1227,1.0,30,DCM,1.0,True,0.2127665641929121,0.009129825000854908,8.0,,
1227,1.0,30,ICM-noSI,0.7,True,0.5094012394598941,0.00814794600046298,8.0,,
1227,1.0,30,ICM-noSI,0.75,True,0.45959108013736116,0.008619074000307592,8.0,,
1227,1.0,30,ICM-noSI,0.8,True,0.40978091175152404,0.00864318300045852,8.0,,
1227,1.0,30,ICM-noSI,0.85,True,0.35997074313608907,0.008766566999838687,8.0,,
1227,1.0,30,ICM-noSI,0.9,True,0.31016056659049274,0.008865882000463898,8.0,0.0,-0.28808029691949943
1227,1.0,30,ICM-noSI,0.95,True,0.26048101386108224,0.008379249999052263,8.0,,
1227,1.0,30,ICM-noSI,1.0,True,0.21082847461719714,0.008739038999920012,8.0,,
1227,1.0,30,ICM,0.7,True,0.5137548152494442,0.008404926000366686,8.0,,
1227,1.0,30,ICM,0.75,True,0.4637469182538072,0.008485856000334024,8.0,,
1227,1.0,30,ICM,0.8,True,0.4137390197051385,0.00860818500041205,8.0,,
1227,1.0,30,ICM,0.85,True,0.36373111175174805,0.00900768999963475,8.0,,
1227,1.0,30,ICM,0.9,True,0.31372322534065916,0.008794569001111086,8.0,0.0,-0.2908502845973818
1227,1.0,30,ICM,0.95,True,0.26371532637415257,0.008697178000147687,8.0,,
1227,1.0,30,ICM,1.0,True,0.21370742635884732,0.008529705999535508,8.0,,
1244,1.0,30,DCM,0.7,True,0.5161492041713956,0.009552330000587972,8.0,,
1244,1.0,30,DCM,0.75,True,0.4662674939529381,0.010771473000204423,8.0,,
1244,1.0,30,DCM,0.8,True,0.4163857818599159,0.01003557500007446,8.0,,
1244,1.0,30,DCM,0.85,True,0.36650408245384847,0.010473047999767005,8.0,,
1244,1.0,30,DCM,0.9,True,0.31662237172676566,0.010739367000496713,8.0,0.0,-0.2699623438692268
1244,1.0,30,DCM,0.95,True,0.26674066149119147,0.009473883001192007,8.0,,
1244,1.0,30,DCM,1.0,True,0.21718150855866292,0.008765482998569496,8.0,,
1244,1.0,30,ICM-noSI,0.7,True,0.5158922375493744,0.008325946000695694,8.0,,
1244,1.0,30,ICM-noSI,0.75,True,0.4660387586144675,0.008640789999844856,8.0,,
1244,1.0,30,ICM-noSI,0.8,True,0.4161852780170568,0.008611900000687456,8.0,,
1244,1.0,30,ICM-noSI,0.85,True,0.3663318099772387,0.008628203000625945,8.0,,
1244,1.0,30,ICM-noSI,0.9,True,0.3164783305782003,0.008819124999718042,8.0,0.0,-0.2699012326340614
1244,1.0,30,ICM-noSI,0.95,True,0.26662485165013333,0.009909226000672788,8.0,,
1244,1.0,30,ICM-noSI,1.0,True,0.21709900812438573,0.010606822001136607,8.0,,
1244,1.0,30,ICM,0.7,True,0.5195271297519182,0.008624142001281143,8.0,,
1244,1.0,30,ICM,0.75,True,0.46943764450721953,0.008623468998848693,8.0,,
1244,1.0,30,ICM,0.8,True,0.4193481849005835,0.008307272999445559,8.0,,
1244,1.0,30,ICM,0.85,True,0.36925871174431524,0.008644284000183688,8.0,,
1244,1.0,30,ICM,0.9,True,0.31916923570336525,0.008241882000220357,8.0,0.0,-0.2720154334184156
1244,1.0,30,ICM,0.95,True,0.2690797557630468,0.00866731600035564,8.0,,
1244,1.0,30,ICM,1.0,True,0.2189903359261655,0.00853813299909234,8.0,,
1261,1.0,30,DCM,0.7,True,0.5171460890838309,0.008267735000117682,8.0,,
1261,1.0,30,DCM,0.75,True,0.46730020794882887,0.008254287000454497,8.0,,
1261,1.0,30,DCM,0.8,True,0.417454326482624,0.008662805001222296,8.0,,
1261,1.0,30,DCM,0.85,True,0.3676084454321338,0.008562474000427756,8.0,,
1261,1.0,30,DCM,0.9,True,0.31776257100514876,0.008447583999441122,8.0,0.0,-0.3132410376545518
1261,1.0,30,DCM,0.95,True,0.2679166859290062,0.008617720999609446,8.0,,
1261,1.0,30,DCM,1.0,True,0.21827857126118724,0.00876989900098124,8.0,,
1261,1.0,30,ICM-noSI,0.7,True,0.516644156956136,0.00903493000078015,8.0,,
1261,1.0,30,ICM-noSI,0.75,True,0.4668786206968822,0.008648336999613093,8.0,,
1261,1.0,30,ICM-noSI,0.8,True,0.4171130844836299,0.008511377000104403,8.0,,
1261,1.0,30,ICM-noSI,0.85,True,0.36734754826059823,0.008666120000270894,8.0,,
1261,1.0,30,ICM-noSI,0.9,True,0.3175820129877304,0.009065430998816737,8.0,0.0,-0.31390154520156965
1261,1.0,30,ICM-noSI,0.95,True,0.26781647623063326,0.009251430999938748,8.0,,
1261,1.0,30,ICM-noSI,1.0,True,0.2183097034103646,0.008744860000660992,8.0,,
1261,1.0,30,ICM,0.7,True,0.5165980441988269,0.008835565000481438,8.0,,
1261,1.0,30,ICM,0.75,True,0.4667229517589435,0.008351559999937308,8.0,,
1261,1.0,30,ICM,0.8,True,0.4168478592969987,0.008541690000129165,8.0,,
1261,1.0,30,ICM,0.85,True,0.3669727665763414,0.008661576999656972,8.0,,
1261,1.0,30,ICM,0.9,True,0.31709767427882307,0.008567671000491828,8.0,0.0,-0.3151755010876971
1261,1.0,30,ICM,0.95,True,0.2672225777994658,0.008709387999260798,8.0,,
1261,1.0,30,ICM,1.0,True,0.21734752542932984,0.008576487000027555,8.0,,
1278,1.0,30,DCM,0.7,True,0.5012427185710608,0.008380424998904346,8.0,,
1278,1.0,30,DCM,0.75,True,0.45111913996979025,0.008730493000257411,8.0,,
1278,1.0,30,DCM,0.8,True,0.4009955625028542,0.00869912099915382,8.0,,
1278,1.0,30,DCM,0.85,True,0.35087198592524277,0.009419577001608559,8.0,,
1278,1.0,30,DCM,0.9,True,0.30074841604386593,0.009465285000260337,8.0,0.0,-0.25181140047383344
1278,1.0,30,DCM,0.95,True,0.2508400052377773,0.009163656999589875,8.0,,
1278,1.0,30,DCM,1.0,True,0.200998917349175,0.009385799001393025,8.0,,
1278,1.0,30,ICM-noSI,0.7,True,0.5000745325995434,0.010680682000383968,8.0,,
1278,1.0,30,ICM-noSI,0.75,True,0.4499664893476229,0.01071899199996551,8.0,,
1278,1.0,30,ICM-noSI,0.8,True,0.3998584415625438,0.01079735600069398,8.0,,
1278,1.0,30,ICM-noSI,0.85,True,0.349750390439992,0.01066679900031886,8.0,,
1278,1.0,30,ICM-noSI,0.9,True,0.2996423607199171,0.01084362299843633,8.0,0.0,-0.35004120733110544
1278,1.0,30,ICM-noSI,0.95,True,0.24975298218648567,0.010841631999937817,8.0,,
1278,1.0,30,ICM-noSI,1.0,True,0.19991982624206978,0.010856810999030131,8.0,,
1278,1.0,30,ICM,0.7,True,0.511756408086873,0.009979320000638836,8.0,,
1278,1.0,30,ICM,0.75,True,0.4617420319809188,0.009737270000186982,8.0,,
1278,1.0,30,ICM,0.8,True,0.41172765655076204,0.009436840999114793,8.0,,
1278,1.0,30,ICM,0.85,True,0.3617132893594215,0.010753663998912089,8.0,,
1278,1.0,30,ICM,0.9,True,0.3116989126211645,0.011459250999905635,8.0,0.0,-0.35879691726916885
1278,1.0,30,ICM,0.95,True,0.26168455545536423,0.009637049999582814,8.0,,
1278,1.0,30,ICM,1.0,True,0.21167020203156087,0.009074044000954018,8.0,,
1295,1.0,30,DCM,0.7,True,0.5126157647279042,0.008179754000593675,8.0,,
1295,1.0,30,DCM,0.75,True,0.4625329098173128,0.008675852999658673,8.0,,
1295,1.0,30,DCM,0.8,True,0.41245005657888867,0.008326650999151752,8.0,,
1295,1.0,30,DCM,0.85,True,0.36236720994311616,0.008210219999455148,8.0,,
1295,1.0,30,DCM,0.9,True,0.31228434759681917,0.008132375998684438,8.0,0.0,-0.3454559954299016
1295,1.0,30,DCM,0.95,True,0.2622187192786323,0.008226877998822602,8.0,,
1295,1.0,30,DCM,1.0,True,0.21227941739947892,0.008264034000603715,8.0,,
1295,1.0,30,ICM-noSI,0.7,True,0.5111161940334381,0.009332600000561797,8.0,,
1295,1.0,30,ICM-noSI,0.75,True,0.46114362032514356,0.00895717700041132,8.0,,
1295,1.0,30,ICM-noSI,0.8,True,0.4111710464550475,0.00888904699968407,8.0,,
1295,1.0,30,ICM-noSI,0.85,True,0.3611984780985771,0.008916390001104446,8.0,,
1295,1.0,30,ICM-noSI,0.9,True,0.3112259015953085,0.00847267099925375,8.0,0.0,-0.34520378883290925
1295,1.0,30,ICM-noSI,0.95,True,0.26125333667836753,0.00867426800141402,8.0,,
1295,1.0,30,ICM-noSI,1.0,True,0.21128822524906785,0.00869177299864532,8.0,,
1295,1.0,30,ICM,0.7,True,0.5148564243519987,0.009519412998997723,8.0,,
1295,1.0,30,ICM,0.75,True,0.4648568647734173,0.010064545998829999,8.0,,
1295,1.0,30,ICM,0.8,True,0.41485730732251347,0.010110004001035122,8.0,,
1295,1.0,30,ICM,0.85,True,0.3648577425235835,0.009460099001444178,8.0,,
1295,1.0,30,ICM,0.9,True,0.31485819655083297,0.009234830000423244,8.0,0.0,-0.3626701388413829
1295,1.0,30,ICM,0.95,True,0.26485863574569046,0.00876785599939467,8.0,,
1295,1.0,30,ICM,1.0,True,0.2148590816637014,0.009148634999291971,8.0,,
1312,1.0,30,DCM,0.7,True,0.5147518939545584,0.008924732999730622,8.0,,
1312,1.0,30,DCM,0.75,True,0.4654154862402489,0.008910179998565582,8.0,,
1312,1.0,30,DCM,0.8,True,0.41607906480380696,0.008890967001207173,8.0,,
1312,1.0,30,DCM,0.85,True,0.3667426422111727,0.00902833100008138,8.0,,
1312,1.0,30,DCM,0.9,True,0.31740621639376787,0.009407639001437929,8.0,0.0,-0.31041449833060963
1312,1.0,30,DCM,0.95,True,0.2680698012149777,0.009681916000772617,8.0,,
1312,1.0,30,DCM,1.0,True,0.21881529118819062,0.008838371000820189,8.0,,
1312,1.0,30,ICM-noSI,0.7,True,0.5153712462329842,0.008772798999416409,8.0,,
1312,1.0,30,ICM-noSI,0.75,True,0.4661004078647775,0.008625964001112152,8.0,,
1312,1.0,30,ICM-noSI,0.8,True,0.4168295560900921,0.008426164000411518,8.0,,
1312,1.0,30,ICM-noSI,0.85,True,0.36755870321458783,0.008467625000776025,8.0,,
1312,1.0,30,ICM-noSI,0.9,True,0.3182878469755278,0.008371177000299213,8.0,0.0,-0.3111028264519695
1312,1.0,30,ICM-noSI,0.95,True,0.26901700106410087,0.008594594999522087,8.0,,
1312,1.0,30,ICM-noSI,1.0,True,0.21983489787187332,0.008665052000651485,8.0,,
1312,1.0,30,ICM,0.7,True,0.514365510554044,0.046401280000281986,8.0,,
1312,1.0,30,ICM,0.75,True,0.46457149226473093,0.012408991999109276,8.0,,
1312,1.0,30,ICM,0.8,True,0.4147774742142571,0.014034161000381573,8.0,,
1312,1.0,30,ICM,0.85,True,0.36498345341078053,0.014750746999197872,8.0,,
1312,1.0,30,ICM,0.9,True,0.31518943516213926,0.014799425998717197,8.0,0.0,-0.30880749024900045
1312,1.0,30,ICM,0.95,True,0.2653954165462033,0.01511078299881774,8.0,,
1312,1.0,30,ICM,1.0,True,0.21560141818800505,0.014643206999608083,8.0,,
1329,1.0,30,DCM,0.7,True,0.5211226980904751,0.008971419998488273,8.0,,
1329,1.0,30,DCM,0.75,True,0.4709284720825141,0.00934727300045779,8.0,,
1329,1.0,30,DCM,0.8,True,0.42073422811506367,0.009523628999886569,8.0,,
1329,1.0,30,DCM,0.85,True,0.37053998430148377,0.00928635800119082,8.0,,
1329,1.0,30,DCM,0.9,True,0.32034572546785667,0.009041625000463682,8.0,0.0,-0.355021486492188
1329,1.0,30,DCM,0.95,True,0.2701890221156436,0.0093644589996984,8.0,,
1329,1.0,30,DCM,1.0,True,0.220184983094645,0.009301055000833003,8.0,,
1329,1.0,30,ICM-noSI,0.7,True,0.522010879400586,0.008800854000583058,8.0,,
1329,1.0,30,ICM-noSI,0.75,True,0.4718149619410343,0.008467961000860669,8.0,,
1329,1.0,30,ICM-noSI,0.8,True,0.4216190444784677,0.008566800999687985,8.0,,
1329,1.0,30,ICM-noSI,0.85,True,0.37142312691073065,0.008665198000016971,8.0,,
1329,1.0,30,ICM-noSI,0.9,True,0.3212272096544943,0.008302170999741065,8.0,0.0,-0.3546010425966116
1329,1.0,30,ICM-noSI,0.95,True,0.2710643298504696,0.010327316998882452,8.0,,
1329,1.0,30,ICM-noSI,1.0,True,0.22101582060946692,0.009366380001665675,8.0,,
1329,1.0,30,ICM,0.7,True,0.5195010307379054,0.008620881000751979,8.0,,
1329,1.0,30,ICM,0.75,True,0.4694497350517109,0.008153912998750457,8.0,,
1329,1.0,30,ICM,0.8,True,0.41939843935426674,0.008376047999263392,8.0,,
1329,1.0,30,ICM,0.85,True,0.36934715821530884,0.008815660999971442,8.0,,
1329,1.0,30,ICM,0.9,True,0.31929586513391145,0.008787525999650825,8.0,0.0,-0.357442047816251
1329,1.0,30,ICM,0.95,True,0.2692445747122835,0.010296620999724837,8.0,,
1329,1.0,30,ICM,1.0,True,0.21919329543867436,0.01027838200025144,8.0,,
1346,1.0,30,DCM,0.7,True,0.5059516324365895,0.008572493999963626,8.0,,
1346,1.0,30,DCM,0.75,True,0.45661002398984063,0.008295261000967002,8.0,,
1346,1.0,30,DCM,0.8,True,0.4072684154847521,0.008204391999242944,8.0,,
1346,1.0,30,DCM,0.85,True,0.35792680348600076,0.008467212999676121,8.0,,
1346,1.0,30,DCM,0.9,True,0.3085851896776528,0.008296042999063502,8.0,0.0,-0.33264862974725795
1346,1.0,30,DCM,0.95,True,0.25924358119433155,0.008571615999244386,8.0,,
1346,1.0,30,DCM,1.0,True,0.20990198280992045,0.008515944999089697,8.0,,
1346,1.0,30,ICM-noSI,0.7,True,0.5038421256212635,0.008741850999285816,8.0,,
1346,1.0,30,ICM-noSI,0.75,True,0.45453173834508553,0.009165547000520746,8.0,,
1346,1.0,30,ICM-noSI,0.8,True,0.40522135115975016,0.00867378099974303,8.0,,
1346,1.0,30,ICM-noSI,0.85,True,0.35591096014484835,0.008523054000761476,8.0,,
1346,1.0,30,ICM-noSI,0.9,True,0.30660057703831495,0.008627084998806822,8.0,0.0,-0.3313782626565309
1346,1.0,30,ICM-noSI,0.95,True,0.2572901890235598,0.00839200300106313,8.0,,
1346,1.0,30,ICM-noSI,1.0,True,0.20797980115349884,0.008722384000066086,8.0,,
1346,1.0,30,ICM,0.7,True,0.5127164263826456,0.008599429998866981,8.0,,
1346,1.0,30,ICM,0.75,True,0.4629920688213475,0.0086456110002473,8.0,,
1346,1.0,30,ICM,0.8,True,0.4132677112322321,0.008186356000805972,8.0,,
1346,1.0,30,ICM,0.85,True,0.3635433534798131,0.008165078999809339,8.0,,
1346,1.0,30,ICM,0.9,True,0.3138189924728847,0.008163672999216942,8.0,0.0,-0.3360260860806613
1346,1.0,30,ICM,0.95,True,0.2640946336891599,0.008466613999189576,8.0,,
1346,1.0,30,ICM,1.0,True,0.21437027545080758,0.008238252999944962,8.0,,
1363,1.0,30,DCM,0.7,True,0.5132232319813481,0.008462724999844795,8.0,,
1363,1.0,30,DCM,0.75,True,0.46329723403019857,0.00838635800027987,8.0,,
1363,1.0,30,DCM,0.8,True,0.41337124563535455,0.00821056899985706,8.0,,
1363,1.0,30,DCM,0.85,True,0.3634452492073945,0.008628159999716445,8.0,,
1363,1.0,30,DCM,0.9,True,0.31351925320583884,0.008456469999146066,8.0,0.0,-0.34138466300337444
1363,1.0,30,DCM,0.95,True,0.2639597143251572,0.008598800999607192,8.0,,
1363,1.0,30,DCM,1.0,True,0.21455186102032453,0.008626150000054622,8.0,,
1363,1.0,30,ICM-noSI,0.7,True,0.5136644711577074,0.00852885699896433,8.0,,
1363,1.0,30,ICM-noSI,0.75,True,0.4637296993706142,0.008739952998439549,8.0,,
1363,1.0,30,ICM-noSI,0.8,True,0.4137949368800812,0.008950204999564448,8.0,,
1363,1.0,30,ICM-noSI,0.85,True,0.3638601667286545,0.009249219998309854,8.0,,
1363,1.0,30,ICM-noSI,0.9,True,0.313925397122776,0.008955025999966892,8.0,0.0,-0.34088932806132
1363,1.0,30,ICM-noSI,0.95,True,0.2643847935160728,0.009170829000140657,8.0,,
1363,1.0,30,ICM-noSI,1.0,True,0.21501225358455692,0.008869721999872127,8.0,,
1363,1.0,30,ICM,0.7,True,0.5153728268654565,0.00815483599944855,8.0,,
1363,1.0,30,ICM,0.75,True,0.4654554841523467,0.008238783999331645,8.0,,
1363,1.0,30,ICM,0.8,True,0.4155381419236457,0.008172265999746742,8.0,,
1363,1.0,30,ICM,0.85,True,0.36562081122486395,0.008195508999051526,8.0,,
1363,1.0,30,ICM,0.9,True,0.31570346502343255,0.009154762999969535,8.0,0.0,-0.34179522264749296
1363,1.0,30,ICM,0.95,True,0.2657861691271185,0.010649961999661173,8.0,,
1363,1.0,30,ICM,1.0,True,0.21586889749771898,0.00972700599959353,8.0,,
1380,1.0,30,DCM,0.7,True,0.5042246051202012,0.008683321999342297,8.0,,
1380,1.0,30,DCM,0.75,True,0.4544257002029611,0.00889188600012858,8.0,,
1380,1.0,30,DCM,0.8,True,0.4046267952868078,0.008646109999972396,8.0,,
1380,1.0,30,DCM,0.85,True,0.354827890378776,0.008471146000374574,8.0,,
1380,1.0,30,DCM,0.9,True,0.3050289854901752,0.009693161999166477,8.0,0.0,-0.31717936612969866
1380,1.0,30,DCM,0.95,True,0.2552300679226806,0.010849923999558087,8.0,,
1380,1.0,30,DCM,1.0,True,0.20607135662112408,0.01033457300036389,8.0,,
1380,1.0,30,ICM-noSI,0.7,True,0.5039644382402687,0.008751545001359773,8.0,,
1380,1.0,30,ICM-noSI,0.75,True,0.4541983919916686,0.00921172500056855,8.0,,
1380,1.0,30,ICM-noSI,0.8,True,0.4044323457380706,0.008921268999984022,8.0,,
1380,1.0,30,ICM-noSI,0.85,True,0.35466629946772776,0.008726272000785684,8.0,,
1380,1.0,30,ICM-noSI,0.9,True,0.3049002532043295,0.008711280999705195,8.0,0.0,-0.3184714861259754
1380,1.0,30,ICM-noSI,0.95,True,0.25513419719568536,0.008679500000653206,8.0,,
1380,1.0,30,ICM-noSI,1.0,True,0.20598239669101753,0.008577593000154593,8.0,,
1380,1.0,30,ICM,0.7,True,0.5158762943830802,0.008129664000080083,8.0,,
1380,1.0,30,ICM,0.75,True,0.466121938260576,0.00875934899886488,8.0,,
1380,1.0,30,ICM,0.8,True,0.4163675721607385,0.009360056999867084,8.0,,
1380,1.0,30,ICM,0.85,True,0.36661320801188474,0.008937015998526476,8.0,,
1380,1.0,30,ICM,0.9,True,0.31685883893639744,0.009219263001796207,8.0,0.0,-0.3352721492939086
1380,1.0,30,ICM,0.95,True,0.26710446878307376,0.009165460998701747,8.0,,
1380,1.0,30,ICM,1.0,True,0.21735015757403756,0.009324222000941518,8.0,,
1397,1.0,30,DCM,0.7,True,0.5041451351966959,0.008532972000466543,8.0,,
1397,1.0,30,DCM,0.75,True,0.4542343514585769,0.00861740300024394,8.0,,
1397,1.0,30,DCM,0.8,True,0.4043235750953673,0.008592032998421928,8.0,,
1397,1.0,30,DCM,0.85,True,0.35441278982431024,0.008714968998901895,8.0,,
1397,1.0,30,DCM,0.9,True,0.30450199723171256,0.009217673001330695,8.0,0.0,-0.28476087403483064
1397,1.0,30,DCM,0.95,True,0.2550220041188134,0.008706724000148824,8.0,,
1397,1.0,30,DCM,1.0,True,0.20561193753349521,0.00881431000016164,8.0,,
1397,1.0,30,ICM-noSI,0.7,True,0.5037898899369939,0.010808918999828165,8.0,,
1397,1.0,30,ICM-noSI,0.75,True,0.45391068334506357,0.01066479000110121,8.0,,
1397,1.0,30,ICM-noSI,0.8,True,0.40403148501261615,0.00982395899882249,8.0,,
1397,1.0,30,ICM-noSI,0.85,True,0.35415227776906966,0.009308192000389681,8.0,,
1397,1.0,30,ICM-noSI,0.9,True,0.30427306537545246,0.008676695000758627,8.0,0.0,-0.2845751747811899
1397,1.0,30,ICM-noSI,0.95,True,0.25482031808201555,0.008961531000750256,8.0,,
1397,1.0,30,ICM-noSI,1.0,True,0.20542976453191572,0.009096334999412647,8.0,,
1397,1.0,30,ICM,0.7,True,0.5151792368964276,0.010541231000388507,8.0,,
1397,1.0,30,ICM,0.75,True,0.4650061152502425,0.009981074001188972,8.0,,
1397,1.0,30,ICM,0.8,True,0.41483299254854783,0.00929541900040931,8.0,,
1397,1.0,30,ICM,0.85,True,0.36465986940183204,0.00912760699975479,8.0,,
1397,1.0,30,ICM,0.9,True,0.3144867493035899,0.009552308998536319,8.0,0.0,-0.2925773968494674
1397,1.0,30,ICM,0.95,True,0.264313647046113,0.011529021998285316,8.0,,
1397,1.0,30,ICM,1.0,True,0.21414054824195924,0.010149001000172575,8.0,,
1414,1.0,30,DCM,0.7,True,0.5143990547969882,0.00894044400047278,8.0,,
1414,1.0,30,DCM,0.75,True,0.4649657719030577,0.008804315999441314,8.0,,
1414,1.0,30,DCM,0.8,True,0.41553248864351344,0.009107071000471478,8.0,,
1414,1.0,30,DCM,0.85,True,0.3660992019872099,0.009231986998202046,8.0,,
1414,1.0,30,DCM,0.9,True,0.31666592435796814,0.009142302000327618,8.0,0.0,-0.3171180404081181
1414,1.0,30,DCM,0.95,True,0.26725599752430973,0.008679485999891767,8.0,,
1414,1.0,30,DCM,1.0,True,0.21785599132090178,0.009161709998807055,8.0,,
1414,1.0,30,ICM-noSI,0.7,True,0.5148348441734758,0.008536952998838387,8.0,,
1414,1.0,30,ICM-noSI,0.75,True,0.4654996116433298,0.009054146001290064,8.0,,
1414,1.0,30,ICM-noSI,0.8,True,0.41616437886832863,0.008791894999376382,8.0,,
1414,1.0,30,ICM-noSI,0.85,True,0.36682914589482385,0.00858359400081099,8.0,,
1414,1.0,30,ICM-noSI,0.9,True,0.31749391163749774,0.008675749999383697,8.0,0.0,-0.3177508850636216
1414,1.0,30,ICM-noSI,0.95,True,0.26815868465643355,0.008675779001350747,8.0,,
1414,1.0,30,ICM-noSI,1.0,True,0.2188234511081633,0.008593131000452559,8.0,,
1414,1.0,30,ICM,0.7,True,0.5167686191624296,0.008683153999299975,8.0,,
1414,1.0,30,ICM,0.75,True,0.46688786155961165,0.008490784000969143,8.0,,
1414,1.0,30,ICM,0.8,True,0.41700710410852543,0.008428105998973479,8.0,,
1414,1.0,30,ICM,0.85,True,0.3671263460774416,0.00849325899980613,8.0,,
1414,1.0,30,ICM,0.9,True,0.31724558745298265,0.008573217999582994,8.0,0.0,-0.31782790500682767
1414,1.0,30,ICM,0.95,True,0.26736482863700783,0.009724788998937584,8.0,,
1414,1.0,30,ICM,1.0,True,0.21748406875979143,0.010381666999819572,8.0,,
1431,1.0,30,DCM,0.7,True,0.5171715779445957,0.008667448000778677,8.0,,
1431,1.0,30,DCM,0.75,True,0.4671757202235083,0.008361950000107754,8.0,,
1431,1.0,30,DCM,0.8,True,0.4171798757471648,0.009079139001187286,8.0,,
1431,1.0,30,DCM,0.85,True,0.3671840214997585,0.00895011500142573,8.0,,
1431,1.0,30,DCM,0.9,True,0.3171881670141534,0.008691390001331456,8.0,0.0,-0.28001784389730866
1431,1.0,30,DCM,0.95,True,0.2671923123728212,0.008735887000511866,8.0,,
1431,1.0,30,DCM,1.0,True,0.21730030015190557,0.008619960999567411,8.0,,
1431,1.0,30,ICM-noSI,0.7,True,0.5175174505730308,0.00866505900012271,8.0,,
1431,1.0,30,ICM-noSI,0.75,True,0.467488812801156,0.009050282998941839,8.0,,
1431,1.0,30,ICM-noSI,0.8,True,0.417460180979909,0.008774693000304978,8.0,,
1431,1.0,30,ICM-noSI,0.85,True,0.3674315433748208,0.008441773001322872,8.0,,
1431,1.0,30,ICM-noSI,0.9,True,0.3174029052564648,0.008753051999519812,8.0,0.0,-0.2797189201027508
1431,1.0,30,ICM-noSI,0.95,True,0.26737426734682074,0.0087264129997493,8.0,,
1431,1.0,30,ICM-noSI,1.0,True,0.21743940756216815,0.00859426300121413,8.0,,
1431,1.0,30,ICM,0.7,True,0.5159141092266811,0.009091934000025503,8.0,,
1431,1.0,30,ICM,0.75,True,0.46587213176781017,0.009014261000629631,8.0,,
1431,1.0,30,ICM,0.8,True,0.4158301536956478,0.008793498000159161,8.0,,
1431,1.0,30,ICM,0.85,True,0.3657881819082841,0.008805117000520113,8.0,,
1431,1.0,30,ICM,0.9,True,0.31574621260791774,0.008612974999778089,8.0,0.0,-0.2946931454947508
1431,1.0,30,ICM,0.95,True,0.26570423222366757,0.008826553999824682,8.0,,
1431,1.0,30,ICM,1.0,True,0.2156622658103161,0.009725931000502896,8.0,,
1448,1.0,30,DCM,0.7,True,0.520182333513992,0.008592104000854306,8.0,,
1448,1.0,30,DCM,0.75,True,0.47109084583296384,0.008196196999051608,8.0,,
1448,1.0,30,DCM,0.8,True,0.42199935807847844,0.008112651999908849,8.0,,
1448,1.0,30,DCM,0.85,True,0.3729078701465685,0.008257649998995475,8.0,,
1448,1.0,30,DCM,0.9,True,0.3238163792352124,0.008635559001049842,8.0,0.0,-0.4427347274817578
1448,1.0,30,DCM,0.95,True,0.2747248988816919,0.008650590998513508,8.0,,
1448,1.0,30,DCM,1.0,True,0.22563341048910912,0.008574859000873403,8.0,,
1448,1.0,30,ICM-noSI,0.7,True,0.5230036117380635,0.008716218999325065,8.0,,
1448,1.0,30,ICM-noSI,0.75,True,0.4741370573449584,0.008315033001053962,8.0,,
1448,1.0,30,ICM-noSI,0.8,True,0.4252705027315971,0.008537181000065175,8.0,,
1448,1.0,30,ICM-noSI,0.85,True,0.3764039478332678,0.00861495499884768,8.0,,
1448,1.0,30,ICM-noSI,0.9,True,0.32753739171617885,0.008467825000479934,8.0,0.0,-0.4449554441612906
1448,1.0,30,ICM-noSI,0.95,True,0.27867084349592786,0.008890959999916959,8.0,,
1448,1.0,30,ICM-noSI,1.0,True,0.22980428821987484,0.009479038000790752,8.0,,
1448,1.0,30,ICM,0.7,True,0.5168021795842398,0.008273280000139493,8.0,,
1448,1.0,30,ICM,0.75,True,0.46685979115484166,0.00833211300050607,8.0,,
1448,1.0,30,ICM,0.8,True,0.4169174043930424,0.00845539900001313,8.0,,
1448,1.0,30,ICM,0.85,True,0.366975012706835,0.008436100999460905,8.0,,
1448,1.0,30,ICM,0.9,True,0.3170326317695851,0.00814801300111867,8.0,0.0,-0.37508701137204226
1448,1.0,30,ICM,0.95,True,0.26709024235675705,0.008963206999396789,8.0,,
1448,1.0,30,ICM,1.0,True,0.21714785428178357,0.010184120999838342,8.0,,
1465,1.0,30,DCM,0.7,True,0.5248815318057829,0.00859773599950131,8.0,,
1465,1.0,30,DCM,0.75,True,0.4745776373494897,0.008255798999016406,8.0,,
1465,1.0,30,DCM,0.8,True,0.4242737391670144,0.008254854001279455,8.0,,
1465,1.0,30,DCM,0.85,True,0.3739698261946956,0.00871967100101756,8.0,,
1465,1.0,30,DCM,0.9,True,0.3236659388188895,0.008713310000530328,8.0,0.0,-0.34856759564872764
1465,1.0,30,DCM,0.95,True,0.2733620380511226,0.00875233499937167,8.0,,
1465,1.0,30,DCM,1.0,True,0.2230581372664164,0.00836438099941006,8.0,,
1465,1.0,30,ICM-noSI,0.7,True,0.5244628631878323,0.008533782000085921,8.0,,
1465,1.0,30,ICM-noSI,0.75,True,0.4741690403007521,0.008518279000782059,8.0,,
1465,1.0,30,ICM-noSI,0.8,True,0.4238752169263727,0.008103751000817283,8.0,,
1465,1.0,30,ICM-noSI,0.85,True,0.3735813918784196,0.008579491999626043,8.0,,
1465,1.0,30,ICM-noSI,0.9,True,0.32328757186554186,0.008266343998911907,8.0,0.0,-0.348305907925304
1465,1.0,30,ICM-noSI,0.95,True,0.27299374815146504,0.008537933999832603,8.0,,
1465,1.0,30,ICM-noSI,1.0,True,0.22269992456293636,0.008326003999172826,8.0,,
1465,1.0,30,ICM,0.7,True,0.5191622576797184,0.008719831001144485,8.0,,
1465,1.0,30,ICM,0.75,True,0.46895591002661724,0.008823412001220277,8.0,,
1465,1.0,30,ICM,0.8,True,0.41874956238572314,0.008863552999173407,8.0,,
1465,1.0,30,ICM,0.85,True,0.36854321437136656,0.008740696999666397,8.0,,
1465,1.0,30,ICM,0.9,True,0.3183368661837365,0.008743234000576194,8.0,0.0,-0.3337693199182097
1465,1.0,30,ICM,0.95,True,0.26813051684499634,0.008722986000066157,8.0,,
1465,1.0,30,ICM,1.0,True,0.21792419310530942,0.008210929001506884,8.0,,
1482,1.0,30,DCM,0.7,True,0.5135870290346364,0.008868117000019993,8.0,,
1482,1.0,30,DCM,0.75,True,0.463622220858959,0.008720646999790915,8.0,,
1482,1.0,30,DCM,0.8,True,0.41365740158196135,0.008916199001760106,8.0,,
1482,1.0,30,DCM,0.85,True,0.3636925821191376,0.008712954999282374,8.0,,
1482,1.0,30,DCM,0.9,True,0.3137277540986469,0.008605516999523388,8.0,0.0,-0.3602002812187346
1482,1.0,30,DCM,0.95,True,0.2641399055223278,0.008892915999240358,8.0,,
1482,1.0,30,DCM,1.0,True,0.21479034825849638,0.008640471000035177,8.0,,
1482,1.0,30,ICM-noSI,0.7,True,0.5126916712608524,0.008590702000219608,8.0,,
1482,1.0,30,ICM-noSI,0.75,True,0.46270389188123573,0.008288586001071963,8.0,,
1482,1.0,30,ICM-noSI,0.8,True,0.412716102766426,0.008732472999327001,8.0,,
1482,1.0,30,ICM-noSI,0.85,True,0.36272831345459583,0.00868460700075957,8.0,,
1482,1.0,30,ICM-noSI,0.9,True,0.31274051340056697,0.00856697100061865,8.0,0.0,-0.3600634537030143
1482,1.0,30,ICM-noSI,0.95,True,0.26317115943625474,0.008718581000721315,8.0,,
1482,1.0,30,ICM-noSI,1.0,True,0.21386232737018232,0.00864034400001401,8.0,,
1482,1.0,30,ICM,0.7,True,0.5173726718115106,0.008733488000871148,8.0,,
1482,1.0,30,ICM,0.75,True,0.4674875863382823,0.009099783001147443,8.0,,
1482,1.0,30,ICM,0.8,True,0.4176025015897362,0.008764576999965357,8.0,,
1482,1.0,30,ICM,0.85,True,0.3677174166327105,0.008742715001062606,8.0,,
1482,1.0,30,ICM,0.9,True,0.3178323359023919,0.008818461999908322,8.0,0.0,-0.3559610944859729
1482,1.0,30,ICM,0.95,True,0.26794730058747435,0.008737007001400343,8.0,,
1482,1.0,30,ICM,1.0,True,0.21806230063876206,0.00914613900022232,8.0,,
1499,1.0,30,DCM,0.7,True,0.512866044295591,0.00880200000028708,8.0,,
1499,1.0,30,DCM,0.75,True,0.46348019024989273,0.008730098999876645,8.0,,
1499,1.0,30,DCM,0.8,True,0.4140943362501309,0.008334811000167974,8.0,,
1499,1.0,30,DCM,0.85,True,0.3647084822187222,0.008591956999225658,8.0,,
1499,1.0,30,DCM,0.9,True,0.3153226254670736,0.008930198999223649,8.0,0.0,-0.28630816117309066
1499,1.0,30,DCM,0.95,True,0.26593677373910457,0.00847321000037482,8.0,,
1499,1.0,30,DCM,1.0,True,0.21663412888053576,0.008500638999976218,8.0,,
1499,1.0,30,ICM-noSI,0.7,True,0.5131218542907988,0.008298110000396264,8.0,,
1499,1.0,30,ICM-noSI,0.75,True,0.4637542140257069,0.008288930999697186,8.0,,
1499,1.0,30,ICM-noSI,0.8,True,0.414386574035118,0.00836603199968522,8.0,,
1499,1.0,30,ICM-noSI,0.85,True,0.36501893481685665,0.00815935399987211,8.0,,
1499,1.0,30,ICM-noSI,0.9,True,0.3156512874025005,0.008405299000514788,8.0,0.0,-0.2870573181792352
1499,1.0,30,ICM-noSI,0.95,True,0.26628365539442467,0.00874352299979364,8.0,,
1499,1.0,30,ICM-noSI,1.0,True,0.21701145609162653,0.00855511900044803,8.0,,
1499,1.0,30,ICM,0.7,True,0.5180225555092859,0.008972666000772733,8.0,,
1499,1.0,30,ICM,0.75,True,0.4681175171996631,0.008801112000583089,8.0,,
1499,1.0,30,ICM,0.8,True,0.41821246790133404,0.008877602000211482,8.0,,
1499,1.0,30,ICM,0.85,True,0.368307418584096,0.00923187899934419,8.0,,
1499,1.0,30,ICM,0.9,True,0.31840236658062393,0.009230631001628353,8.0,0.0,-0.2852193600101882
1499,1.0,30,ICM,0.95,True,0.26849731219063583,0.008586841000578715,8.0,,
1499,1.0,30,ICM,1.0,True,0.2185922984053355,0.008987714998511365,8.0,,
1516,1.0,30,DCM,0.7,True,0.5225566639969583,0.008965634999185568,8.0,,
1516,1.0,30,DCM,0.75,True,0.4726928752634147,0.008587643000282696,8.0,,
1516,1.0,30,DCM,0.8,True,0.422829085572129,0.008292924998386297,8.0,,
1516,1.0,30,DCM,0.85,True,0.3729653053775836,0.00849341200046183,8.0,,
1516,1.0,30,DCM,0.9,True,0.3231015144120349,0.008559796999179525,8.0,0.0,-0.2976202608643126
1516,1.0,30,DCM,0.95,True,0.2732377263372946,0.008619166999778827,8.0,,
1516,1.0,30,DCM,1.0,True,0.22353230010564148,0.008406615001149476,8.0,,
1516,1.0,30,ICM-noSI,0.7,True,0.521427455620729,0.00868627699856006,8.0,,
1516,1.0,30,ICM-noSI,0.75,True,0.47158569863360444,0.008480713999233558,8.0,,
1516,1.0,30,ICM-noSI,0.8,True,0.42174394992154624,0.008302070000354433,8.0,,
1516,1.0,30,ICM-noSI,0.85,True,0.37190219174751515,0.008605487999375327,8.0,,
1516,1.0,30,ICM-noSI,0.9,True,0.3220604326567219,0.008565359999920474,8.0,0.0,-0.2915942844124281
1516,1.0,30,ICM-noSI,0.95,True,0.2722186744346197,0.008653854998556199,8.0,,
1516,1.0,30,ICM-noSI,1.0,True,0.22260989239082354,0.008253076999608311,8.0,,
1516,1.0,30,ICM,0.7,True,0.5173902632153812,0.008592424001108157,8.0,,
1516,1.0,30,ICM,0.75,True,0.4674843663637934,0.008742306999920402,8.0,,
1516,1.0,30,ICM,0.8,True,0.4175784772656125,0.008630952999737929,8.0,,
1516,1.0,30,ICM,0.85,True,0.3676725831973075,0.009021669000503607,8.0,,
1516,1.0,30,ICM,0.9,True,0.31776668717825873,0.009204693000356201,8.0,0.0,-0.29872945253931105
1516,1.0,30,ICM,0.95,True,0.2678607853103651,0.009102504000111367,8.0,,
1516,1.0,30,ICM,1.0,True,0.21795492409677703,0.008753482999964035,8.0,,
1533,1.0,30,DCM,0.7,True,0.5158229225780103,0.00892300499981502,8.0,,
1533,1.0,30,DCM,0.75,True,0.46609989323765605,0.008727937000003294,8.0,,
1533,1.0,30,DCM,0.8,True,0.41637686387138484,0.009169653001663391,8.0,,
1533,1.0,30,DCM,0.85,True,0.36665383667636686,0.008921247999751358,8.0,,
1533,1.0,30,DCM,0.9,True,0.3169308100896255,0.008708155999556766,8.0,0.0,-0.3286225367612844
1533,1.0,30,DCM,0.95,True,0.2672077935417349,0.008784865000052378,8.0,,
1533,1.0,30,DCM,1.0,True,0.21749411809508604,0.008647601998745813,8.0,,
1533,1.0,30,ICM-noSI,0.7,True,0.5155227081644101,0.00848448500073573,8.0,,
1533,1.0,30,ICM-noSI,0.75,True,0.4658352762679746,0.008682228000907344,8.0,,
1533,1.0,30,ICM-noSI,0.8,True,0.41614784417800205,0.00856336400102009,8.0,,
1533,1.0,30,ICM-noSI,0.85,True,0.3664604113811991,0.008526308998625609,8.0,,
1533,1.0,30,ICM-noSI,0.9,True,0.3167729861817824,0.00870793399917602,8.0,0.0,-0.3289246281512097
1533,1.0,30,ICM-noSI,0.95,True,0.2670855541546211,0.008824996999464929,8.0,,
1533,1.0,30,ICM-noSI,1.0,True,0.2174002375010978,0.00924201400084712,8.0,,
1533,1.0,30,ICM,0.7,True,0.5164786914280095,0.008352130000275793,8.0,,
1533,1.0,30,ICM,0.75,True,0.46643488227040164,0.008479966998493182,8.0,,
1533,1.0,30,ICM,0.8,True,0.4163910630342228,0.0083523339999374,8.0,,
1533,1.0,30,ICM,0.85,True,0.3663472645010933,0.00830100900020625,8.0,,
1533,1.0,30,ICM,0.9,True,0.3163034509838575,0.008887660000254982,8.0,0.0,-0.32970579206402006
1533,1.0,30,ICM,0.95,True,0.2662596421073009,0.008813173000817187,8.0,,
1533,1.0,30,ICM,1.0,True,0.21621585903577592,0.008667865000461461,8.0,,
2210,2.0,30,DCM,0.7,True,0.513116865952372,0.009329238000646,8.0,,
2210,2.0,30,DCM,0.75,True,0.4621756120756904,0.00950731199918664,8.0,,
2210,2.0,30,DCM,0.8,True,0.4112343820342835,0.0104838050010585,8.0,,
2210,2.0,30,DCM,0.85,True,0.3602931373347742,0.009934269000950735,8.0,,
2210,2.0,30,DCM,0.9,True,0.309351890997743,0.009436128000743338,8.0,0.0,-0.3091573115263194
2210,2.0,30,DCM,0.95,True,0.25852383671620416,0.009390140998220886,8.0,,
2210,2.0,30,DCM,1.0,True,0.20904416279964116,0.00910072599981504,8.0,,
2210,2.0,30,ICM-noSI,0.7,True,0.5131162689277237,0.008698800000274787,8.0,,
2210,2.0,30,ICM-noSI,0.75,True,0.4621777532755962,0.008936628999435925,8.0,,
2210,2.0,30,ICM-noSI,0.8,True,0.41123925859164695,0.009100078001210932,8.0,,
2210,2.0,30,ICM-noSI,0.85,True,0.3603007512977312,0.009310817000368843,8.0,,
2210,2.0,30,ICM-noSI,0.9,True,0.3093622423487578,0.009091779000300448,8.0,0.0,-0.3092188381883466
2210,2.0,30,ICM-noSI,0.95,True,0.2585343669174998,0.009111121000387357,8.0,,
2210,2.0,30,ICM-noSI,1.0,True,0.20904416036625925,0.009051697999893804,8.0,,
2210,2.0,30,ICM,0.7,True,0.5151684675883001,0.008271114998933626,8.0,,
2210,2.0,30,ICM,0.75,True,0.4650797080670474,0.008483359999445383,8.0,,
2210,2.0,30,ICM,0.8,True,0.4149909464296717,0.008624746998975752,8.0,,
2210,2.0,30,ICM,0.85,True,0.36490219540187596,0.008455963999949745,8.0,,
2210,2.0,30,ICM,0.9,True,0.3148134367579792,0.008166260000507464,8.0,0.0,-0.3093852219311899
2210,2.0,30,ICM,0.95,True,0.26478552188455456,0.0082378079987393,8.0,,
2210,2.0,30,ICM,1.0,True,0.21492645156539777,0.008327568000822794,8.0,,
2227,2.0,30,DCM,0.7,True,0.5381380196704622,0.009004375000586151,8.0,,
2227,2.0,30,DCM,0.75,True,0.4877026110007937,0.008703001998583204,8.0,,
2227,2.0,30,DCM,0.8,True,0.4372672039156643,0.008915546000935137,8.0,,
2227,2.0,30,DCM,0.85,True,0.38683181269185013,0.008649864999824786,8.0,,
2227,2.0,30,DCM,0.9,True,0.33639640865902243,0.008758169000429916,8.0,0.0,-0.3677170998173972
2227,2.0,30,DCM,0.95,True,0.28596100429518734,0.008570288999180775,8.0,,
2227,2.0,30,DCM,1.0,True,0.2358758862095761,0.008594343000368099,8.0,,
2227,2.0,30,ICM-noSI,0.7,True,0.5415690943395227,0.009077684000658337,8.0,,
2227,2.0,30,ICM-noSI,0.75,True,0.49106130093107575,0.009318214999439078,8.0,,
2227,2.0,30,ICM-noSI,0.8,True,0.440553509859596,0.009143612000116264,8.0,,
2227,2.0,30,ICM-noSI,0.85,True,0.39004573563982353,0.008769104000748484,8.0,,
2227,2.0,30,ICM-noSI,0.9,True,0.33953794674497056,0.009103631000471069,8.0,0.0,-0.36984968554845843
2227,2.0,30,ICM-noSI,0.95,True,0.28903015758651873,0.008880640998540912,8.0,,
2227,2.0,30,ICM-noSI,1.0,True,0.23884362100358955,0.009416625000085332,8.0,,
2227,2.0,30,ICM,0.7,True,0.5358842407768851,0.008739775999856647,8.0,,
2227,2.0,30,ICM,0.75,True,0.48574712925413766,0.008948486000008415,8.0,,
2227,2.0,30,ICM,0.8,True,0.43561001160527496,0.008971117000328377,8.0,,
2227,2.0,30,ICM,0.85,True,0.38547289317613337,0.008581075999245513,8.0,,
2227,2.0,30,ICM,0.9,True,0.33533577272460857,0.008664349999889964,8.0,0.0,-0.3680421025608218
2227,2.0,30,ICM,0.95,True,0.2852775726246495,0.008850492999044945,8.0,,
2227,2.0,30,ICM,1.0,True,0.23534523744841948,0.008816949999527424,8.0,,
2244,2.0,30,DCM,0.7,True,0.5128015941222839,0.008590346000346472,8.0,,
2244,2.0,30,DCM,0.75,True,0.46368694309664,0.008741916000872152,8.0,,
2244,2.0,30,DCM,0.8,True,0.41457229208207663,0.009063096000318183,8.0,,
2244,2.0,30,DCM,0.85,True,0.36545764106256656,0.008958313999755774,8.0,,
2244,2.0,30,DCM,0.9,True,0.3163429895964763,0.00931237599979795,8.0,0.0,-0.31249617179917943
2244,2.0,30,DCM,0.95,True,0.26722832561612686,0.008944802999394597,8.0,,
2244,2.0,30,DCM,1.0,True,0.21836304195785197,0.008609844000602607,8.0,,
2244,2.0,30,ICM-noSI,0.7,True,0.5131282521883576,0.008702946999619599,8.0,,
2244,2.0,30,ICM-noSI,0.75,True,0.4640556310738135,0.009133572999417083,8.0,,
2244,2.0,30,ICM-noSI,0.8,True,0.41498301405702265,0.008694285999808926,8.0,,
2244,2.0,30,ICM-noSI,0.85,True,0.36591038845623614,0.008462697000140906,8.0,,
2244,2.0,30,ICM-noSI,0.9,True,0.31683776281630444,0.008671406998473685,8.0,0.0,-0.31287549042346174
2244,2.0,30,ICM-noSI,0.95,True,0.2677651283235501,0.008703790999788907,8.0,,
2244,2.0,30,ICM-noSI,1.0,True,0.2190557194575869,0.008678071000758791,8.0,,
2244,2.0,30,ICM,0.7,True,0.5181880091800853,0.008285999998406623,8.0,,
2244,2.0,30,ICM,0.75,True,0.468464895164412,0.00870679800027574,8.0,,
2244,2.0,30,ICM,0.8,True,0.4187417809741402,0.00833896899894171,8.0,,
2244,2.0,30,ICM,0.85,True,0.3690186638328472,0.008115810000163037,8.0,,
2244,2.0,30,ICM,0.9,True,0.3192955474206212,0.008408763000261388,8.0,0.0,-0.31512877407556905
2244,2.0,30,ICM,0.95,True,0.26957244050438756,0.008202961000279174,8.0,,
2244,2.0,30,ICM,1.0,True,0.21984932659644751,0.00823969799967017,8.0,,
2261,2.0,30,DCM,0.7,True,0.5130959616263038,0.008354690000487608,8.0,,
2261,2.0,30,DCM,0.75,True,0.4636062852034661,0.008175893999577966,8.0,,
2261,2.0,30,DCM,0.8,True,0.41411660712354287,0.008580919999076286,8.0,,
2261,2.0,30,DCM,0.85,True,0.3646269431759175,0.008735194000109914,8.0,,
2261,2.0,30,DCM,0.9,True,0.3151372689801187,0.008574420999138965,8.0,0.0,-0.3416185603259838
2261,2.0,30,DCM,0.95,True,0.26618765881027817,0.008595692999733728,8.0,,
2261,2.0,30,DCM,1.0,True,0.21750077204991763,0.008206157999666175,8.0,,
2261,2.0,30,ICM-noSI,0.7,True,0.5130959818515182,0.008300385999973514,8.0,,
2261,2.0,30,ICM-noSI,0.75,True,0.4636063062493872,0.008261353999841958,8.0,,
2261,2.0,30,ICM-noSI,0.8,True,0.4141166290227174,0.008360384001207422,8.0,,
2261,2.0,30,ICM-noSI,0.85,True,0.3646269658399469,0.008553477000532439,8.0,,
2261,2.0,30,ICM-noSI,0.9,True,0.31513729245874145,0.008441021000180626,8.0,0.0,-0.34163256858071966
2261,2.0,30,ICM-noSI,0.95,True,0.26618768228941764,0.010230533998765168,8.0,,
2261,2.0,30,ICM-noSI,1.0,True,0.2175007953306046,0.010100510999109247,8.0,,
2261,2.0,30,ICM,0.7,True,0.5215241770081651,0.008094890999927884,8.0,,
2261,2.0,30,ICM,0.75,True,0.4717015031645343,0.0085135370009084,8.0,,
2261,2.0,30,ICM,0.8,True,0.42187882880013683,0.008849552999890875,8.0,,
2261,2.0,30,ICM,0.85,True,0.37205615308804446,0.008881146999556222,8.0,,
2261,2.0,30,ICM,0.9,True,0.3222334827711085,0.008895163000488537,8.0,0.0,-0.37313904671667353
2261,2.0,30,ICM,0.95,True,0.272410808495313,0.008598598000389757,8.0,,
2261,2.0,30,ICM,1.0,True,0.22258813424502105,0.008288381999591365,8.0,,
2278,2.0,30,DCM,0.7,True,0.5088296752770394,0.008493965999150532,8.0,,
2278,2.0,30,DCM,0.75,True,0.4588427717321257,0.00810909800020454,8.0,,
2278,2.0,30,DCM,0.8,True,0.40885587209230767,0.008079175999228028,8.0,,
2278,2.0,30,DCM,0.85,True,0.35886898232260583,0.00865143200098828,8.0,,
2278,2.0,30,DCM,0.9,True,0.30888207311370625,0.008636643000500044,8.0,0.0,-0.3477223413821644
2278,2.0,30,DCM,0.95,True,0.2589377861524061,0.008748954000111553,8.0,,
2278,2.0,30,DCM,1.0,True,0.2090962414180745,0.009114382000916521,8.0,,
2278,2.0,30,ICM-noSI,0.7,True,0.5088281977247366,0.008497557000737288,8.0,,
2278,2.0,30,ICM-noSI,0.75,True,0.45884126397127245,0.008651567999550025,8.0,,
2278,2.0,30,ICM-noSI,0.8,True,0.4088543335923468,0.008511603000442847,8.0,,
2278,2.0,30,ICM-noSI,0.85,True,0.35886741354492574,0.008701806000317447,8.0,,
2278,2.0,30,ICM-noSI,0.9,True,0.30888047314207406,0.008451154999420396,8.0,0.0,-0.34771149628001075
2278,2.0,30,ICM-noSI,0.95,True,0.25893664906679575,0.008206029999200837,8.0,,
2278,2.0,30,ICM-noSI,1.0,True,0.20909621591036545,0.008721738999156514,8.0,,
2278,2.0,30,ICM,0.7,True,0.5090520217132702,0.00862690800022392,8.0,,
2278,2.0,30,ICM,0.75,True,0.4590935828584082,0.008281166999950074,8.0,,
2278,2.0,30,ICM,0.8,True,0.4091351408072379,0.008272695000414387,8.0,,
2278,2.0,30,ICM,0.85,True,0.3591767063167374,0.008720292998987134,8.0,,
2278,2.0,30,ICM,0.9,True,0.30921826777610806,0.008732431000680663,8.0,0.0,-0.3479964785039953
2278,2.0,30,ICM,0.95,True,0.25927579706414844,0.008814479000648134,8.0,,
2278,2.0,30,ICM,1.0,True,0.20944276854747382,0.008651796000776812,8.0,,
2295,2.0,30,DCM,0.7,True,0.5283788652874706,0.008477232999211992,8.0,,
2295,2.0,30,DCM,0.75,True,0.4778009366950052,0.008601429999544052,8.0,,
2295,2.0,30,DCM,0.8,True,0.4272230013732112,0.008612698000433738,8.0,,
2295,2.0,30,DCM,0.85,True,0.3766450815695332,0.008338659999935771,8.0,,
2295,2.0,30,DCM,0.9,True,0.32606715048257146,0.008659204000650789,8.0,0.0,-0.32682691590155566
2295,2.0,30,DCM,0.95,True,0.27650825411011626,0.008842572999128606,8.0,,
2295,2.0,30,DCM,1.0,True,0.22714397478196507,0.008680748000188032,8.0,,
2295,2.0,30,ICM-noSI,0.7,True,0.5289298561423654,0.009046051998666371,8.0,,
2295,2.0,30,ICM-noSI,0.75,True,0.47828380402276416,0.008600116998422891,8.0,,
2295,2.0,30,ICM-noSI,0.8,True,0.4276377561513272,0.008490640000673011,8.0,,
2295,2.0,30,ICM-noSI,0.85,True,0.3769917147229823,0.008400529999562423,8.0,,
2295,2.0,30,ICM-noSI,0.9,True,0.3263456517098664,0.00872223799888161,8.0,0.0,-0.3291649282324224
2295,2.0,30,ICM-noSI,0.95,True,0.27669147873239236,0.008671354000398424,8.0,,
2295,2.0,30,ICM-noSI,1.0,True,0.22729470510931907,0.009078922999833594,8.0,,
2295,2.0,30,ICM,0.7,True,0.5278191941178575,0.008425023999734549,8.0,,
2295,2.0,30,ICM,0.75,True,0.47738614888600067,0.008164900000338093,8.0,,
2295,2.0,30,ICM,0.8,True,0.4269530939179755,0.008611841998572345,8.0,,
2295,2.0,30,ICM,0.85,True,0.37652003886038415,0.00835150400052953,8.0,,
2295,2.0,30,ICM,0.9,True,0.32608698365711386,0.008160064000549028,8.0,0.0,-0.3295161038759248
2295,2.0,30,ICM,0.95,True,0.275776607579489,0.00823517000026186,8.0,,
2295,2.0,30,ICM,1.0,True,0.22549586566635565,0.008562844999687513,8.0,,
2312,2.0,30,DCM,0.7,True,0.5141829385167934,0.009082885000680108,8.0,,
2312,2.0,30,DCM,0.75,True,0.46411403401495727,0.008767510000325274,8.0,,
2312,2.0,30,DCM,0.8,True,0.4140451390613634,0.008474917000057758,8.0,,
2312,2.0,30,DCM,0.85,True,0.3639762366090707,0.008519547000105376,8.0,,
2312,2.0,30,DCM,0.9,True,0.31390733430699247,0.008670346000144491,8.0,0.0,-0.28153141882870303
2312,2.0,30,DCM,0.95,True,0.2642333595849985,0.008734927998375497,8.0,,
2312,2.0,30,DCM,1.0,True,0.21463102952405805,0.008651026999359601,8.0,,
2312,2.0,30,ICM-noSI,0.7,True,0.5118241711091731,0.008528360000127577,8.0,,
2312,2.0,30,ICM-noSI,0.75,True,0.4616317289502162,0.008408325998971122,8.0,,
2312,2.0,30,ICM-noSI,0.8,True,0.41143927584036755,0.008068168999670888,8.0,,
2312,2.0,30,ICM-noSI,0.85,True,0.3612468223276737,0.008378454000194324,8.0,,
2312,2.0,30,ICM-noSI,0.9,True,0.3110543681821326,0.008890462000636035,8.0,0.0,-0.28072484962491495
2312,2.0,30,ICM-noSI,0.95,True,0.26139124410351283,0.008454807999441982,8.0,,
2312,2.0,30,ICM-noSI,1.0,True,0.2118036956172809,0.008365858999241027,8.0,,
2312,2.0,30,ICM,0.7,True,0.5098493451425291,0.00842711000041163,8.0,,
2312,2.0,30,ICM,0.75,True,0.4597193328622239,0.008593870001277537,8.0,,
2312,2.0,30,ICM,0.8,True,0.409589307556028,0.008496409998770105,8.0,,
2312,2.0,30,ICM,0.85,True,0.35945928215622286,0.008265242000561557,8.0,,
2312,2.0,30,ICM,0.9,True,0.3093292504195919,0.008346804999746382,8.0,0.0,-0.28097442823442564
2312,2.0,30,ICM,0.95,True,0.2593225399512741,0.010757535001175711,8.0,,
2312,2.0,30,ICM,1.0,True,0.2094361318873473,0.009944602999894414,8.0,,
2329,2.0,30,DCM,0.7,True,0.5030076199405906,0.008502197999405325,8.0,,
2329,2.0,30,DCM,0.75,True,0.45288015663489734,0.008608700998593122,8.0,,
2329,2.0,30,DCM,0.8,True,0.40275268501871747,0.008508329998221598,8.0,,
2329,2.0,30,DCM,0.85,True,0.352625221658906,0.008273776000351063,8.0,,
2329,2.0,30,DCM,0.9,True,0.30249774938420904,0.008273817998997401,8.0,0.0,-0.38316176615666575
2329,2.0,30,DCM,0.95,True,0.25237027536980045,0.008480053998937365,8.0,,
2329,2.0,30,DCM,1.0,True,0.20224280185636548,0.008656632000565878,8.0,,
2329,2.0,30,ICM-noSI,0.7,True,0.503089607313969,0.00868447799985006,8.0,,
2329,2.0,30,ICM-noSI,0.75,True,0.4530066601206402,0.0085464919993683,8.0,,
2329,2.0,30,ICM-noSI,0.8,True,0.4029237078744743,0.00860624800043297,8.0,,
2329,2.0,30,ICM-noSI,0.85,True,0.3528407597159875,0.008191172000806546,8.0,,
2329,2.0,30,ICM-noSI,0.9,True,0.30275780807924146,0.008514465998814558,8.0,0.0,-0.38345672503093386
2329,2.0,30,ICM-noSI,0.95,True,0.252674856080226,0.009114124999541673,8.0,,
2329,2.0,30,ICM-noSI,1.0,True,0.20259190406215688,0.008573405000788625,8.0,,
2329,2.0,30,ICM,0.7,True,0.5050341733864948,0.009052580000570742,8.0,,
2329,2.0,30,ICM,0.75,True,0.4545313571956837,0.008540270000594319,8.0,,
2329,2.0,30,ICM,0.8,True,0.40402854185723075,0.008182540999769117,8.0,,
2329,2.0,30,ICM,0.85,True,0.35352573389640535,0.008628970999779995,8.0,,
2329,2.0,30,ICM,0.9,True,0.30302292628367267,0.00870339600078296,8.0,0.0,-0.30053446859154576
2329,2.0,30,ICM,0.95,True,0.25252010325051966,0.008954967999670771,8.0,,
2329,2.0,30,ICM,1.0,True,0.20201910863272626,0.009080980000362615,8.0,,
2346,2.0,30,DCM,0.7,True,0.5166156738219623,0.008977038000011817,8.0,,
2346,2.0,30,DCM,0.75,True,0.4664922436585758,0.00834557300004235,8.0,,
2346,2.0,30,DCM,0.8,True,0.41636882418055327,0.008074658000623458,8.0,,
2346,2.0,30,DCM,0.85,True,0.3662453954333776,0.00867016000120202,8.0,,
2346,2.0,30,DCM,0.9,True,0.3161219669606808,0.008755848999498994,8.0,0.0,-0.26573910176593085
2346,2.0,30,DCM,0.95,True,0.2664495421337305,0.008716476000699913,8.0,,
2346,2.0,30,DCM,1.0,True,0.2169050996449441,0.008889860999261145,8.0,,
2346,2.0,30,ICM-noSI,0.7,True,0.5167470151113425,0.00887263399999938,8.0,,
2346,2.0,30,ICM-noSI,0.75,True,0.46661547700987427,0.008494821999192936,8.0,,
2346,2.0,30,ICM-noSI,0.8,True,0.4164839496195949,0.00833576300101413,8.0,,
2346,2.0,30,ICM-noSI,0.85,True,0.36635241293451326,0.008465691998935654,8.0,,
2346,2.0,30,ICM-noSI,0.9,True,0.31622087656548153,0.008587226000599912,8.0,0.0,-0.26634574308656167
2346,2.0,30,ICM-noSI,0.95,True,0.2665340785385951,0.00864804500088212,8.0,,
2346,2.0,30,ICM-noSI,1.0,True,0.216980388119309,0.008601431998613407,8.0,,
2346,2.0,30,ICM,0.7,True,0.5118205963748484,0.008528330999979516,8.0,,
2346,2.0,30,ICM,0.75,True,0.46164899616082056,0.00852882900107943,8.0,,
2346,2.0,30,ICM,0.8,True,0.4114773928203423,0.008119907999571296,8.0,,
2346,2.0,30,ICM,0.85,True,0.3613058094636767,0.008774914998866734,8.0,,
2346,2.0,30,ICM,0.9,True,0.31113421130816127,0.008653294999021455,8.0,0.0,-0.27813946334416617
2346,2.0,30,ICM,0.95,True,0.26106300298486423,0.008538613001292106,8.0,,
2346,2.0,30,ICM,1.0,True,0.2110421952609516,0.008724466999410652,8.0,,
2363,2.0,30,DCM,0.7,True,0.5072080941928316,0.008538774000044214,8.0,,
2363,2.0,30,DCM,0.75,True,0.45711670210312605,0.008509901999786962,8.0,,
2363,2.0,30,DCM,0.8,True,0.4070253095958575,0.008157742999173934,8.0,,
2363,2.0,30,DCM,0.85,True,0.3569339153336307,0.00832412599993404,8.0,,
2363,2.0,30,DCM,0.9,True,0.3068425180647395,0.00862166400111164,8.0,0.0,-0.28110296107571475
2363,2.0,30,DCM,0.95,True,0.25684157441578925,0.00836503499886021,8.0,,
2363,2.0,30,DCM,1.0,True,0.20751097364681895,0.008698346999153728,8.0,,
2363,2.0,30,ICM-noSI,0.7,True,0.5078239532747585,0.008721524000065983,8.0,,
2363,2.0,30,ICM-noSI,0.75,True,0.45759126116561183,0.008634439000161365,8.0,,
2363,2.0,30,ICM-noSI,0.8,True,0.4073585599541254,0.009153521999905934,8.0,,
2363,2.0,30,ICM-noSI,0.85,True,0.35712585857341145,0.009311511001214967,8.0,,
2363,2.0,30,ICM-noSI,0.9,True,0.3068931516663859,0.008839521999107092,8.0,0.0,-0.2811677901092421
2363,2.0,30,ICM-noSI,0.95,True,0.2568097889668208,0.00993182400088699,8.0,,
2363,2.0,30,ICM-noSI,1.0,True,0.20736737332592692,0.010798885999975028,8.0,,
2363,2.0,30,ICM,0.7,True,0.5055232654702004,0.00856986199869425,8.0,,
2363,2.0,30,ICM,0.75,True,0.45589533822625294,0.008598073000030126,8.0,,
2363,2.0,30,ICM,0.8,True,0.4062674037835856,0.008739356999285519,8.0,,
2363,2.0,30,ICM,0.85,True,0.3566394734579889,0.009078942000996904,8.0,,
2363,2.0,30,ICM,0.9,True,0.30701154790627105,0.009413506000782945,8.0,0.0,-0.2804657168002579
2363,2.0,30,ICM,0.95,True,0.2573839945564923,0.008794044999376638,8.0,,
2363,2.0,30,ICM,1.0,True,0.2077573145569218,0.008553783998650033,8.0,,
2380,2.0,30,DCM,0.7,True,0.5196982781626001,0.0086797399999341,8.0,,
2380,2.0,30,DCM,0.75,True,0.4694973886971576,0.008636225000373088,8.0,,
2380,2.0,30,DCM,0.8,True,0.41929649693104526,0.008580678999351221,8.0,,
2380,2.0,30,DCM,0.85,True,0.36909562065429674,0.00860781800110999,8.0,,
2380,2.0,30,DCM,0.9,True,0.31889472668254476,0.008513312001014128,8.0,0.0,-0.42512569444931736
2380,2.0,30,DCM,0.95,True,0.26895162512807486,0.008759493000980001,8.0,,
2380,2.0,30,DCM,1.0,True,0.21927087163820946,0.008700349999344326,8.0,,
2380,2.0,30,ICM-noSI,0.7,True,0.5203734417651311,0.008643472001494956,8.0,,
2380,2.0,30,ICM-noSI,0.75,True,0.4702383673028147,0.0086960150001687,8.0,,
2380,2.0,30,ICM-noSI,0.8,True,0.4201032907828635,0.008675868999489467,8.0,,
2380,2.0,30,ICM-noSI,0.85,True,0.36996823006591184,0.008735790999708115,8.0,,
2380,2.0,30,ICM-noSI,0.9,True,0.3198331534089234,0.008654020000903984,8.0,0.0,-0.4236684406903367
2380,2.0,30,ICM-noSI,0.95,True,0.2698813202960109,0.008188015999621712,8.0,,
2380,2.0,30,ICM-noSI,1.0,True,0.2201233194108458,0.008478892999846721,8.0,,
2380,2.0,30,ICM,0.7,True,0.5147272068148248,0.008844403999319184,8.0,,
2380,2.0,30,ICM,0.75,True,0.46486748014167606,0.008611576000475907,8.0,,
2380,2.0,30,ICM,0.8,True,0.41500775309024207,0.008587530999648152,8.0,,
2380,2.0,30,ICM,0.85,True,0.36514802557553305,0.008520380000845762,8.0,,
2380,2.0,30,ICM,0.9,True,0.3152883005513022,0.00809810499958985,8.0,0.0,-0.4951982865353184
2380,2.0,30,ICM,0.95,True,0.2654285735086761,0.008949580000262358,8.0,,
2380,2.0,30,ICM,1.0,True,0.21556884662497558,0.008719785999346641,8.0,,
2397,2.0,30,DCM,0.7,True,0.526947122217801,0.008355751000635792,8.0,,
2397,2.0,30,DCM,0.75,True,0.4763923002462318,0.008128577001116355,8.0,,
2397,2.0,30,DCM,0.8,True,0.4258374792222071,0.00826938499994867,8.0,,
2397,2.0,30,DCM,0.85,True,0.3752826548591199,0.008153750999554177,8.0,,
2397,2.0,30,DCM,0.9,True,0.3247278286032952,0.008587128000726807,8.0,0.0,-0.3214812642578554
2397,2.0,30,DCM,0.95,True,0.27417300878321677,0.008904252999855089,8.0,,
2397,2.0,30,DCM,1.0,True,0.22393258964423643,0.008719741999811959,8.0,,
2397,2.0,30,ICM-noSI,0.7,True,0.5265328614929016,0.009553062000122736,8.0,,
2397,2.0,30,ICM-noSI,0.75,True,0.47599876803372604,0.009117304000028525,8.0,,
2397,2.0,30,ICM-noSI,0.8,True,0.42546467318292647,0.00917544399999315,8.0,,
2397,2.0,30,ICM-noSI,0.85,True,0.37493058517262506,0.008922352000809042,8.0,,
2397,2.0,30,ICM-noSI,0.9,True,0.32439649063129294,0.009003264000057243,8.0,0.0,-0.321274618844701
2397,2.0,30,ICM-noSI,0.95,True,0.2738623906081902,0.010728268000093522,8.0,,
2397,2.0,30,ICM-noSI,1.0,True,0.2236225735539504,0.010216714999842225,8.0,,
2397,2.0,30,ICM,0.7,True,0.5263594780244497,0.008853331999489455,8.0,,
2397,2.0,30,ICM,0.75,True,0.4760304118378871,0.008575615000154357,8.0,,
2397,2.0,30,ICM,0.8,True,0.42570134125385767,0.008568609000576544,8.0,,
2397,2.0,30,ICM,0.85,True,0.37537228656391514,0.008906750999813084,8.0,,
2397,2.0,30,ICM,0.9,True,0.3250432207463113,0.008594725999500952,8.0,0.0,-0.32161370547978596
2397,2.0,30,ICM,0.95,True,0.27471415796833976,0.009173415999612189,8.0,,
2397,2.0,30,ICM,1.0,True,0.2244722186834824,0.008803419999821926,8.0,,
2414,2.0,30,DCM,0.7,True,0.5194616553453657,0.008696655999301584,8.0,,
2414,2.0,30,DCM,0.75,True,0.4695724848617422,0.008644830000775983,8.0,,
2414,2.0,30,DCM,0.8,True,0.41968331350675264,0.008552340999813168,8.0,,
2414,2.0,30,DCM,0.85,True,0.36979414113770503,0.00822074600000633,8.0,,
2414,2.0,30,DCM,0.9,True,0.319904967575692,0.00835175199972582,8.0,0.0,-0.29906218633004067
2414,2.0,30,DCM,0.95,True,0.27002808299447484,0.008428449000348337,8.0,,
2414,2.0,30,DCM,1.0,True,0.22015509294378593,0.008504526998876827,8.0,,
2414,2.0,30,ICM-noSI,0.7,True,0.5194616422766213,0.008551667000574525,8.0,,
2414,2.0,30,ICM-noSI,0.75,True,0.4695724736502751,0.008408671999859507,8.0,,
2414,2.0,30,ICM-noSI,0.8,True,0.4196833041515032,0.008585337000113213,8.0,,
2414,2.0,30,ICM-noSI,0.85,True,0.36979413364774016,0.008167836000211537,8.0,,
2414,2.0,30,ICM-noSI,0.9,True,0.31990496198908963,0.008365085999685107,8.0,0.0,-0.2990385067563579
2414,2.0,30,ICM-noSI,0.95,True,0.27002808300754827,0.008728953000172623,8.0,,
2414,2.0,30,ICM-noSI,1.0,True,0.22015509301380334,0.008531808000043384,8.0,,
2414,2.0,30,ICM,0.7,True,0.5183355016971257,0.009024941999086877,8.0,,
2414,2.0,30,ICM,0.75,True,0.4683092827290891,0.008500711001033778,8.0,,
2414,2.0,30,ICM,0.8,True,0.41828306343189336,0.008241647999966517,8.0,,
2414,2.0,30,ICM,0.85,True,0.3682568420674829,0.008085954001217033,8.0,,
2414,2.0,30,ICM,0.9,True,0.31823062758816284,0.008587775999330916,8.0,0.0,-0.3927513844365582
2414,2.0,30,ICM,0.95,True,0.26820440837491405,0.00846429699959117,8.0,,
2414,2.0,30,ICM,1.0,True,0.21817818920563184,0.008119025000269176,8.0,,
2431,2.0,30,DCM,0.7,True,0.5262217278683005,0.008338689000083832,8.0,,
2431,2.0,30,DCM,0.75,True,0.47626969688934145,0.008323355001266464,8.0,,
2431,2.0,30,DCM,0.8,True,0.4263176658894684,0.008674437000081525,8.0,,
2431,2.0,30,DCM,0.85,True,0.3763656349688382,0.00860874799946032,8.0,,
2431,2.0,30,DCM,0.9,True,0.32641359442907836,0.00815948300078162,8.0,0.0,-0.33141329454274937
2431,2.0,30,DCM,0.95,True,0.27651972563440436,0.00852133799889998,8.0,,
2431,2.0,30,DCM,1.0,True,0.22677279564990663,0.008544579999579582,8.0,,
2431,2.0,30,ICM-noSI,0.7,True,0.5267556196902214,0.008569440000428585,8.0,,
2431,2.0,30,ICM-noSI,0.75,True,0.476856541545797,0.00957506899976579,8.0,,
2431,2.0,30,ICM-noSI,0.8,True,0.42695745043031275,0.009687498000857886,8.0,,
2431,2.0,30,ICM-noSI,0.85,True,0.377058357196625,0.009050042999660945,8.0,,
2431,2.0,30,ICM-noSI,0.9,True,0.3271592534330409,0.009538710000924766,8.0,0.0,-0.3324856048229421
2431,2.0,30,ICM-noSI,0.95,True,0.27730177256597055,0.00873740600036399,8.0,,
2431,2.0,30,ICM-noSI,1.0,True,0.22754433561635282,0.008660756999233854,8.0,,
2431,2.0,30,ICM,0.7,True,0.5267486320244972,0.010823534999872209,8.0,,
2431,2.0,30,ICM,0.75,True,0.4768503276802698,0.011261370998909115,8.0,,
2431,2.0,30,ICM,0.8,True,0.42695202173108066,0.010762943998997798,8.0,,
2431,2.0,30,ICM,0.85,True,0.3770537134901119,0.011005521000697627,8.0,,
2431,2.0,30,ICM,0.9,True,0.32715541442597407,0.010791509001137456,8.0,0.0,-0.329126864494241
2431,2.0,30,ICM,0.95,True,0.2772990548185029,0.011128611000458477,8.0,,
2431,2.0,30,ICM,1.0,True,0.22754433558997966,0.011075997001171345,8.0,,
2448,2.0,30,DCM,0.7,True,0.4980410984090344,0.00810221299980185,8.0,,
2448,2.0,30,DCM,0.75,True,0.44818628525463566,0.008367898999495083,8.0,,
2448,2.0,30,DCM,0.8,True,0.39833147333044017,0.00818727600017155,8.0,,
2448,2.0,30,DCM,0.85,True,0.3484766556329586,0.008154858000125387,8.0,,
2448,2.0,30,DCM,0.9,True,0.2986218552332,0.008299522998640896,8.0,0.0,-0.2509492762127985
2448,2.0,30,DCM,0.95,True,0.24951619879162035,0.008574620000217692,8.0,,
2448,2.0,30,DCM,1.0,True,0.20070885927972942,0.011855021000883426,8.0,,
2448,2.0,30,ICM-noSI,0.7,True,0.49941526795464486,0.008843894000165164,8.0,,
2448,2.0,30,ICM-noSI,0.75,True,0.44958235107106875,0.008956872999988263,8.0,,
2448,2.0,30,ICM-noSI,0.8,True,0.39974943664300594,0.008625603999462328,8.0,,
2448,2.0,30,ICM-noSI,0.85,True,0.3499165185984871,0.00849870800084318,8.0,,
2448,2.0,30,ICM-noSI,0.9,True,0.30008359899509013,0.00865664199955063,8.0,0.0,-0.2518411375377143
2448,2.0,30,ICM-noSI,0.95,True,0.25109811063377274,0.008555078000426874,8.0,,
2448,2.0,30,ICM-noSI,1.0,True,0.20231476167943793,0.008117303999824799,8.0,,
2448,2.0,30,ICM,0.7,True,0.5048476916439456,0.00897962100134464,8.0,,
2448,2.0,30,ICM,0.75,True,0.4550284206196528,0.008604949000073248,8.0,,
2448,2.0,30,ICM,0.8,True,0.4052091493663846,0.008351447999302763,8.0,,
2448,2.0,30,ICM,0.85,True,0.3553898761509741,0.008620630000223173,8.0,,
2448,2.0,30,ICM,0.9,True,0.3055706094798811,0.008372783000595518,8.0,0.0,-0.25499922037593026
2448,2.0,30,ICM,0.95,True,0.2558697646172298,0.008536358998753713,8.0,,
2448,2.0,30,ICM,1.0,True,0.2063165443782817,0.009017722000862705,8.0,,
2465,2.0,30,DCM,0.7,True,0.5344920781745464,0.008206717000575736,8.0,,
2465,2.0,30,DCM,0.75,True,0.48497676226089564,0.008008767999854172,8.0,,
2465,2.0,30,DCM,0.8,True,0.43546144644738827,0.00846550399910484,8.0,,
2465,2.0,30,DCM,0.85,True,0.3859461307871186,0.008298548000311712,8.0,,
2465,2.0,30,DCM,0.9,True,0.33643081264520414,0.00811696599885181,8.0,0.0,-0.29279706136764183
2465,2.0,30,DCM,0.95,True,0.286915487220368,0.008924921001380426,8.0,,
2465,2.0,30,DCM,1.0,True,0.2374001826313936,0.010092243001054158,8.0,,
2465,2.0,30,ICM-noSI,0.7,True,0.5344920982283707,0.00804332599909685,8.0,,
2465,2.0,30,ICM-noSI,0.75,True,0.4849767816700606,0.00844543099992734,8.0,,
2465,2.0,30,ICM-noSI,0.8,True,0.4354614652119402,0.008349302999704378,8.0,,
2465,2.0,30,ICM-noSI,0.85,True,0.3859461489069903,0.008264239000709495,8.0,,
2465,2.0,30,ICM-noSI,0.9,True,0.336430830120417,0.008402935000049183,8.0,0.0,-0.29279707452964965
2465,2.0,30,ICM-noSI,0.95,True,0.2869155040509187,0.008559689998946851,8.0,,
2465,2.0,30,ICM-noSI,1.0,True,0.23740019881730215,0.008353484998224303,8.0,,
2465,2.0,30,ICM,0.7,True,0.5212855256942673,0.008386943000004976,8.0,,
2465,2.0,30,ICM,0.75,True,0.4714180983269335,0.008533715999874403,8.0,,
2465,2.0,30,ICM,0.8,True,0.42155067080416814,0.008501823998813052,8.0,,
2465,2.0,30,ICM,0.85,True,0.37168324296321475,0.008940805000747787,8.0,,
2465,2.0,30,ICM,0.9,True,0.32181581670872356,0.008509677998517873,8.0,0.0,-0.28129514866548067
2465,2.0,30,ICM,0.95,True,0.2719483890343884,0.009131906999755302,8.0,,
2465,2.0,30,ICM,1.0,True,0.22208096149268172,0.008943255999838584,8.0,,
2482,2.0,30,DCM,0.7,True,0.5257909810648027,0.009074446999875363,8.0,,
2482,2.0,30,DCM,0.75,True,0.47578508832377114,0.009154223998848465,8.0,,
2482,2.0,30,DCM,0.8,True,0.4257791926930552,0.008582127000408946,8.0,,
2482,2.0,30,DCM,0.85,True,0.37577329429720546,0.008732270998734748,8.0,,
2482,2.0,30,DCM,0.9,True,0.3257674106895262,0.008746755000174744,8.0,0.0,-0.3059874283547658
2482,2.0,30,DCM,0.95,True,0.2757615171418489,0.008146566000505118,8.0,,
2482,2.0,30,DCM,1.0,True,0.22608656377398875,0.008201149999877089,8.0,,
2482,2.0,30,ICM-noSI,0.7,True,0.5253291780124602,0.014366651001182618,8.0,,
2482,2.0,30,ICM-noSI,0.75,True,0.47536807299421874,0.014457801999014919,8.0,,
2482,2.0,30,ICM-noSI,0.8,True,0.4254069629552696,0.014733650999914971,8.0,,
2482,2.0,30,ICM-noSI,0.85,True,0.3754458712582296,0.014540521000526496,8.0,,
2482,2.0,30,ICM-noSI,0.9,True,0.3254847686031267,0.016682725999999093,8.0,0.0,-0.3057320380362314
2482,2.0,30,ICM-noSI,0.95,True,0.27552366543278883,0.015632942999218358,8.0,,
2482,2.0,30,ICM-noSI,1.0,True,0.22589097283528897,0.014755153999431059,8.0,,
2482,2.0,30,ICM,0.7,True,0.518962528294842,0.00840377299937245,8.0,,
2482,2.0,30,ICM,0.75,True,0.4697912456562613,0.008070685000348021,8.0,,
2482,2.0,30,ICM,0.8,True,0.4206199624278024,0.008098329999484122,8.0,,
2482,2.0,30,ICM,0.85,True,0.37144867574587415,0.008302815000206465,8.0,,
2482,2.0,30,ICM,0.9,True,0.3222773995243522,0.008565643000110867,8.0,0.0,-0.3029547721352259
2482,2.0,30,ICM,0.95,True,0.2731061186822337,0.008222926000598818,8.0,,
2482,2.0,30,ICM,1.0,True,0.2239857020051586,0.008610206999946968,8.0,,
2499,2.0,30,DCM,0.7,True,0.5265284249638424,0.008253136998973787,8.0,,
2499,2.0,30,DCM,0.75,True,0.47434185857245614,0.008492897000905941,8.0,,
2499,2.0,30,DCM,0.8,True,0.422155281468174,0.008446735999314114,8.0,,
2499,2.0,30,DCM,0.85,True,0.3699687044719554,0.008394358999794349,8.0,,
2499,2.0,30,DCM,0.9,True,0.317782124521038,0.008546778999516391,8.0,0.0,-0.2836016925319741
2499,2.0,30,DCM,0.95,True,0.26592104181013787,0.008208801000364474,8.0,,
2499,2.0,30,DCM,1.0,True,0.2157944959842275,0.00858862300083274,8.0,,
2499,2.0,30,ICM-noSI,0.7,True,0.5263840468651532,0.008406945000388077,8.0,,
2499,2.0,30,ICM-noSI,0.75,True,0.47421804673464235,0.008474898000713438,8.0,,
2499,2.0,30,ICM-noSI,0.8,True,0.4220520349498705,0.008173909000106505,8.0,,
2499,2.0,30,ICM-noSI,0.85,True,0.3698860232416411,0.008115837999866926,8.0,,
2499,2.0,30,ICM-noSI,0.9,True,0.31772000873826195,0.008589858000050299,8.0,0.0,-0.28347140144967853
2499,2.0,30,ICM-noSI,0.95,True,0.2658804643477111,0.008427767001194297,8.0,,
2499,2.0,30,ICM-noSI,1.0,True,0.21575843280968596,0.008529476001058356,8.0,,
2499,2.0,30,ICM,0.7,True,0.508941769522912,0.008716854999875068,8.0,,
2499,2.0,30,ICM,0.75,True,0.45871489396460835,0.008712232000107178,8.0,,
2499,2.0,30,ICM,0.8,True,0.4084880187387688,0.008612386998720467,8.0,,
2499,2.0,30,ICM,0.85,True,0.3582611453011205,0.00858513000093808,8.0,,
2499,2.0,30,ICM,0.9,True,0.3080342755533369,0.008854339999743388,8.0,0.0,-0.2838603368833489
2499,2.0,30,ICM,0.95,True,0.257923850301847,0.009062401000846876,8.0,,
2499,2.0,30,ICM,1.0,True,0.20795196416634237,0.008655809999254416,8.0,,
2516,2.0,30,DCM,0.7,True,0.511478708279283,0.008685624001373071,8.0,,
2516,2.0,30,DCM,0.75,True,0.4612017062322171,0.008857313001499278,8.0,,
2516,2.0,30,DCM,0.8,True,0.4109247009345135,0.008578212999054813,8.0,,
2516,2.0,30,DCM,0.85,True,0.36064769289534937,0.008127175000481657,8.0,,
2516,2.0,30,DCM,0.9,True,0.31037069995940275,0.008634724999865284,8.0,0.0,-0.24147406309377428
2516,2.0,30,DCM,0.95,True,0.26009369574250746,0.008643352999570197,8.0,,
2516,2.0,30,DCM,1.0,True,0.2107188624556202,0.008375199000511202,8.0,,
2516,2.0,30,ICM-noSI,0.7,True,0.5132931149711873,0.008633958001155406,8.0,,
2516,2.0,30,ICM-noSI,0.75,True,0.4629013210042495,0.00898183500066807,8.0,,
2516,2.0,30,ICM-noSI,0.8,True,0.41250952375281175,0.00867354199908732,8.0,,
2516,2.0,30,ICM-noSI,0.85,True,0.36211772384346025,0.008612984000137658,8.0,,
2516,2.0,30,ICM-noSI,0.9,True,0.3117259381423533,0.008784874000411946,8.0,0.0,-0.24201836640157215
2516,2.0,30,ICM-noSI,0.95,True,0.2613341423127938,0.008622799001386738,8.0,,
2516,2.0,30,ICM-noSI,1.0,True,0.21188540159330635,0.008828788999380777,8.0,,
2516,2.0,30,ICM,0.7,True,0.5152471510033282,0.008817695999823627,8.0,,
2516,2.0,30,ICM,0.75,True,0.465251351974153,0.008371412999622407,8.0,,
2516,2.0,30,ICM,0.8,True,0.41525555060148495,0.008540298000298208,8.0,,
2516,2.0,30,ICM,0.85,True,0.36525976607790744,0.008738179998545093,8.0,,
2516,2.0,30,ICM,0.9,True,0.31526396749274627,0.008606262001194409,8.0,0.0,-0.24131120848866783
2516,2.0,30,ICM,0.95,True,0.26526817067877984,0.008408674999373034,8.0,,
2516,2.0,30,ICM,1.0,True,0.21536849819814657,0.008430787000179407,8.0,,
2533,2.0,30,DCM,0.7,True,0.4793422897347539,0.00878545799969288,8.0,,
2533,2.0,30,DCM,0.75,True,0.4306523739030836,0.00883549900026992,8.0,,
2533,2.0,30,DCM,0.8,True,0.3819624570201284,0.008529567001460236,8.0,,
2533,2.0,30,DCM,0.85,True,0.33327253915071037,0.00849898000160465,8.0,,
2533,2.0,30,DCM,0.9,True,0.2845826283817969,0.008181782999599818,8.0,0.0,-0.3179395160139651
2533,2.0,30,DCM,0.95,True,0.23589271241521068,0.008405427999605308,8.0,,
2533,2.0,30,DCM,1.0,True,0.18720279640512652,0.008282628999950248,8.0,,
2533,2.0,30,ICM-noSI,0.7,True,0.4786109981995197,0.008698536999872886,8.0,,
2533,2.0,30,ICM-noSI,0.75,True,0.42973925805975677,0.008444353999948362,8.0,,
2533,2.0,30,ICM-noSI,0.8,True,0.38086751790151113,0.008236237001256086,8.0,,
2533,2.0,30,ICM-noSI,0.85,True,0.33199577772375305,0.009031486000822042,8.0,,
2533,2.0,30,ICM-noSI,0.9,True,0.28312403352508597,0.010063772000648896,8.0,0.0,-0.3167131796626458
2533,2.0,30,ICM-noSI,0.95,True,0.2342522977023606,0.010790287999043358,8.0,,
2533,2.0,30,ICM-noSI,1.0,True,0.1853805575475288,0.010195749999184045,8.0,,
2533,2.0,30,ICM,0.7,True,0.5065741313807369,0.008189567999579594,8.0,,
2533,2.0,30,ICM,0.75,True,0.45683657138717754,0.008824290000120527,8.0,,
2533,2.0,30,ICM,0.8,True,0.40709901376623303,0.008808996000880143,8.0,,
2533,2.0,30,ICM,0.85,True,0.3573614546441374,0.00910349299920199,8.0,,
2533,2.0,30,ICM,0.9,True,0.30762390911900556,0.008837543999106856,8.0,0.0,-0.3068519361342482
2533,2.0,30,ICM,0.95,True,0.2578863437607313,0.008599302000220632,8.0,,
2533,2.0,30,ICM,1.0,True,0.20815105019504618,0.0086500960005651,8.0,,
3210,3.0,30,DCM,0.7,True,0.5125364588113405,0.008950645998993423,8.0,,
3210,3.0,30,DCM,0.75,True,0.4635299774489458,0.008645466999951168,8.0,,
3210,3.0,30,DCM,0.8,True,0.4145234960826904,0.008386036000956665,8.0,,
3210,3.0,30,DCM,0.85,True,0.365517008192766,0.00825740400068753,8.0,,
3210,3.0,30,DCM,0.9,True,0.31651053701973064,0.008989318001113134,8.0,0.0,-0.35684444290233086
3210,3.0,30,DCM,0.95,True,0.2675040553578009,0.011195597999176243,8.0,,
3210,3.0,30,DCM,1.0,True,0.21861434022661064,0.011651471000732272,8.0,,
3210,3.0,30,ICM-noSI,0.7,True,0.5634325577100404,0.0087337179993483,8.0,,
3210,3.0,30,ICM-noSI,0.75,True,0.514157831999561,0.008553485999073018,8.0,,
3210,3.0,30,ICM-noSI,0.8,True,0.4648831213262385,0.008957672000178718,8.0,,
3210,3.0,30,ICM-noSI,0.85,True,0.41560839989942444,0.008836105998852872,8.0,,
3210,3.0,30,ICM-noSI,0.9,True,0.3663336779724616,0.00863849699999264,8.0,0.0,-0.32519011931159136
3210,3.0,30,ICM-noSI,0.95,True,0.3170933799820409,0.009104212000238476,8.0,,
3210,3.0,30,ICM-noSI,1.0,True,0.2685109829991197,0.00878895499954524,8.0,,
3210,3.0,30,ICM,0.7,True,0.5578337968620715,0.008598438000262831,8.0,,
3210,3.0,30,ICM,0.75,True,0.5088469192026144,0.008536608000213164,8.0,,
3210,3.0,30,ICM,0.8,True,0.4598600414379539,0.008359540999663295,8.0,,
3210,3.0,30,ICM,0.85,True,0.41087316271988283,0.008542015999410069,8.0,,
3210,3.0,30,ICM,0.9,True,0.36188627578499133,0.009334197000498534,8.0,0.0,-0.32881663891035984
3210,3.0,30,ICM,0.95,True,0.3129059175610834,0.010286079999787034,8.0,,
3210,3.0,30,ICM,1.0,True,0.26399969286995484,0.009508667999398313,8.0,,
3227,3.0,30,DCM,0.7,True,0.5394833024489339,0.008845497000947944,8.0,,
3227,3.0,30,DCM,0.75,True,0.4902691808941017,0.008924983001634246,8.0,,
3227,3.0,30,DCM,0.8,True,0.4410550602962018,0.00855273299930559,8.0,,
3227,3.0,30,DCM,0.85,True,0.3918409399328869,0.008528512998964288,8.0,,
3227,3.0,30,DCM,0.9,True,0.34262681673216894,0.008669876000567456,8.0,0.0,-0.4617940053629357
3227,3.0,30,DCM,0.95,True,0.2934126979871055,0.01005809600064822,8.0,,
3227,3.0,30,DCM,1.0,True,0.2441985760205382,0.010291786999005126,8.0,,
3227,3.0,30,ICM-noSI,0.7,True,0.5394833035107861,0.008743520000280114,8.0,,
3227,3.0,30,ICM-noSI,0.75,True,0.49026918195586455,0.009071211999980733,8.0,,
3227,3.0,30,ICM-noSI,0.8,True,0.4410550613578762,0.008855411999320495,8.0,,
3227,3.0,30,ICM-noSI,0.85,True,0.3918409409944718,0.008586269001170876,8.0,,
3227,3.0,30,ICM-noSI,0.9,True,0.34262681779367093,0.008629332000055001,8.0,0.0,-0.46179400608823906
3227,3.0,30,ICM-noSI,0.95,True,0.29341269904855927,0.00859370400030457,8.0,,
3227,3.0,30,ICM-noSI,1.0,True,0.2441985770818569,0.008622241000921349,8.0,,
3227,3.0,30,ICM,0.7,True,0.5468812590328973,0.008670794999488862,8.0,,
3227,3.0,30,ICM,0.75,True,0.49699963448405293,0.008561202999771922,8.0,,
3227,3.0,30,ICM,0.8,True,0.44711800985489986,0.008412027000304079,8.0,,
3227,3.0,30,ICM,0.85,True,0.3972363848892126,0.00874535000002652,8.0,,
3227,3.0,30,ICM,0.9,True,0.34735475856769504,0.008502598999257316,8.0,0.0,-0.4198340992350523
3227,3.0,30,ICM,0.95,True,0.29747313637064166,0.008866692000083276,8.0,,
3227,3.0,30,ICM,1.0,True,0.24764295965629174,0.008647791000839788,8.0,,
3244,3.0,30,DCM,0.7,True,0.53381205377422,0.009148320999884163,8.0,,
3244,3.0,30,DCM,0.75,True,0.4829226027503608,0.009182444999169093,8.0,,
3244,3.0,30,DCM,0.8,True,0.4320331383272836,0.008734884999284986,8.0,,
3244,3.0,30,DCM,0.85,True,0.38114367385789294,0.00844371399944066,8.0,,
3244,3.0,30,DCM,0.9,True,0.33025420815922557,0.008415595000769827,8.0,0.0,-0.2766889638320177
3244,3.0,30,DCM,0.95,True,0.27983795317859805,0.008740688999751,8.0,,
3244,3.0,30,DCM,1.0,True,0.23038147799235298,0.008876891999534564,8.0,,
3244,3.0,30,ICM-noSI,0.7,True,0.5362671053510002,0.008391671999561368,8.0,,
3244,3.0,30,ICM-noSI,0.75,True,0.4859154532707274,0.008395431001190445,8.0,,
3244,3.0,30,ICM-noSI,0.8,True,0.4355638008697816,0.008480230000714073,8.0,,
3244,3.0,30,ICM-noSI,0.85,True,0.3852121478072176,0.008459355000013602,8.0,,
3244,3.0,30,ICM-noSI,0.9,True,0.33486049046324495,0.009169621000182815,8.0,0.0,-0.27242799855474253
3244,3.0,30,ICM-noSI,0.95,True,0.28451586522980743,0.009200725999107817,8.0,,
3244,3.0,30,ICM-noSI,1.0,True,0.23437551221462782,0.009149755000180448,8.0,,
3244,3.0,30,ICM,0.7,True,0.5408411371185626,0.008568825000111246,8.0,,
3244,3.0,30,ICM,0.75,True,0.4905766425024418,0.008958465999967302,8.0,,
3244,3.0,30,ICM,0.8,True,0.44031214793578033,0.009040746999744442,8.0,,
3244,3.0,30,ICM,0.85,True,0.39004765249752676,0.00920066999970004,8.0,,
3244,3.0,30,ICM,0.9,True,0.3397831530282332,0.009031117999256821,8.0,0.0,-0.27075720017622185
3244,3.0,30,ICM,0.95,True,0.2895656806310505,0.00903026800006046,8.0,,
3244,3.0,30,ICM,1.0,True,0.23948619175224273,0.008818009999231435,8.0,,
3261,3.0,30,DCM,0.7,True,0.5229443669629862,0.008595820998380077,8.0,,
3261,3.0,30,DCM,0.75,True,0.47317442898187084,0.008640993999506463,8.0,,
3261,3.0,30,DCM,0.8,True,0.42340449089996857,0.008721481999600655,8.0,,
3261,3.0,30,DCM,0.85,True,0.3736345523925771,0.008308447000672459,8.0,,
3261,3.0,30,DCM,0.9,True,0.3238646153049349,0.00834662300076161,8.0,0.0,-0.2692652377607191
3261,3.0,30,DCM,0.95,True,0.2741255503966701,0.008294528000988066,8.0,,
3261,3.0,30,DCM,1.0,True,0.22446639406190033,0.008472297999105649,8.0,,
3261,3.0,30,ICM-noSI,0.7,True,0.5229283622951979,0.008603106998634757,8.0,,
3261,3.0,30,ICM-noSI,0.75,True,0.47315881691139017,0.008525416000338737,8.0,,
3261,3.0,30,ICM-noSI,0.8,True,0.42338927137597987,0.008668529000715353,8.0,,
3261,3.0,30,ICM-noSI,0.85,True,0.3736197253025937,0.00874801300051331,8.0,,
3261,3.0,30,ICM-noSI,0.9,True,0.3238501803578189,0.008813582000584574,8.0,0.0,-0.26912434448424283
3261,3.0,30,ICM-noSI,0.95,True,0.27412557272876714,0.008636419001049944,8.0,,
3261,3.0,30,ICM-noSI,1.0,True,0.2244664160619642,0.008504094999807421,8.0,,
3261,3.0,30,ICM,0.7,True,0.5312160763741605,0.008917226001358358,8.0,,
3261,3.0,30,ICM,0.75,True,0.48158839791010344,0.008524580998710007,8.0,,
3261,3.0,30,ICM,0.8,True,0.4319607191899214,0.008486892998917028,8.0,,
3261,3.0,30,ICM,0.85,True,0.38233303913523986,0.008544078998966143,8.0,,
3261,3.0,30,ICM,0.9,True,0.3327053565340946,0.008584784000049694,8.0,0.0,-0.27727566890249766
3261,3.0,30,ICM,0.95,True,0.2830776790307718,0.008812389000013354,8.0,,
3261,3.0,30,ICM,1.0,True,0.23344999824647786,0.008456759998807684,8.0,,
3278,3.0,30,DCM,0.7,True,0.5399090780724288,0.008495161000610096,8.0,,
3278,3.0,30,DCM,0.75,True,0.48954420674080434,0.008358060998943984,8.0,,
3278,3.0,30,DCM,0.8,True,0.43917933731116376,0.008357337999768788,8.0,,
3278,3.0,30,DCM,0.85,True,0.3888144757907833,0.008791218999249395,8.0,,
3278,3.0,30,DCM,0.9,True,0.338449605814019,0.008653966999190743,8.0,0.0,-0.2934821969779423
3278,3.0,30,DCM,0.95,True,0.2882779142935734,0.008801251999102533,8.0,,
3278,3.0,30,DCM,1.0,True,0.2382982834634482,0.008637132001240388,8.0,,
3278,3.0,30,ICM-noSI,0.7,True,0.505619728506403,0.009022463000292191,8.0,,
3278,3.0,30,ICM-noSI,0.75,True,0.4559831184616356,0.00860322300104599,8.0,,
3278,3.0,30,ICM-noSI,0.8,True,0.4063464921946112,0.008749180999075179,8.0,,
3278,3.0,30,ICM-noSI,0.85,True,0.35670986595719795,0.008596012999987579,8.0,,
3278,3.0,30,ICM-noSI,0.9,True,0.30707323955339544,0.008545439000954502,8.0,0.0,-0.2899620243616047
3278,3.0,30,ICM-noSI,0.95,True,0.25743661000041324,0.00953085299988743,8.0,,
3278,3.0,30,ICM-noSI,1.0,True,0.20807007747897008,0.010183861000768957,8.0,,
3278,3.0,30,ICM,0.7,True,0.5452666295606231,0.008969021000666544,8.0,,
3278,3.0,30,ICM,0.75,True,0.495111902380919,0.008838437001031707,8.0,,
3278,3.0,30,ICM,0.8,True,0.4449571757467235,0.00876458299899241,8.0,,
3278,3.0,30,ICM,0.85,True,0.39480244929495123,0.00864834500134748,8.0,,
3278,3.0,30,ICM,0.9,True,0.3446477205193592,0.009222418999343063,8.0,0.0,-0.28746436076033743
3278,3.0,30,ICM,0.95,True,0.29455758743133476,0.009002277000035974,8.0,,
3278,3.0,30,ICM,1.0,True,0.2445933711347771,0.009097314999962691,8.0,,
3295,3.0,30,DCM,0.7,True,0.5220838940293434,0.008099373000732157,8.0,,
3295,3.0,30,DCM,0.75,True,0.4715641774548611,0.008589613000367535,8.0,,
3295,3.0,30,DCM,0.8,True,0.42104446088339215,0.008408494999457616,8.0,,
3295,3.0,30,DCM,0.85,True,0.3705247427981885,0.008200727999792434,8.0,,
3295,3.0,30,DCM,0.9,True,0.3200050247040131,0.00797357900046336,8.0,0.0,-0.35094470298267355
3295,3.0,30,DCM,0.95,True,0.2710871489306058,0.008309156999530387,8.0,,
3295,3.0,30,DCM,1.0,True,0.2239565737256199,0.008195618000172544,8.0,,
3295,3.0,30,ICM-noSI,0.7,True,0.5220839012433688,0.008176060000550933,8.0,,
3295,3.0,30,ICM-noSI,0.75,True,0.47156418452909576,0.008662254000228131,8.0,,
3295,3.0,30,ICM-noSI,0.8,True,0.42104446782834837,0.00856681299956108,8.0,,
3295,3.0,30,ICM-noSI,0.85,True,0.3705247497941436,0.00840670300021884,8.0,,
3295,3.0,30,ICM-noSI,0.9,True,0.3200050316604679,0.008620024000265403,8.0,0.0,-0.3509447048027081
3295,3.0,30,ICM-noSI,0.95,True,0.2710871551059299,0.008283997000035015,8.0,,
3295,3.0,30,ICM-noSI,1.0,True,0.22395658018904535,0.00866613700054586,8.0,,
3295,3.0,30,ICM,0.7,True,0.5118975472777735,0.00906212100017001,8.0,,
3295,3.0,30,ICM,0.75,True,0.46182811804954105,0.008600872999522835,8.0,,
3295,3.0,30,ICM,0.8,True,0.4117586887584189,0.008692408999195322,8.0,,
3295,3.0,30,ICM,0.85,True,0.3616892563302676,0.008906332999686128,8.0,,
3295,3.0,30,ICM,0.9,True,0.3116198332620834,0.009142099999735365,8.0,0.0,-0.34966611730424524
3295,3.0,30,ICM,0.95,True,0.26162563023956226,0.009717953000290436,8.0,,
3295,3.0,30,ICM,1.0,True,0.21170697765710997,0.010163205999560887,8.0,,
3312,3.0,30,DCM,0.7,True,0.5418636499382588,0.008311364001201582,8.0,,
3312,3.0,30,DCM,0.75,True,0.4911884240057087,0.008562430000893073,8.0,,
3312,3.0,30,DCM,0.8,True,0.4405131987820064,0.008222837999710464,8.0,,
3312,3.0,30,DCM,0.85,True,0.3898379701671203,0.008109383001283277,8.0,,
3312,3.0,30,DCM,0.9,True,0.339162759602011,0.008736429001146462,8.0,0.0,-0.3635196119563907
3312,3.0,30,DCM,0.95,True,0.2889298705260749,0.008287508000648813,8.0,,
3312,3.0,30,DCM,1.0,True,0.23937659753125795,0.008171153000148479,8.0,,
3312,3.0,30,ICM-noSI,0.7,True,0.5346795966239579,0.008540820999769494,8.0,,
3312,3.0,30,ICM-noSI,0.75,True,0.48589590588189774,0.00869046099978732,8.0,,
3312,3.0,30,ICM-noSI,0.8,True,0.4371122146494967,0.008560623000448686,8.0,,
3312,3.0,30,ICM-noSI,0.85,True,0.3883285312149601,0.009052895000422723,8.0,,
3312,3.0,30,ICM-noSI,0.9,True,0.33954483681892966,0.008967140000095242,8.0,0.0,-0.3636358463832138
3312,3.0,30,ICM-noSI,0.95,True,0.29079512577243133,0.00860036499943817,8.0,,
3312,3.0,30,ICM-noSI,1.0,True,0.24210116276502214,0.00870407900038117,8.0,,
3312,3.0,30,ICM,0.7,True,0.5300814541909881,0.008257769999545417,8.0,,
3312,3.0,30,ICM,0.75,True,0.4808101797292358,0.008837028999550967,8.0,,
3312,3.0,30,ICM,0.8,True,0.4315389053101496,0.008721440000954317,8.0,,
3312,3.0,30,ICM,0.85,True,0.3822676230429201,0.00859046900040994,8.0,,
3312,3.0,30,ICM,0.9,True,0.3329963561641794,0.0083354149992374,8.0,0.0,-0.3619862151445511
3312,3.0,30,ICM,0.95,True,0.28379761322923364,0.008354931000212673,8.0,,
3312,3.0,30,ICM,1.0,True,0.23467315828214644,0.008158140999512398,8.0,,
3329,3.0,30,DCM,0.7,True,0.5169120206227612,0.00873228199998266,8.0,,
3329,3.0,30,DCM,0.75,True,0.46882195945437016,0.008718261000467464,8.0,,
3329,3.0,30,DCM,0.8,True,0.42073189865786037,0.008730093999474775,8.0,,
3329,3.0,30,DCM,0.85,True,0.3726418380071183,0.00869890200010559,8.0,,
3329,3.0,30,DCM,0.9,True,0.32455178135329493,0.00875080900004832,8.0,0.0,-0.36845567186737405
3329,3.0,30,DCM,0.95,True,0.2768556472232191,0.010074087998873438,8.0,,
3329,3.0,30,DCM,1.0,True,0.2299892013151634,0.010168781000174931,8.0,,
3329,3.0,30,ICM-noSI,0.7,True,0.5169120234354866,0.00823857700015651,8.0,,
3329,3.0,30,ICM-noSI,0.75,True,0.46882196215534727,0.008100511000520783,8.0,,
3329,3.0,30,ICM-noSI,0.8,True,0.4207319012470898,0.008284925999760162,8.0,,
3329,3.0,30,ICM-noSI,0.85,True,0.372641840484593,0.00862934600081644,8.0,,
3329,3.0,30,ICM-noSI,0.9,True,0.3245517837190437,0.008210579999285983,8.0,0.0,-0.3684556736280795
3329,3.0,30,ICM-noSI,0.95,True,0.27685564948593433,0.008611708999524126,8.0,,
3329,3.0,30,ICM-noSI,1.0,True,0.22998920385702112,0.008503731000018888,8.0,,
3329,3.0,30,ICM,0.7,True,0.5276122457984973,0.008198934998290497,8.0,,
3329,3.0,30,ICM,0.75,True,0.478519832774357,0.008616701001301408,8.0,,
3329,3.0,30,ICM,0.8,True,0.4294274166651215,0.008073343000432942,8.0,,
3329,3.0,30,ICM,0.85,True,0.3803350169770747,0.008080712001174106,8.0,,
3329,3.0,30,ICM,0.9,True,0.33124260375279235,0.008161666000887635,8.0,0.0,-0.37299585102415844
3329,3.0,30,ICM,0.95,True,0.28219513805458046,0.008184484000594239,8.0,,
3329,3.0,30,ICM,1.0,True,0.2332903647752404,0.008119698000882636,8.0,,
3346,3.0,30,DCM,0.7,True,0.52115399652774,0.008256831000835518,8.0,,
3346,3.0,30,DCM,0.75,True,0.47212905473889843,0.008243850999861024,8.0,,
3346,3.0,30,DCM,0.8,True,0.423104113099807,0.008315749000757933,8.0,,
3346,3.0,30,DCM,0.85,True,0.3740791709244886,0.008095290999335703,8.0,,
3346,3.0,30,DCM,0.9,True,0.3250542245089888,0.008493379000356072,8.0,0.0,-0.3814812353229472
3346,3.0,30,DCM,0.95,True,0.27602928721161607,0.008232662999944296,8.0,,
3346,3.0,30,DCM,1.0,True,0.22700434499549296,0.00934717299969634,8.0,,
3346,3.0,30,ICM-noSI,0.7,True,0.5147018643772192,0.008421328000622452,8.0,,
3346,3.0,30,ICM-noSI,0.75,True,0.46548862533379604,0.008639450001282967,8.0,,
3346,3.0,30,ICM-noSI,0.8,True,0.41627538988434215,0.008854797000822145,8.0,,
3346,3.0,30,ICM-noSI,0.85,True,0.36706214726023856,0.008551269000236061,8.0,,
3346,3.0,30,ICM-noSI,0.9,True,0.317848899457066,0.008703798001079122,8.0,0.0,-0.36059091236870155
3346,3.0,30,ICM-noSI,0.95,True,0.2689056647043113,0.008646042000691523,8.0,,
3346,3.0,30,ICM-noSI,1.0,True,0.2201681533933152,0.008590977999119787,8.0,,
3346,3.0,30,ICM,0.7,True,0.5002646694632384,0.008806265999737661,8.0,,
3346,3.0,30,ICM,0.75,True,0.45124992561292415,0.008619756999905803,8.0,,
3346,3.0,30,ICM,0.8,True,0.4022351827000604,0.008516605999830063,8.0,,
3346,3.0,30,ICM,0.85,True,0.35322043195799613,0.008264113999757683,8.0,,
3346,3.0,30,ICM,0.9,True,0.3042056957922778,0.008579606999774114,8.0,0.0,-0.3693472496970488
3346,3.0,30,ICM,0.95,True,0.2551909504661456,0.0087183970008482,8.0,,
3346,3.0,30,ICM,1.0,True,0.20617620456119057,0.008614088999820524,8.0,,
3363,3.0,30,DCM,0.7,True,0.5351588811591789,0.008597833000749233,8.0,,
3363,3.0,30,DCM,0.75,True,0.48471431292902306,0.008420594000199344,8.0,,
3363,3.0,30,DCM,0.8,True,0.43426974104596994,0.008201202001146157,8.0,,
3363,3.0,30,DCM,0.85,True,0.38382516794615656,0.008331793000252219,8.0,,
3363,3.0,30,DCM,0.9,True,0.33338060731510294,0.008553179999580607,8.0,0.0,-0.2893667350814867
3363,3.0,30,DCM,0.95,True,0.2829360380473948,0.008426678999967407,8.0,,
3363,3.0,30,DCM,1.0,True,0.23295439822524697,0.008363826000277186,8.0,,
3363,3.0,30,ICM-noSI,0.7,True,0.5390236560016879,0.008154625000315718,8.0,,
3363,3.0,30,ICM-noSI,0.75,True,0.48862385823313714,0.008392269000978558,8.0,,
3363,3.0,30,ICM-noSI,0.8,True,0.4382240569881773,0.008380670999031281,8.0,,
3363,3.0,30,ICM-noSI,0.85,True,0.3878242535058499,0.00836989699928381,8.0,,
3363,3.0,30,ICM-noSI,0.9,True,0.33742446398301057,0.008270045000244863,8.0,0.0,-0.2897840517318522
3363,3.0,30,ICM-noSI,0.95,True,0.28702466519355346,0.008362111000678851,8.0,,
3363,3.0,30,ICM-noSI,1.0,True,0.2370244977349074,0.008440190000328585,8.0,,
3363,3.0,30,ICM,0.7,True,0.5224240356694048,0.008712883000043803,8.0,,
3363,3.0,30,ICM,0.75,True,0.4727145355438579,0.008248240999819245,8.0,,
3363,3.0,30,ICM,0.8,True,0.423005035275589,0.00834935199964093,8.0,,
3363,3.0,30,ICM,0.85,True,0.37329553493749185,0.008106475001113722,8.0,,
3363,3.0,30,ICM,0.9,True,0.3235860211816837,0.008408428000620916,8.0,0.0,-0.35329075247403896
3363,3.0,30,ICM,0.95,True,0.2738765351562739,0.00833739499830699,8.0,,
3363,3.0,30,ICM,1.0,True,0.22416703486015171,0.008669090999319451,8.0,,
3380,3.0,30,DCM,0.7,True,0.49592272865447673,0.010380409001299995,8.0,,
3380,3.0,30,DCM,0.75,True,0.4447633271515184,0.00920358600160398,8.0,,
3380,3.0,30,DCM,0.8,True,0.39360392570276104,0.008874515999195864,8.0,,
3380,3.0,30,DCM,0.85,True,0.34244452303491696,0.008891343000868801,8.0,,
3380,3.0,30,DCM,0.9,True,0.29185031508811005,0.008721700998648885,8.0,0.0,-0.29839278277372727
3380,3.0,30,DCM,0.95,True,0.24202579681786224,0.008716840999113629,8.0,,
3380,3.0,30,DCM,1.0,True,0.19314932711001778,0.008653374999994412,8.0,,
3380,3.0,30,ICM-noSI,0.7,True,0.4959227268095725,0.00835194800129102,8.0,,
3380,3.0,30,ICM-noSI,0.75,True,0.44476332529811863,0.008544820999304648,8.0,,
3380,3.0,30,ICM-noSI,0.8,True,0.39360392384146753,0.008195767999495729,8.0,,
3380,3.0,30,ICM-noSI,0.85,True,0.3424445211559551,0.008615688000645605,8.0,,
3380,3.0,30,ICM-noSI,0.9,True,0.2918503131318313,0.008751383000344504,8.0,0.0,-0.2983927861560334
3380,3.0,30,ICM-noSI,0.95,True,0.24202579463163135,0.009291813999880105,8.0,,
3380,3.0,30,ICM-noSI,1.0,True,0.19314932476127242,0.009279485000661225,8.0,,
3380,3.0,30,ICM,0.7,True,0.5032868132020639,0.008136181000736542,8.0,,
3380,3.0,30,ICM,0.75,True,0.45363248116654803,0.008565682001062669,8.0,,
3380,3.0,30,ICM,0.8,True,0.4039781630269542,0.008130185000482015,8.0,,
3380,3.0,30,ICM,0.85,True,0.35432383723518995,0.008146344998749555,8.0,,
3380,3.0,30,ICM,0.9,True,0.30466950283941086,0.008479449001242756,8.0,0.0,-0.3084701695861123
3380,3.0,30,ICM,0.95,True,0.2551235578888896,0.00827857000149379,8.0,,
3380,3.0,30,ICM,1.0,True,0.2056173445642542,0.008468158999676234,8.0,,
3397,3.0,30,DCM,0.7,True,0.5272795278829985,0.008422586000961019,8.0,,
3397,3.0,30,DCM,0.75,True,0.4780062955288555,0.008340260999830207,8.0,,
3397,3.0,30,DCM,0.8,True,0.4287330616356133,0.008143341001414228,8.0,,
3397,3.0,30,DCM,0.85,True,0.3794598357629893,0.008231675999923027,8.0,,
3397,3.0,30,DCM,0.9,True,0.3301866028299737,0.00844826100001228,8.0,0.0,-0.33149346508972943
3397,3.0,30,DCM,0.95,True,0.28136348273340406,0.008159580000210553,8.0,,
3397,3.0,30,DCM,1.0,True,0.23346136223416797,0.008276855998701649,8.0,,
3397,3.0,30,ICM-noSI,0.7,True,0.5272795343993104,0.008639869998660288,8.0,,
3397,3.0,30,ICM-noSI,0.75,True,0.4780063020895609,0.008467735999147408,8.0,,
3397,3.0,30,ICM-noSI,0.8,True,0.4287330682413484,0.008562050001273747,8.0,,
3397,3.0,30,ICM-noSI,0.85,True,0.37945984241342234,0.008546662998924148,8.0,,
3397,3.0,30,ICM-noSI,0.9,True,0.3301866095264691,0.008754804999625776,8.0,0.0,-0.3314934703132858
3397,3.0,30,ICM-noSI,0.95,True,0.2813634894032149,0.008901760000298964,8.0,,
3397,3.0,30,ICM-noSI,1.0,True,0.23346136902910622,0.009499204001258477,8.0,,
3397,3.0,30,ICM,0.7,True,0.5098899070904366,0.008783641000263742,8.0,,
3397,3.0,30,ICM,0.75,True,0.4606761004831231,0.008433123999566305,8.0,,
3397,3.0,30,ICM,0.8,True,0.4114623123593766,0.00914327600003162,8.0,,
3397,3.0,30,ICM,0.85,True,0.3622485134992351,0.009192084999085637,8.0,,
3397,3.0,30,ICM,0.9,True,0.31303471197523236,0.009115985998505494,8.0,0.0,-0.31818504582954876
3397,3.0,30,ICM,0.95,True,0.2638992727567588,0.008609403999798815,8.0,,
3397,3.0,30,ICM,1.0,True,0.2148316977351138,0.00891946000047028,8.0,,
3414,3.0,30,DCM,0.7,True,0.5042792004887535,0.008528278000085265,8.0,,
3414,3.0,30,DCM,0.75,True,0.45470857873565235,0.008431206999375718,8.0,,
3414,3.0,30,DCM,0.8,True,0.4051379570271287,0.008621504000984714,8.0,,
3414,3.0,30,DCM,0.85,True,0.35556733484302816,0.008426423999480903,8.0,,
3414,3.0,30,DCM,0.9,True,0.3059967126333297,0.00870515200040245,8.0,0.0,-0.25780977883930944
3414,3.0,30,DCM,0.95,True,0.25652363642716464,0.00875369999994291,8.0,,
3414,3.0,30,DCM,1.0,True,0.20708767743663245,0.008528488000592915,8.0,,
3414,3.0,30,ICM-noSI,0.7,True,0.5042834613357621,0.008210042000428075,8.0,,
3414,3.0,30,ICM-noSI,0.75,True,0.45471293846585426,0.008123865998641122,8.0,,
3414,3.0,30,ICM-noSI,0.8,True,0.4051424156250368,0.008066469001278165,8.0,,
3414,3.0,30,ICM-noSI,0.85,True,0.35557189231069014,0.008311049999974784,8.0,,
3414,3.0,30,ICM-noSI,0.9,True,0.3060013692445031,0.008265178001238382,8.0,0.0,-0.2578523259001382
3414,3.0,30,ICM-noSI,0.95,True,0.25652356968163376,0.008307692998641869,8.0,,
3414,3.0,30,ICM-noSI,1.0,True,0.2070876125825576,0.008461433000775287,8.0,,
3414,3.0,30,ICM,0.7,True,0.514470803865246,0.008610280998254893,8.0,,
3414,3.0,30,ICM,0.75,True,0.4646939869312253,0.008731263000299805,8.0,,
3414,3.0,30,ICM,0.8,True,0.41491716995579125,0.008644499001093209,8.0,,
3414,3.0,30,ICM,0.85,True,0.36514035263614797,0.00863124500028789,8.0,,
3414,3.0,30,ICM,0.9,True,0.31536353668319694,0.008616651000920683,8.0,0.0,-0.2647610992623788
3414,3.0,30,ICM,0.95,True,0.26558671968306735,0.009138483001152053,8.0,,
3414,3.0,30,ICM,1.0,True,0.21580990265775338,0.008807832999082166,8.0,,
3431,3.0,30,DCM,0.7,True,0.5100443010051572,0.008386666999285808,8.0,,
3431,3.0,30,DCM,0.75,True,0.4598391633073337,0.008602201000030618,8.0,,
3431,3.0,30,DCM,0.8,True,0.40963401583294673,0.008197041999665089,8.0,,
3431,3.0,30,DCM,0.85,True,0.35942886862638646,0.008549554000637727,8.0,,
3431,3.0,30,DCM,0.9,True,0.309223724627337,0.008209304000047268,8.0,0.0,-0.291604437385369
3431,3.0,30,DCM,0.95,True,0.2592951031757315,0.008640901000035228,8.0,,
3431,3.0,30,DCM,1.0,True,0.2096680378219421,0.008341433000168763,8.0,,
3431,3.0,30,ICM-noSI,0.7,True,0.5100443000499896,0.01239820599948871,8.0,,
3431,3.0,30,ICM-noSI,0.75,True,0.45983916241138767,0.012088203999155667,8.0,,
3431,3.0,30,ICM-noSI,0.8,True,0.40963401499622176,0.01251604800017958,8.0,,
3431,3.0,30,ICM-noSI,0.85,True,0.359428867848899,0.01256650399955106,8.0,,
3431,3.0,30,ICM-noSI,0.9,True,0.3092237239090463,0.01246459399953892,8.0,0.0,-0.2916044354798528
3431,3.0,30,ICM-noSI,0.95,True,0.25929510239808207,0.010244553999655182,8.0,,
3431,3.0,30,ICM-noSI,1.0,True,0.2096680368831644,0.011121510999146267,8.0,,
3431,3.0,30,ICM,0.7,True,0.5100890017350399,0.010941020000245771,8.0,,
3431,3.0,30,ICM,0.75,True,0.4602484294124861,0.012249211999005638,8.0,,
3431,3.0,30,ICM,0.8,True,0.4104078483369514,0.012871087999883457,8.0,,
3431,3.0,30,ICM,0.85,True,0.3605672715101903,0.012786160999894491,8.0,,
3431,3.0,30,ICM,0.9,True,0.3107266893802491,0.013057850999757648,8.0,0.0,-0.3215564651292512
3431,3.0,30,ICM,0.95,True,0.2609760406620416,0.011390642999685952,8.0,,
3431,3.0,30,ICM,1.0,True,0.21128483794119254,0.01109999399886874,8.0,,
3448,3.0,30,DCM,0.7,True,0.5158526294330659,0.008064109000770259,8.0,,
3448,3.0,30,DCM,0.75,True,0.4663912016231868,0.00829460600107268,8.0,,
3448,3.0,30,DCM,0.8,True,0.41692977398816183,0.008157509999364265,8.0,,
3448,3.0,30,DCM,0.85,True,0.36746834609328954,0.00808724099988467,8.0,,
3448,3.0,30,DCM,0.9,True,0.3180069125554799,0.008222062000641017,8.0,0.0,-0.3271764459730392
3448,3.0,30,DCM,0.95,True,0.2685454922934854,0.008491626000250108,8.0,,
3448,3.0,30,DCM,1.0,True,0.21908406389684867,0.008790243999101222,8.0,,
3448,3.0,30,ICM-noSI,0.7,True,0.5091828246037065,0.008193958999981987,8.0,,
3448,3.0,30,ICM-noSI,0.75,True,0.4611085837893667,0.00811469499967643,8.0,,
3448,3.0,30,ICM-noSI,0.8,True,0.41303434314022897,0.00815682499887771,8.0,,
3448,3.0,30,ICM-noSI,0.85,True,0.3649601024401781,0.008637609000288649,8.0,,
3448,3.0,30,ICM-noSI,0.9,True,0.3168858596774962,0.008156722000421723,8.0,0.0,-0.3267113445852141
3448,3.0,30,ICM-noSI,0.95,True,0.2688116134685125,0.008386887000597198,8.0,,
3448,3.0,30,ICM-noSI,1.0,True,0.22073738039442467,0.008167641000909498,8.0,,
3448,3.0,30,ICM,0.7,True,0.5241825893620772,0.00901662199976272,8.0,,
3448,3.0,30,ICM,0.75,True,0.4740199001661658,0.00880174700068892,8.0,,
3448,3.0,30,ICM,0.8,True,0.42385721091793,0.008497467999404762,8.0,,
3448,3.0,30,ICM,0.85,True,0.37369451873071713,0.008579753999583772,8.0,,
3448,3.0,30,ICM,0.9,True,0.323531827351545,0.007989491001353599,8.0,0.0,-0.330181724650921
3448,3.0,30,ICM,0.95,True,0.27336914517642624,0.008542730000044685,8.0,,
3448,3.0,30,ICM,1.0,True,0.22320645613819715,0.008520218998455675,8.0,,
3465,3.0,30,DCM,0.7,True,0.5369981275011652,0.008743211999899358,8.0,,
3465,3.0,30,DCM,0.75,True,0.4870023088349981,0.008498334000250907,8.0,,
3465,3.0,30,DCM,0.8,True,0.4370064881133138,0.008233397998992587,8.0,,
3465,3.0,30,DCM,0.85,True,0.38701068537898836,0.008613820999016752,8.0,,
3465,3.0,30,DCM,0.9,True,0.33701487018678333,0.00857750599971041,8.0,0.0,-0.2859717369185838
3465,3.0,30,DCM,0.95,True,0.28701904631166103,0.00871384099991701,8.0,,
3465,3.0,30,DCM,1.0,True,0.23713974737325144,0.008347061999302241,8.0,,
3465,3.0,30,ICM-noSI,0.7,True,0.5180238667699573,0.008334792000823654,8.0,,
3465,3.0,30,ICM-noSI,0.75,True,0.4687603227225833,0.008587771999373217,8.0,,
3465,3.0,30,ICM-noSI,0.8,True,0.4194967787330983,0.008611093999206787,8.0,,
3465,3.0,30,ICM-noSI,0.85,True,0.3702332345362701,0.008308434000355192,8.0,,
3465,3.0,30,ICM-noSI,0.9,True,0.3209696874391474,0.008534390000932035,8.0,0.0,-0.3610434294752147
3465,3.0,30,ICM-noSI,0.95,True,0.2717061477145567,0.008631957000034163,8.0,,
3465,3.0,30,ICM-noSI,1.0,True,0.22244260371369692,0.008725222000066424,8.0,,
3465,3.0,30,ICM,0.7,True,0.5456961587277528,0.008124263998979586,8.0,,
3465,3.0,30,ICM,0.75,True,0.49403956428980933,0.008061067999733496,8.0,,
3465,3.0,30,ICM,0.8,True,0.4423829696806143,0.008378176999030984,8.0,,
3465,3.0,30,ICM,0.85,True,0.39072637460601634,0.008642656999654719,8.0,,
3465,3.0,30,ICM,0.9,True,0.3390697770863433,0.008583711000028416,8.0,0.0,-0.378477513769804
3465,3.0,30,ICM,0.95,True,0.2874131853760108,0.008672613999806345,8.0,,
3465,3.0,30,ICM,1.0,True,0.23575658988585346,0.008290724001199123,8.0,,
3482,3.0,30,DCM,0.7,True,0.5441247575549671,0.008395233999181073,8.0,,
3482,3.0,30,DCM,0.75,True,0.493491475489386,0.008114955000564805,8.0,,
3482,3.0,30,DCM,0.8,True,0.44285819011753014,0.008122237000861787,8.0,,
3482,3.0,30,DCM,0.85,True,0.39222490099807517,0.008590254001319408,8.0,,
3482,3.0,30,DCM,0.9,True,0.3415916280958637,0.00858127500032424,8.0,0.0,-0.24484972245032188
3482,3.0,30,DCM,0.95,True,0.2909583431404293,0.008775898999374476,8.0,,
3482,3.0,30,DCM,1.0,True,0.24080166727888072,0.009004427998661413,8.0,,
3482,3.0,30,ICM-noSI,0.7,True,0.5441247579191656,0.008301102998302667,8.0,,
3482,3.0,30,ICM-noSI,0.75,True,0.4934914750211054,0.008202483000786742,8.0,,
3482,3.0,30,ICM-noSI,0.8,True,0.4428581887309504,0.00823990800017782,8.0,,
3482,3.0,30,ICM-noSI,0.85,True,0.3922248987221152,0.008061684999120189,8.0,,
3482,3.0,30,ICM-noSI,0.9,True,0.34159162520201997,0.008072885999354185,8.0,0.0,-0.2448471521579746
3482,3.0,30,ICM-noSI,0.95,True,0.2909583392977662,0.00863457000014023,8.0,,
3482,3.0,30,ICM-noSI,1.0,True,0.24080166296822192,0.008407796000028611,8.0,,
3482,3.0,30,ICM,0.7,True,0.5484591854715495,0.008499696001308621,8.0,,
3482,3.0,30,ICM,0.75,True,0.4979171921422718,0.008114973999909125,8.0,,
3482,3.0,30,ICM,0.8,True,0.4473751922803244,0.008172035000825417,8.0,,
3482,3.0,30,ICM,0.85,True,0.3968331941630427,0.008300687000883045,8.0,,
3482,3.0,30,ICM,0.9,True,0.34629120199781066,0.008668248001413303,8.0,0.0,-0.24954587409280482
3482,3.0,30,ICM,0.95,True,0.29574919607570826,0.00878103500144789,8.0,,
3482,3.0,30,ICM,1.0,True,0.24525925306106006,0.008273163000922068,8.0,,
3499,3.0,30,DCM,0.7,True,0.5420235134708156,0.00809543300056248,8.0,,
3499,3.0,30,DCM,0.75,True,0.4922069911692109,0.008603206999396207,8.0,,
3499,3.0,30,DCM,0.8,True,0.4423904690468869,0.008599642000262975,8.0,,
3499,3.0,30,DCM,0.85,True,0.3925739468099905,0.008396166000238736,8.0,,
3499,3.0,30,DCM,0.9,True,0.3427574245055856,0.008091649000562029,8.0,0.0,-0.3057650281416512
3499,3.0,30,DCM,0.95,True,0.2929408953393192,0.009127809998972225,8.0,,
3499,3.0,30,DCM,1.0,True,0.24312438128960986,0.009110323999266257,8.0,,
3499,3.0,30,ICM-noSI,0.7,True,0.5441770093168024,0.00812025300001551,8.0,,
3499,3.0,30,ICM-noSI,0.75,True,0.4941070861261416,0.008222360998843214,8.0,,
3499,3.0,30,ICM-noSI,0.8,True,0.4440371620503253,0.00855789600063872,8.0,,
3499,3.0,30,ICM-noSI,0.85,True,0.39396723776404846,0.008255803999418276,8.0,,
3499,3.0,30,ICM-noSI,0.9,True,0.34389731485730324,0.008070452000538353,8.0,0.0,-0.30696507533293815
3499,3.0,30,ICM-noSI,0.95,True,0.2938273989864988,0.008094655000604689,8.0,,
3499,3.0,30,ICM-noSI,1.0,True,0.24375747603909287,0.008266574001027038,8.0,,
3499,3.0,30,ICM,0.7,True,0.5494655705122166,0.008975979000751977,8.0,,
3499,3.0,30,ICM,0.75,True,0.4987233770557873,0.008563278999645263,8.0,,
3499,3.0,30,ICM,0.8,True,0.4479811829792367,0.008479239000735106,8.0,,
3499,3.0,30,ICM,0.85,True,0.3972389886013114,0.008365491999938968,8.0,,
3499,3.0,30,ICM,0.9,True,0.3464967896567498,0.008285908999823732,8.0,0.0,-0.31064756570307084
3499,3.0,30,ICM,0.95,True,0.29575460260518244,0.008659512001031544,8.0,,
3499,3.0,30,ICM,1.0,True,0.24501240880605568,0.008184528000128921,8.0,,
3516,3.0,30,DCM,0.7,True,0.5424983301171594,0.008441797999694245,8.0,,
3516,3.0,30,DCM,0.75,True,0.4921356210870952,0.009503023000434041,8.0,,
3516,3.0,30,DCM,0.8,True,0.44177291112831807,0.010109843999089208,8.0,,
3516,3.0,30,DCM,0.85,True,0.3914102010508136,0.010220748001302127,8.0,,
3516,3.0,30,DCM,0.9,True,0.341047491016136,0.009429615000044578,8.0,0.0,-0.2865554039932747
3516,3.0,30,DCM,0.95,True,0.2906847764240893,0.008604406999438652,8.0,,
3516,3.0,30,DCM,1.0,True,0.2407189966309199,0.008612722000179929,8.0,,
3516,3.0,30,ICM-noSI,0.7,True,0.5370420296485308,0.008283226999992621,8.0,,
3516,3.0,30,ICM-noSI,0.75,True,0.4862116998083409,0.008135477999530849,8.0,,
3516,3.0,30,ICM-noSI,0.8,True,0.43538137084209383,0.008556527998734964,8.0,,
3516,3.0,30,ICM-noSI,0.85,True,0.38455103773185295,0.008358729999599745,8.0,,
3516,3.0,30,ICM-noSI,0.9,True,0.33372070783429164,0.008116925000649644,8.0,0.0,-0.2863754554430895
3516,3.0,30,ICM-noSI,0.95,True,0.28289038774489034,0.008367757000087295,8.0,,
3516,3.0,30,ICM-noSI,1.0,True,0.23280616473778917,0.008461237001029076,8.0,,
3516,3.0,30,ICM,0.7,True,0.5308647347864122,0.009018136001031962,8.0,,
3516,3.0,30,ICM,0.75,True,0.4812330816925198,0.009088714999961667,8.0,,
3516,3.0,30,ICM,0.8,True,0.4316014285358375,0.008753312000408187,8.0,,
3516,3.0,30,ICM,0.85,True,0.38196977513858205,0.00849174200084235,8.0,,
3516,3.0,30,ICM,0.9,True,0.3323381196082811,0.008388062000449281,8.0,0.0,-0.27969425295436035
3516,3.0,30,ICM,0.95,True,0.28270646905186747,0.00814322699989134,8.0,,
3516,3.0,30,ICM,1.0,True,0.2331346578393103,0.00888077399940812,8.0,,
3533,3.0,30,DCM,0.7,True,0.504569057474668,0.00878792000003159,8.0,,
3533,3.0,30,DCM,0.75,True,0.45603483818981827,0.008514606999597163,8.0,,
3533,3.0,30,DCM,0.8,True,0.4075006191493541,0.008454759999949601,8.0,,
3533,3.0,30,DCM,0.85,True,0.35896639979675043,0.008249301999967429,8.0,,
3533,3.0,30,DCM,0.9,True,0.31043217526197076,0.008650861000205623,8.0,0.0,-0.2956553031378497
3533,3.0,30,DCM,0.95,True,0.2618979639794696,0.008901056000468088,8.0,,
3533,3.0,30,DCM,1.0,True,0.2133637447061288,0.008616782000899548,8.0,,
3533,3.0,30,ICM-noSI,0.7,True,0.5045690564241319,0.008561935999750858,8.0,,
3533,3.0,30,ICM-noSI,0.75,True,0.45603483721444615,0.008448719998341403,8.0,,
3533,3.0,30,ICM-noSI,0.8,True,0.4075006182491454,0.008598602000347455,8.0,,
3533,3.0,30,ICM-noSI,0.85,True,0.358966398971708,0.008351625001523644,8.0,,
3533,3.0,30,ICM-noSI,0.9,True,0.31043217451209065,0.00806898999871919,8.0,0.0,-0.29565530273311336
3533,3.0,30,ICM-noSI,0.95,True,0.26189796330475523,0.008272258000943111,8.0,,
3533,3.0,30,ICM-noSI,1.0,True,0.21336374410659034,0.008118656000078772,8.0,,
3533,3.0,30,ICM,0.7,True,0.5167728134942651,0.008472189998428803,8.0,,
3533,3.0,30,ICM,0.75,True,0.46675454550979834,0.00826459500058263,8.0,,
3533,3.0,30,ICM,0.8,True,0.41673627706749783,0.00864602200090303,8.0,,
3533,3.0,30,ICM,0.85,True,0.366718007009408,0.008688234000146622,8.0,,
3533,3.0,30,ICM,0.9,True,0.3166997483940428,0.008395419999942533,8.0,0.0,-0.22075719898913326
3533,3.0,30,ICM,0.95,True,0.2666814810575768,0.008696589999090065,8.0,,
3533,3.0,30,ICM,1.0,True,0.21676983046402684,0.008481717999529792,8.0,,
4210,4.0,30,DCM,0.7,True,0.491422708990613,0.00877349600159505,8.0,,
4210,4.0,30,DCM,0.75,True,0.44119329590454864,0.00923316300031729,8.0,,
4210,4.0,30,DCM,0.8,True,0.39096388963396916,0.009374901999763097,8.0,,
4210,4.0,30,DCM,0.85,True,0.34073448769021547,0.008773469000516343,8.0,,
4210,4.0,30,DCM,0.9,True,0.29050507620485694,0.008678603999214829,8.0,0.0,-0.2710471056523236
4210,4.0,30,DCM,0.95,True,0.24028070067845766,0.008711456999662914,8.0,,
4210,4.0,30,DCM,1.0,True,0.19014606145374094,0.0084802760011371,8.0,,
4210,4.0,30,ICM-noSI,0.7,True,0.4914227102621394,0.008982798999568331,8.0,,
4210,4.0,30,ICM-noSI,0.75,True,0.4411932970301917,0.008911408000130905,8.0,,
4210,4.0,30,ICM-noSI,0.8,True,0.3909638903829036,0.008537037998394226,8.0,,
4210,4.0,30,ICM-noSI,0.85,True,0.3407344888108897,0.008683369000209495,8.0,,
4210,4.0,30,ICM-noSI,0.9,True,0.2905050778371737,0.008226226000260795,8.0,0.0,-0.27107559906208667
4210,4.0,30,ICM-noSI,0.95,True,0.24028070175773814,0.00824722200013639,8.0,,
4210,4.0,30,ICM-noSI,1.0,True,0.1901460624680567,0.008192035998945357,8.0,,
4210,4.0,30,ICM,0.7,True,0.5080663702922286,0.009018732998811174,8.0,,
4210,4.0,30,ICM,0.75,True,0.4574354798985509,0.008904858999812859,8.0,,
4210,4.0,30,ICM,0.8,True,0.4068045871025594,0.008872166999935871,8.0,,
4210,4.0,30,ICM,0.85,True,0.3561737008208244,0.008940720999817131,8.0,,
4210,4.0,30,ICM,0.9,True,0.305542821231507,0.008527068999683252,8.0,0.0,-0.28320369230991993
4210,4.0,30,ICM,0.95,True,0.254911934487903,0.008794683999440167,8.0,,
4210,4.0,30,ICM,1.0,True,0.20435789740187887,0.009122886998738977,8.0,,
4227,4.0,30,DCM,0.7,True,0.5362312012498618,0.008622287999969558,8.0,,
4227,4.0,30,DCM,0.75,True,0.4875224791721878,0.008163700000295648,8.0,,
4227,4.0,30,DCM,0.8,True,0.4388137558147949,0.00807448699924862,8.0,,
4227,4.0,30,DCM,0.85,True,0.3901050442108357,0.00856911299888452,8.0,,
4227,4.0,30,DCM,0.9,True,0.34139632151326943,0.008504252999046003,8.0,0.0,-0.3223625873676602
4227,4.0,30,DCM,0.95,True,0.29268759876659883,0.008296969999719295,8.0,,
4227,4.0,30,DCM,1.0,True,0.24422941424028366,0.008456949999526842,8.0,,
4227,4.0,30,ICM-noSI,0.7,True,0.5347298867797541,0.008502355000018724,8.0,,
4227,4.0,30,ICM-noSI,0.75,True,0.4858848801788082,0.008581804999266751,8.0,,
4227,4.0,30,ICM-noSI,0.8,True,0.4370398729530361,0.008795873998678871,8.0,,
4227,4.0,30,ICM-noSI,0.85,True,0.38819487499243116,0.008592301999669871,8.0,,
4227,4.0,30,ICM-noSI,0.9,True,0.3393498688963432,0.008622915000159992,8.0,0.0,-0.323458340646644
4227,4.0,30,ICM-noSI,0.95,True,0.29050486094145994,0.008630368000012822,8.0,,
4227,4.0,30,ICM-noSI,1.0,True,0.24210538740551815,0.008682734000103665,8.0,,
4227,4.0,30,ICM,0.7,True,0.5410925021436019,0.008994244000859908,8.0,,
4227,4.0,30,ICM,0.75,True,0.49237642822211475,0.008779686999332625,8.0,,
4227,4.0,30,ICM,0.8,True,0.4436603542606954,0.008375331999559421,8.0,,
4227,4.0,30,ICM,0.85,True,0.3949442812502221,0.008618350999313407,8.0,,
4227,4.0,30,ICM,0.9,True,0.3462282156867292,0.008591014000558062,8.0,0.0,-0.30924948218584714
4227,4.0,30,ICM,0.95,True,0.29754902256632065,0.008238162999987253,8.0,,
4227,4.0,30,ICM,1.0,True,0.24901440313858106,0.008869698998751119,8.0,,
4244,4.0,30,DCM,0.7,True,0.52108059821527,0.011872946999574197,8.0,,
4244,4.0,30,DCM,0.75,True,0.47029179800943577,0.012407531999997445,8.0,,
4244,4.0,30,DCM,0.8,True,0.419503000955264,0.012686604999544215,8.0,,
4244,4.0,30,DCM,0.85,True,0.3687142014475483,0.012483103000704432,8.0,,
4244,4.0,30,DCM,0.9,True,0.3179254014759935,0.013218729000072926,8.0,0.0,-0.29382222932986535
4244,4.0,30,DCM,0.95,True,0.26715539410696626,0.012749458999678609,8.0,,
4244,4.0,30,DCM,1.0,True,0.2170513471155917,0.012079295000148704,8.0,,
4244,4.0,30,ICM-noSI,0.7,True,0.5210820334214264,0.009441898000659421,8.0,,
4244,4.0,30,ICM-noSI,0.75,True,0.4702932349757535,0.008686330000273301,8.0,,
4244,4.0,30,ICM-noSI,0.8,True,0.4195044464583653,0.008748338999794214,8.0,,
4244,4.0,30,ICM-noSI,0.85,True,0.36871564984798166,0.009122838000621414,8.0,,
4244,4.0,30,ICM-noSI,0.9,True,0.31792684303711666,0.008572077998906025,8.0,0.0,-0.29380655155366586
4244,4.0,30,ICM-noSI,0.95,True,0.2671553926347095,0.009082857999601401,8.0,,
4244,4.0,30,ICM-noSI,1.0,True,0.21705134732125866,0.008651324000311433,8.0,,
4244,4.0,30,ICM,0.7,True,0.5235163588893524,0.008118857000226853,8.0,,
4244,4.0,30,ICM,0.75,True,0.4727789412631635,0.008419875000981847,8.0,,
4244,4.0,30,ICM,0.8,True,0.42204152178183946,0.008078918999672169,8.0,,
4244,4.0,30,ICM,0.85,True,0.37130410018276544,0.00806749700132059,8.0,,
4244,4.0,30,ICM,0.9,True,0.3205666910948669,0.008471481998640229,8.0,0.0,-0.28860601458500845
4244,4.0,30,ICM,0.95,True,0.2699098553131591,0.008472561999951722,8.0,,
4244,4.0,30,ICM,1.0,True,0.21939950408241077,0.008411714999965625,8.0,,
4261,4.0,30,DCM,0.7,True,0.5019121667752731,0.008554218999051955,8.0,,
4261,4.0,30,DCM,0.75,True,0.4518776458462095,0.008569060999434441,8.0,,
4261,4.0,30,DCM,0.8,True,0.4018431384602227,0.008719039000425255,8.0,,
4261,4.0,30,DCM,0.85,True,0.3518086187163964,0.008709416999408859,8.0,,
4261,4.0,30,DCM,0.9,True,0.3017740983392789,0.00927516900082992,8.0,0.0,-0.33256728183838724
4261,4.0,30,DCM,0.95,True,0.2517395672506393,0.008575375999498647,8.0,,
4261,4.0,30,DCM,1.0,True,0.20243998479363362,0.008596469000622164,8.0,,
4261,4.0,30,ICM-noSI,0.7,True,0.5019121614377011,0.008906176999516902,8.0,,
4261,4.0,30,ICM-noSI,0.75,True,0.4518776390681884,0.008238436999818077,8.0,,
4261,4.0,30,ICM-noSI,0.8,True,0.4018431302411119,0.008279935000246041,8.0,,
4261,4.0,30,ICM-noSI,0.85,True,0.3518086090587482,0.008376829000553698,8.0,,
4261,4.0,30,ICM-noSI,0.9,True,0.3017740872485684,0.008147657999870717,8.0,0.0,-0.332567277523366
4261,4.0,30,ICM-noSI,0.95,True,0.25173955471975856,0.008378930999242584,8.0,,
4261,4.0,30,ICM-noSI,1.0,True,0.2024399721505976,0.008815155999400304,8.0,,
4261,4.0,30,ICM,0.7,True,0.538800026526647,0.009462091000386863,8.0,,
4261,4.0,30,ICM,0.75,True,0.48756001429017587,0.009498028999587405,8.0,,
4261,4.0,30,ICM,0.8,True,0.4363200110035324,0.008848550000038813,8.0,,
4261,4.0,30,ICM,0.85,True,0.385080002342311,0.00846809500035306,8.0,,
4261,4.0,30,ICM,0.9,True,0.33383999385654983,0.008602709000115283,8.0,0.0,-0.3490123167705975
4261,4.0,30,ICM,0.95,True,0.2825999858551843,0.009087082999030827,8.0,,
4261,4.0,30,ICM,1.0,True,0.231392370858311,0.008944014000007883,8.0,,
4278,4.0,30,DCM,0.7,True,0.5269844025284758,0.008123614001306123,8.0,,
4278,4.0,30,DCM,0.75,True,0.476996436589069,0.008110712000416243,8.0,,
4278,4.0,30,DCM,0.8,True,0.42700846106286483,0.008227242000430124,8.0,,
4278,4.0,30,DCM,0.85,True,0.37702048663752985,0.008619193000413361,8.0,,
4278,4.0,30,DCM,0.9,True,0.32703251440210673,0.008213756000259309,8.0,0.0,-0.26428359370197163
4278,4.0,30,DCM,0.95,True,0.27724341048808576,0.008453915999780293,8.0,,
4278,4.0,30,DCM,1.0,True,0.22774059676544356,0.008687324001584784,8.0,,
4278,4.0,30,ICM-noSI,0.7,True,0.5269843978716108,0.008557627001209767,8.0,,
4278,4.0,30,ICM-noSI,0.75,True,0.4769964319836185,0.008758627000133856,8.0,,
4278,4.0,30,ICM-noSI,0.8,True,0.4270084565085483,0.008400753999012522,8.0,,
4278,4.0,30,ICM-noSI,0.85,True,0.37702048213449413,0.008685328999490594,8.0,,
4278,4.0,30,ICM-noSI,0.9,True,0.3270325099505263,0.008336614000654663,8.0,0.0,-0.26428359088990216
4278,4.0,30,ICM-noSI,0.95,True,0.2772434061511102,0.0443135789992084,8.0,,
4278,4.0,30,ICM-noSI,1.0,True,0.22774059260141644,0.011587867998969159,8.0,,
4278,4.0,30,ICM,0.7,True,0.5405589327264578,0.008302275000460213,8.0,,
4278,4.0,30,ICM,0.75,True,0.4906700297865011,0.008098135998807265,8.0,,
4278,4.0,30,ICM,0.8,True,0.4407811276943212,0.008013441000002786,8.0,,
4278,4.0,30,ICM,0.85,True,0.39089223402875356,0.008411308999711764,8.0,,
4278,4.0,30,ICM,0.9,True,0.34100333199515387,0.008280598000055761,8.0,0.0,-0.26533076553280843
4278,4.0,30,ICM,0.95,True,0.2911265768874869,0.008269521000329405,8.0,,
4278,4.0,30,ICM,1.0,True,0.24142190151241588,0.00817634899976838,8.0,,
4295,4.0,30,DCM,0.7,True,0.5197452503869772,0.008362243001101888,8.0,,
4295,4.0,30,DCM,0.75,True,0.46995613198210084,0.008323535001181881,8.0,,
4295,4.0,30,DCM,0.8,True,0.42016701358765884,0.008209868999983883,8.0,,
4295,4.0,30,DCM,0.85,True,0.370377895272262,0.008230054001614917,8.0,,
4295,4.0,30,DCM,0.9,True,0.3205887765427731,0.008194988000468584,8.0,0.0,-0.3141870583796226
4295,4.0,30,DCM,0.95,True,0.270799660300434,0.008196177999707288,8.0,,
4295,4.0,30,DCM,1.0,True,0.22214194689278546,0.008694821000972297,8.0,,
4295,4.0,30,ICM-noSI,0.7,True,0.5197452509538751,0.008874827999534318,8.0,,
4295,4.0,30,ICM-noSI,0.75,True,0.4699561327855334,0.008563708999645314,8.0,,
4295,4.0,30,ICM-noSI,0.8,True,0.4201670146277624,0.00844554600007541,8.0,,
4295,4.0,30,ICM-noSI,0.85,True,0.37037789654889747,0.008279593999759527,8.0,,
4295,4.0,30,ICM-noSI,0.9,True,0.32058877805600383,0.008253132000390906,8.0,0.0,-0.31418705933849267
4295,4.0,30,ICM-noSI,0.95,True,0.27079966205029926,0.008448491998933605,8.0,,
4295,4.0,30,ICM-noSI,1.0,True,0.22214194870738052,0.008173591999366181,8.0,,
4295,4.0,30,ICM,0.7,True,0.5181450682502048,0.008520609999322915,8.0,,
4295,4.0,30,ICM,0.75,True,0.46951048414230334,0.008096104000287596,8.0,,
4295,4.0,30,ICM,0.8,True,0.42087589885762167,0.008121673999994528,8.0,,
4295,4.0,30,ICM,0.85,True,0.37224131270341826,0.008406843000557274,8.0,,
4295,4.0,30,ICM,0.9,True,0.3236067400349209,0.008657423000840936,8.0,0.0,-0.3167702131180602
4295,4.0,30,ICM,0.95,True,0.27497215279091514,0.008231518000684446,8.0,,
4295,4.0,30,ICM,1.0,True,0.22638755327835375,0.008402900999499252,8.0,,
4312,4.0,30,DCM,0.7,True,0.5438825667052748,0.008812087000478641,8.0,,
4312,4.0,30,DCM,0.75,True,0.494615139385368,0.008576972000810201,8.0,,
4312,4.0,30,DCM,0.8,True,0.445347712050402,0.008438753999143955,8.0,,
4312,4.0,30,DCM,0.85,True,0.3960802854456138,0.00853093300065666,8.0,,
4312,4.0,30,DCM,0.9,True,0.34681285113103283,0.008444093999059987,8.0,0.0,-0.3547623883218911
4312,4.0,30,DCM,0.95,True,0.2975454328327709,0.008143438000843162,8.0,,
4312,4.0,30,DCM,1.0,True,0.248599113599644,0.008261175000370713,8.0,,
4312,4.0,30,ICM-noSI,0.7,True,0.5457590953061836,0.00821195800017449,8.0,,
4312,4.0,30,ICM-noSI,0.75,True,0.4966363973456407,0.008567147999201552,8.0,,
4312,4.0,30,ICM-noSI,0.8,True,0.4475136994935366,0.008377829000892234,8.0,,
4312,4.0,30,ICM-noSI,0.85,True,0.3983910016575438,0.009702449000542401,8.0,,
4312,4.0,30,ICM-noSI,0.9,True,0.3492683036344175,0.010347576999265584,8.0,0.0,-0.3547950710020358
4312,4.0,30,ICM-noSI,0.95,True,0.3001455968379136,0.008740561001104652,8.0,,
4312,4.0,30,ICM-noSI,1.0,True,0.2513735315611625,0.008573217999582994,8.0,,
4312,4.0,30,ICM,0.7,True,0.5317015646084179,0.008472958999846014,8.0,,
4312,4.0,30,ICM,0.75,True,0.4815836975191749,0.0082596559986996,8.0,,
4312,4.0,30,ICM,0.8,True,0.4314658355910634,0.008120372000121279,8.0,,
4312,4.0,30,ICM,0.85,True,0.38134797322276975,0.008338782001374057,8.0,,
4312,4.0,30,ICM,0.9,True,0.3312301053433507,0.008646083999337861,8.0,0.0,-0.36144239904719333
4312,4.0,30,ICM,0.95,True,0.2811122374965507,0.008417129998633754,8.0,,
4312,4.0,30,ICM,1.0,True,0.2310169567090837,0.008415243000854389,8.0,,
4329,4.0,30,DCM,0.7,True,0.5576403570399733,0.008152517999405973,8.0,,
4329,4.0,30,DCM,0.75,True,0.508406171971645,0.008302232999994885,8.0,,
4329,4.0,30,DCM,0.8,True,0.45917198738419707,0.008045686001423746,8.0,,
4329,4.0,30,DCM,0.85,True,0.4099378034100804,0.008345050999196246,8.0,,
4329,4.0,30,DCM,0.9,True,0.36070361769380577,0.008632479999505449,8.0,0.0,-0.2721870412934352
4329,4.0,30,DCM,0.95,True,0.31146943935100907,0.008562150998841389,8.0,,
4329,4.0,30,DCM,1.0,True,0.2627009451056318,0.00918634200024826,8.0,,
4329,4.0,30,ICM-noSI,0.7,True,0.5576403578936903,0.008732350999707705,8.0,,
4329,4.0,30,ICM-noSI,0.75,True,0.5084061728335828,0.008229714001572574,8.0,,
4329,4.0,30,ICM-noSI,0.8,True,0.45917198825435296,0.008110422000754625,8.0,,
4329,4.0,30,ICM-noSI,0.85,True,0.4099378042884559,0.008194964999347576,8.0,,
4329,4.0,30,ICM-noSI,0.9,True,0.3607036185804179,0.008631022999907145,8.0,0.0,-0.2721870406988889
4329,4.0,30,ICM-noSI,0.95,True,0.3114694402458464,0.008697700000993791,8.0,,
4329,4.0,30,ICM-noSI,1.0,True,0.26270094602829325,0.008880225999746472,8.0,,
4329,4.0,30,ICM,0.7,True,0.531184638234573,0.008603247999417363,8.0,,
4329,4.0,30,ICM,0.75,True,0.4820633626395423,0.0084278300000733,8.0,,
4329,4.0,30,ICM,0.8,True,0.43294208707282844,0.008077333999608527,8.0,,
4329,4.0,30,ICM,0.85,True,0.38382081064856205,0.008501280999553273,8.0,,
4329,4.0,30,ICM,0.9,True,0.3346995333059932,0.009057424000275205,8.0,0.0,-0.27289365966014856
4329,4.0,30,ICM,0.95,True,0.2856286413755681,0.010079253999720095,8.0,,
4329,4.0,30,ICM,1.0,True,0.23671526053434996,0.009914045000186889,8.0,,
4346,4.0,30,DCM,0.7,True,0.5448928589867759,0.008261038999989978,8.0,,
4346,4.0,30,DCM,0.75,True,0.4959910834511687,0.00853786600055173,8.0,,
4346,4.0,30,DCM,0.8,True,0.44708930715674466,0.008154507000654121,8.0,,
4346,4.0,30,DCM,0.85,True,0.3981875280349126,0.008025477000046521,8.0,,
4346,4.0,30,DCM,0.9,True,0.3492857478835795,0.008598812000855105,8.0,0.0,-0.4303853069609491
4346,4.0,30,DCM,0.95,True,0.3003839818559977,0.00850957199872937,8.0,,
4346,4.0,30,DCM,1.0,True,0.2514822057524004,0.008399779999308521,8.0,,
4346,4.0,30,ICM-noSI,0.7,True,0.544892873297208,0.009105839000767446,8.0,,
4346,4.0,30,ICM-noSI,0.75,True,0.49599109805373043,0.0084296719996928,8.0,,
4346,4.0,30,ICM-noSI,0.8,True,0.4470893220514381,0.008506702000886435,8.0,,
4346,4.0,30,ICM-noSI,0.85,True,0.3981875432217742,0.008598836999226478,8.0,,
4346,4.0,30,ICM-noSI,0.9,True,0.3492857633625999,0.008406130998992012,8.0,0.0,-0.4303853164933785
4346,4.0,30,ICM-noSI,0.95,True,0.30038399762705176,0.008544991998860496,8.0,,
4346,4.0,30,ICM-noSI,1.0,True,0.2514822218155901,0.008690985001521767,8.0,,
4346,4.0,30,ICM,0.7,True,0.5390339493180509,0.00840713199977472,8.0,,
4346,4.0,30,ICM,0.75,True,0.4890422951737527,0.008619274000011501,8.0,,
4346,4.0,30,ICM,0.8,True,0.43905064078608375,0.008458959999188664,8.0,,
4346,4.0,30,ICM,0.85,True,0.3890589861797954,0.008293435001178295,8.0,,
4346,4.0,30,ICM,0.9,True,0.33906732097025394,0.00872823600002448,8.0,0.0,-0.42398197449658126
4346,4.0,30,ICM,0.95,True,0.28907567884872826,0.008699358999365359,8.0,,
4346,4.0,30,ICM,1.0,True,0.23908402451828586,0.008470451000903267,8.0,,
4363,4.0,30,DCM,0.7,True,0.48834557294160763,0.008180605000234209,8.0,,
4363,4.0,30,DCM,0.75,True,0.44246242054627166,0.008586890000515268,8.0,,
4363,4.0,30,DCM,0.8,True,0.396579269469546,0.008258619998741779,8.0,,
4363,4.0,30,DCM,0.85,True,0.3506961180474019,0.008470546999888029,8.0,,
4363,4.0,30,DCM,0.9,True,0.3048129650992813,0.008172664000085206,8.0,0.0,-0.30629815372901326
4363,4.0,30,DCM,0.95,True,0.2589298170540398,0.00842380799986131,8.0,,
4363,4.0,30,DCM,1.0,True,0.21401807292359334,0.008473870000671013,8.0,,
4363,4.0,30,ICM-noSI,0.7,True,0.4883455644712205,0.008604835998994531,8.0,,
4363,4.0,30,ICM-noSI,0.75,True,0.4424624121649816,0.008261618999313214,8.0,,
4363,4.0,30,ICM-noSI,0.8,True,0.39657926117736064,0.008151301999532734,8.0,,
4363,4.0,30,ICM-noSI,0.85,True,0.35069610984432675,0.008340547999978298,8.0,,
4363,4.0,30,ICM-noSI,0.9,True,0.30481295698533806,0.008544410999093088,8.0,0.0,-0.3062981559714343
4363,4.0,30,ICM-noSI,0.95,True,0.2589298090291872,0.008580215000620228,8.0,,
4363,4.0,30,ICM-noSI,1.0,True,0.21401806545751978,0.008143794000716298,8.0,,
4363,4.0,30,ICM,0.7,True,0.5199828696843914,0.008323362999362871,8.0,,
4363,4.0,30,ICM,0.75,True,0.4708165939009674,0.009079655001187348,8.0,,
4363,4.0,30,ICM,0.8,True,0.42165031766182887,0.009113103998970473,8.0,,
4363,4.0,30,ICM,0.85,True,0.37248404027015464,0.008549493000828079,8.0,,
4363,4.0,30,ICM,0.9,True,0.3233177613446096,0.00837328499983414,8.0,0.0,-0.4130764859777727
4363,4.0,30,ICM,0.95,True,0.2741514927779018,0.008117786001093918,8.0,,
4363,4.0,30,ICM,1.0,True,0.22498521724866646,0.007998201999726007,8.0,,
4380,4.0,30,DCM,0.7,True,0.5067198490463238,0.00896721999924921,8.0,,
4380,4.0,30,DCM,0.75,True,0.45601983059771867,0.008475308000924997,8.0,,
4380,4.0,30,DCM,0.8,True,0.405319803279061,0.00812064000092505,8.0,,
4380,4.0,30,DCM,0.85,True,0.35461979646802566,0.008437101998424623,8.0,,
4380,4.0,30,DCM,0.9,True,0.30391977858336483,0.008389505001105135,8.0,0.0,-0.23958198291348387
4380,4.0,30,DCM,0.95,True,0.2532197590589112,0.008138012999552302,8.0,,
4380,4.0,30,DCM,1.0,True,0.2032986434189471,0.00846030799948494,8.0,,
4380,4.0,30,ICM-noSI,0.7,True,0.5140780210682396,0.008710381000128109,8.0,,
4380,4.0,30,ICM-noSI,0.75,True,0.4625193056048475,0.008344989999386598,8.0,,
4380,4.0,30,ICM-noSI,0.8,True,0.4109605925529794,0.008095773000604822,8.0,,
4380,4.0,30,ICM-noSI,0.85,True,0.3594018813277151,0.008159200000591227,8.0,,
4380,4.0,30,ICM-noSI,0.9,True,0.307843164618537,0.008559448999221786,8.0,0.0,-0.23422889020059312
4380,4.0,30,ICM-noSI,0.95,True,0.25645147371240873,0.008118163999824901,8.0,,
4380,4.0,30,ICM-noSI,1.0,True,0.2066019696959121,0.00842543500039028,8.0,,
4380,4.0,30,ICM,0.7,True,0.49833007002814683,0.008457641999484622,8.0,,
4380,4.0,30,ICM,0.75,True,0.44809068592730095,0.008433916000285535,8.0,,
4380,4.0,30,ICM,0.8,True,0.39785130948976005,0.008481074999508564,8.0,,
4380,4.0,30,ICM,0.85,True,0.3476119339997756,0.008179416001439677,8.0,,
4380,4.0,30,ICM,0.9,True,0.29737254989259443,0.008211254998968798,8.0,0.0,-0.2485220720532736
4380,4.0,30,ICM,0.95,True,0.2471331716911867,0.00835734400061483,8.0,,
4380,4.0,30,ICM,1.0,True,0.19698874373456987,0.008703874000275391,8.0,,
4397,4.0,30,DCM,0.7,True,0.5105155351878199,0.008351521000804496,8.0,,
4397,4.0,30,DCM,0.75,True,0.4601556151903387,0.008064023999395431,8.0,,
4397,4.0,30,DCM,0.8,True,0.40979569367979746,0.0085767799992027,8.0,,
4397,4.0,30,DCM,0.85,True,0.3594357844944895,0.008473459000015282,8.0,,
4397,4.0,30,DCM,0.9,True,0.30907585832295376,0.008196365999538102,8.0,0.0,-0.3565006191683461
4397,4.0,30,DCM,0.95,True,0.25912740968171416,0.0085504429989669,8.0,,
4397,4.0,30,DCM,1.0,True,0.20928924820183428,0.008701671000380884,8.0,,
4397,4.0,30,ICM-noSI,0.7,True,0.5105155380571698,0.008283382998342859,8.0,,
4397,4.0,30,ICM-noSI,0.75,True,0.4601556178999511,0.009085579999009497,8.0,,
4397,4.0,30,ICM-noSI,0.8,True,0.40979569698935575,0.009124380001594545,8.0,,
4397,4.0,30,ICM-noSI,0.85,True,0.3594357865537893,0.008736114001294482,8.0,,
4397,4.0,30,ICM-noSI,0.9,True,0.3090758635196334,0.00860390999878291,8.0,0.0,-0.35617781732478204
4397,4.0,30,ICM-noSI,0.95,True,0.2591274115478691,0.008450352999716415,8.0,,
4397,4.0,30,ICM-noSI,1.0,True,0.2092892498903797,0.008583431001170538,8.0,,
4397,4.0,30,ICM,0.7,True,0.5412470399475396,0.008637898999950266,8.0,,
4397,4.0,30,ICM,0.75,True,0.49056925384717,0.008581757998399553,8.0,,
4397,4.0,30,ICM,0.8,True,0.4398914654888785,0.008790998001131811,8.0,,
4397,4.0,30,ICM,0.85,True,0.38921367326592926,0.008570256000894005,8.0,,
4397,4.0,30,ICM,0.9,True,0.33853589272460544,0.008469184000205132,8.0,0.0,-0.3639418254410274
4397,4.0,30,ICM,0.95,True,0.28788443371955713,0.008634034000351676,8.0,,
4397,4.0,30,ICM,1.0,True,0.23735845401526093,0.008474453999951947,8.0,,
4414,4.0,30,DCM,0.7,True,0.504627050298832,0.008522317000824842,8.0,,
4414,4.0,30,DCM,0.75,True,0.45430928952595645,0.009108739999646787,8.0,,
4414,4.0,30,DCM,0.8,True,0.40399154288269384,0.009261735000109184,8.0,,
4414,4.0,30,DCM,0.85,True,0.3536737820343978,0.009581718999470468,8.0,,
4414,4.0,30,DCM,0.9,True,0.3033560210859777,0.009577319999152678,8.0,0.0,-0.31238634550977007
4414,4.0,30,DCM,0.95,True,0.2531401438012324,0.008632571001726319,8.0,,
4414,4.0,30,DCM,1.0,True,0.2029606322212666,0.008478396999635152,8.0,,
4414,4.0,30,ICM-noSI,0.7,True,0.506020934801819,0.008791150999968522,8.0,,
4414,4.0,30,ICM-noSI,0.75,True,0.4555996715282705,0.008641995000289171,8.0,,
4414,4.0,30,ICM-noSI,0.8,True,0.40517840763303886,0.009024266999404063,8.0,,
4414,4.0,30,ICM-noSI,0.85,True,0.35475713730681974,0.009053157999005634,8.0,,
4414,4.0,30,ICM-noSI,0.9,True,0.3043358803670868,0.008802715001365868,8.0,0.0,-0.3135237942789594
4414,4.0,30,ICM-noSI,0.95,True,0.2545267158893127,0.008686364999448415,8.0,,
4414,4.0,30,ICM-noSI,1.0,True,0.2049468810115653,0.008568850998926791,8.0,,
4414,4.0,30,ICM,0.7,True,0.5078755272661447,0.008967071000370197,8.0,,
4414,4.0,30,ICM,0.75,True,0.4572731444207515,0.008449491000646958,8.0,,
4414,4.0,30,ICM,0.8,True,0.40667079168519665,0.00866000599853578,8.0,,
4414,4.0,30,ICM,0.85,True,0.3560684236688188,0.008311966999826836,8.0,,
4414,4.0,30,ICM,0.9,True,0.30546604754215606,0.008158942000591196,8.0,0.0,-0.31412494995660223
4414,4.0,30,ICM,0.95,True,0.2549429158626601,0.008583767999880365,8.0,,
4414,4.0,30,ICM,1.0,True,0.2044926757043427,0.008767224000621354,8.0,,
4431,4.0,30,DCM,0.7,True,0.5634439131108252,0.008237428000938962,8.0,,
4431,4.0,30,DCM,0.75,True,0.5136432969317166,0.008512364000125672,8.0,,
4431,4.0,30,DCM,0.8,True,0.4638426806412021,0.008468128999084001,8.0,,
4431,4.0,30,DCM,0.85,True,0.4140420641414221,0.008662145000926103,8.0,,
4431,4.0,30,DCM,0.9,True,0.36424144747432763,0.008368890999918221,8.0,0.0,-0.5113140846651754
4431,4.0,30,DCM,0.95,True,0.31444082793473144,0.008461978999548592,8.0,,
4431,4.0,30,DCM,1.0,True,0.2646402153019241,0.008308452999699512,8.0,,
4431,4.0,30,ICM-noSI,0.7,True,0.604498884052003,0.008751339000809821,8.0,,
4431,4.0,30,ICM-noSI,0.75,True,0.552804646173461,0.008421132000876241,8.0,,
4431,4.0,30,ICM-noSI,0.8,True,0.501110417299659,0.009028181999383378,8.0,,
4431,4.0,30,ICM-noSI,0.85,True,0.44941617989210236,0.009745226998347789,8.0,,
4431,4.0,30,ICM-noSI,0.9,True,0.39772194167731656,0.010489422000318882,8.0,0.0,-0.3281835085094227
4431,4.0,30,ICM-noSI,0.95,True,0.3460277037086588,0.009365433999846573,8.0,,
4431,4.0,30,ICM-noSI,1.0,True,0.29489666366963774,0.008711663998838048,8.0,,
4431,4.0,30,ICM,0.7,True,0.5800591995397826,0.008285330999569851,8.0,,
4431,4.0,30,ICM,0.75,True,0.5291823134915844,0.008575953001127345,8.0,,
4431,4.0,30,ICM,0.8,True,0.4783054261374132,0.009903976000714465,8.0,,
4431,4.0,30,ICM,0.85,True,0.42742854570382394,0.010114439000972197,8.0,,
4431,4.0,30,ICM,0.9,True,0.37655165935884316,0.009015846999318455,8.0,0.0,-0.3416274909799606
4431,4.0,30,ICM,0.95,True,0.32567476914809484,0.00934204400073213,8.0,,
4431,4.0,30,ICM,1.0,True,0.2749272289972069,0.008862210999723175,8.0,,
4448,4.0,30,DCM,0.7,True,0.5387837113421873,0.008259156998974504,8.0,,
4448,4.0,30,DCM,0.75,True,0.4907880853088137,0.008135128000503755,8.0,,
4448,4.0,30,DCM,0.8,True,0.44279245938180584,0.008593118000135291,8.0,,
4448,4.0,30,DCM,0.85,True,0.3947968336581289,0.008204570000089006,8.0,,
4448,4.0,30,DCM,0.9,True,0.34680120776335127,0.008616692999567022,8.0,0.0,-0.5002284642015411
4448,4.0,30,DCM,0.95,True,0.2988055749110728,0.008105201999569545,8.0,,
4448,4.0,30,DCM,1.0,True,0.25080995805779704,0.00847370600058639,8.0,,
4448,4.0,30,ICM-noSI,0.7,True,0.5387836914105749,0.008553973999369191,8.0,,
4448,4.0,30,ICM-noSI,0.75,True,0.4907880668338142,0.008470586999465013,8.0,,
4448,4.0,30,ICM-noSI,0.8,True,0.44279244236127263,0.00857382700087328,8.0,,
4448,4.0,30,ICM-noSI,0.85,True,0.3947968180973605,0.008512913998856675,8.0,,
4448,4.0,30,ICM-noSI,0.9,True,0.34680119366397255,0.008640718000606284,8.0,0.0,-0.5002190721893471
4448,4.0,30,ICM-noSI,0.95,True,0.29880556225569344,0.008712406999620725,8.0,,
4448,4.0,30,ICM-noSI,1.0,True,0.250809946927052,0.008248079999248148,8.0,,
4448,4.0,30,ICM,0.7,True,0.5519061943645953,0.008661644000312663,8.0,,
4448,4.0,30,ICM,0.75,True,0.5008354232962684,0.008113509000395425,8.0,,
4448,4.0,30,ICM,0.8,True,0.44976465243071,0.008504830000674701,8.0,,
4448,4.0,30,ICM,0.85,True,0.39869387725030914,0.008538160000171047,8.0,,
4448,4.0,30,ICM,0.9,True,0.34762311144502284,0.00811118799902033,8.0,0.0,-0.3423867172852897
4448,4.0,30,ICM,0.95,True,0.29655234896843735,0.008138959999996587,8.0,,
4448,4.0,30,ICM,1.0,True,0.24551925887562748,0.00837846600006742,8.0,,
4465,4.0,30,DCM,0.7,True,0.5234387103371724,0.010004744999605464,8.0,,
4465,4.0,30,DCM,0.75,True,0.4733169814780386,0.00982603900047252,8.0,,
4465,4.0,30,DCM,0.8,True,0.42319524590153934,0.008843716999763274,8.0,,
4465,4.0,30,DCM,0.85,True,0.37307351026360985,0.008316282999658142,8.0,,
4465,4.0,30,DCM,0.9,True,0.3229517744607991,0.008252310999523615,8.0,0.0,-0.30434089373684836
4465,4.0,30,DCM,0.95,True,0.27409259732144,0.008339513999089831,8.0,,
4465,4.0,30,DCM,1.0,True,0.22602266053010348,0.008507674998327275,8.0,,
4465,4.0,30,ICM-noSI,0.7,True,0.5234387111679347,0.008302456000819802,8.0,,
4465,4.0,30,ICM-noSI,0.75,True,0.4733169824140282,0.00853325699972629,8.0,,
4465,4.0,30,ICM-noSI,0.8,True,0.42319524694202776,0.008594441000241204,8.0,,
4465,4.0,30,ICM-noSI,0.85,True,0.3730735114092045,0.008372164000320481,8.0,,
4465,4.0,30,ICM-noSI,0.9,True,0.3229517757132984,0.00836653300029866,8.0,0.0,-0.30434089375244455
4465,4.0,30,ICM-noSI,0.95,True,0.2740925984815663,0.00842569700034801,8.0,,
4465,4.0,30,ICM-noSI,1.0,True,0.2260226615859782,0.00831876799929887,8.0,,
4465,4.0,30,ICM,0.7,True,0.5113949591145907,0.00832003199866449,8.0,,
4465,4.0,30,ICM,0.75,True,0.46203396198383817,0.008782344000792364,8.0,,
4465,4.0,30,ICM,0.8,True,0.41267294938867133,0.008646140000564628,8.0,,
4465,4.0,30,ICM,0.85,True,0.3633119358898715,0.008256033999714418,8.0,,
4465,4.0,30,ICM,0.9,True,0.31395092036085975,0.008980050000900519,8.0,0.0,-0.3022225255373687
4465,4.0,30,ICM,0.95,True,0.2646816453539799,0.00876669699937338,8.0,,
4465,4.0,30,ICM,1.0,True,0.2155279889688354,0.008863400998961879,8.0,,
4482,4.0,30,DCM,0.7,True,0.5286041887947349,0.008335857000929536,8.0,,
4482,4.0,30,DCM,0.75,True,0.4771376446059416,0.008132163999107433,8.0,,
4482,4.0,30,DCM,0.8,True,0.425671100837256,0.008756650999202975,8.0,,
4482,4.0,30,DCM,0.85,True,0.374204557703895,0.009252776000721497,8.0,,
4482,4.0,30,DCM,0.9,True,0.32273801335710917,0.008852783999827807,8.0,0.0,-0.3434570241357273
4482,4.0,30,DCM,0.95,True,0.2712714687944,0.008688904999871738,8.0,,
4482,4.0,30,DCM,1.0,True,0.2207468286723656,0.0083587749995786,8.0,,
4482,4.0,30,ICM-noSI,0.7,True,0.5288504172248637,0.008926731999963522,8.0,,
4482,4.0,30,ICM-noSI,0.75,True,0.47735556597291307,0.008793954000793747,8.0,,
4482,4.0,30,ICM-noSI,0.8,True,0.4258607150925973,0.008290097999633872,8.0,,
4482,4.0,30,ICM-noSI,0.85,True,0.3743658648959094,0.008439147000899538,8.0,,
4482,4.0,30,ICM-noSI,0.9,True,0.3228710134937961,0.008140765999996802,8.0,0.0,-0.343458402527992
4482,4.0,30,ICM-noSI,0.95,True,0.2713761618230833,0.008174220000000787,8.0,,
4482,4.0,30,ICM-noSI,1.0,True,0.22082749341827945,0.008067352000580286,8.0,,
4482,4.0,30,ICM,0.7,True,0.5249196424753967,0.008284674000606174,8.0,,
4482,4.0,30,ICM,0.75,True,0.4751703145937133,0.008064374998866697,8.0,,
4482,4.0,30,ICM,0.8,True,0.4254209809277256,0.00832273299965891,8.0,,
4482,4.0,30,ICM,0.85,True,0.3756716707376398,0.008624320000308217,8.0,,
4482,4.0,30,ICM,0.9,True,0.32592234399375375,0.008432524000454578,8.0,0.0,-0.3475160164774318
4482,4.0,30,ICM,0.95,True,0.2761730169760315,0.008468910000374308,8.0,,
4482,4.0,30,ICM,1.0,True,0.226478053249689,0.008331631001055939,8.0,,
4499,4.0,30,DCM,0.7,True,0.507608754190422,0.008728339998924639,8.0,,
4499,4.0,30,DCM,0.75,True,0.45904527063963696,0.008602138999776798,8.0,,
4499,4.0,30,DCM,0.8,True,0.41048178725289247,0.009025088000271353,8.0,,
4499,4.0,30,DCM,0.85,True,0.361918303930603,0.008632532000774518,8.0,,
4499,4.0,30,DCM,0.9,True,0.3133548178679977,0.00867447299970081,8.0,0.0,-0.3948974387196249
4499,4.0,30,DCM,0.95,True,0.26479133872401045,0.00817910699879576,8.0,,
4499,4.0,30,DCM,1.0,True,0.2162278553844781,0.008132115999615053,8.0,,
4499,4.0,30,ICM-noSI,0.7,True,0.5139509387353937,0.008623723999335198,8.0,,
4499,4.0,30,ICM-noSI,0.75,True,0.4659621337493398,0.008570044999942183,8.0,,
4499,4.0,30,ICM-noSI,0.8,True,0.417973328641564,0.008355284999197465,8.0,,
4499,4.0,30,ICM-noSI,0.85,True,0.36998452336888765,0.008326623001266853,8.0,,
4499,4.0,30,ICM-noSI,0.9,True,0.32199571695998885,0.008030566001252737,8.0,0.0,-0.40343899438658304
4499,4.0,30,ICM-noSI,0.95,True,0.27400690811087436,0.008563514000343275,8.0,,
4499,4.0,30,ICM-noSI,1.0,True,0.226018098470044,0.008077196000158438,8.0,,
4499,4.0,30,ICM,0.7,True,0.506018601840176,0.008602203999544145,8.0,,
4499,4.0,30,ICM,0.75,True,0.45625703795488803,0.008842997000101604,8.0,,
4499,4.0,30,ICM,0.8,True,0.406495473164486,0.008593067999754567,8.0,,
4499,4.0,30,ICM,0.85,True,0.356733907623715,0.008631142000012915,8.0,,
4499,4.0,30,ICM,0.9,True,0.3069723361387909,0.008183129999451921,8.0,0.0,-0.3923570844361681
4499,4.0,30,ICM,0.95,True,0.2572107816130576,0.008163177000824362,8.0,,
4499,4.0,30,ICM,1.0,True,0.2074492172929087,0.008357943999726558,8.0,,
4516,4.0,30,DCM,0.7,True,0.5455824628735917,0.010145524000108708,8.0,,
4516,4.0,30,DCM,0.75,True,0.49633529408842764,0.009297975000663428,8.0,,
4516,4.0,30,DCM,0.8,True,0.447088125322203,0.008598123000410851,8.0,,
4516,4.0,30,DCM,0.85,True,0.39784095581155027,0.008525676001227112,8.0,,
4516,4.0,30,DCM,0.9,True,0.34859378535282526,0.008607280999058275,8.0,0.0,-0.33848344394670027
4516,4.0,30,DCM,0.95,True,0.29934661862128037,0.008549062999009038,8.0,,
4516,4.0,30,DCM,1.0,True,0.2500994490267611,0.008594801000072039,8.0,,
4516,4.0,30,ICM-noSI,0.7,True,0.5455824547747653,0.008605848001025151,8.0,,
4516,4.0,30,ICM-noSI,0.75,True,0.49633528675398875,0.008637584998723469,8.0,,
4516,4.0,30,ICM-noSI,0.8,True,0.44708811875215115,0.008530250001058448,8.0,,
4516,4.0,30,ICM-noSI,0.85,True,0.3978409500058922,0.008639187999506248,8.0,,
4516,4.0,30,ICM-noSI,0.9,True,0.3485937803115624,0.008497329999954673,8.0,0.0,-0.33848344055830115
4516,4.0,30,ICM-noSI,0.95,True,0.2993466143443946,0.04518685499897401,8.0,,
4516,4.0,30,ICM-noSI,1.0,True,0.2500994455142563,0.010240547999273986,8.0,,
4516,4.0,30,ICM,0.7,True,0.5565786288960088,0.008366283000214025,8.0,,
4516,4.0,30,ICM,0.75,True,0.5070122891027784,0.008308018999741762,8.0,,
4516,4.0,30,ICM,0.8,True,0.4574459489285167,0.008102285999484593,8.0,,
4516,4.0,30,ICM,0.85,True,0.4078796087019636,0.008097658999759005,8.0,,
4516,4.0,30,ICM,0.9,True,0.3583132679215916,0.00856081600068137,8.0,0.0,-0.34474094485861206
4516,4.0,30,ICM,0.95,True,0.30874693060241504,0.008448815999145154,8.0,,
4516,4.0,30,ICM,1.0,True,0.25918059055265424,0.008535140001185937,8.0,,
4533,4.0,30,DCM,0.7,True,0.5481985335213236,0.008501895999870612,8.0,,
4533,4.0,30,DCM,0.75,True,0.49809666835136646,0.00911779800117074,8.0,,
4533,4.0,30,DCM,0.8,True,0.4479948030666736,0.008562261999031762,8.0,,
4533,4.0,30,DCM,0.85,True,0.3978929351919146,0.008805870000287541,8.0,,
4533,4.0,30,DCM,0.9,True,0.3477910775707524,0.00860114699935366,8.0,0.0,-0.3172105404495439
4533,4.0,30,DCM,0.95,True,0.2976892106978987,0.008536547000403516,8.0,,
4533,4.0,30,DCM,1.0,True,0.2488615283847152,0.008884029999535414,8.0,,
4533,4.0,30,ICM-noSI,0.7,True,0.5534240245791076,0.008400288999837358,8.0,,
4533,4.0,30,ICM-noSI,0.75,True,0.5039713358090742,0.008597419999205158,8.0,,
4533,4.0,30,ICM-noSI,0.8,True,0.45451864763665795,0.008491054999467451,8.0,,
4533,4.0,30,ICM-noSI,0.85,True,0.40506595729171846,0.008762821000345866,8.0,,
4533,4.0,30,ICM-noSI,0.9,True,0.35561327131033754,0.008874465000189957,8.0,0.0,-0.31199328730985065
4533,4.0,30,ICM-noSI,0.95,True,0.3062315217141146,0.008237564001319697,8.0,,
4533,4.0,30,ICM-noSI,1.0,True,0.2576199607143758,0.008547989000362577,8.0,,
4533,4.0,30,ICM,0.7,True,0.5886364021902719,0.008070615000178805,8.0,,
4533,4.0,30,ICM,0.75,True,0.5370243345518824,0.008356488000572426,8.0,,
4533,4.0,30,ICM,0.8,True,0.4854122711477348,0.008454321001408971,8.0,,
4533,4.0,30,ICM,0.85,True,0.4338002044026872,0.008302442000058363,8.0,,
4533,4.0,30,ICM,0.9,True,0.38218813654474787,0.008175723000022117,8.0,0.0,-0.28184290959001423
4533,4.0,30,ICM,0.95,True,0.330610387718764,0.008402182998906937,8.0,,
4533,4.0,30,ICM,1.0,True,0.2791603329510623,0.008635804999357788,8.0,,
5210,5.0,30,DCM,0.7,True,0.5209582235967043,0.00904719699974521,8.0,,
5210,5.0,30,DCM,0.75,True,0.47292801136000073,0.008629904999907012,8.0,,
5210,5.0,30,DCM,0.8,True,0.42489779708165987,0.008953601998655358,8.0,,
5210,5.0,30,DCM,0.85,True,0.3768675952276394,0.008553020999897853,8.0,,
5210,5.0,30,DCM,0.9,True,0.3288373848050296,0.008621376999144559,8.0,0.0,-0.25421854091017926
5210,5.0,30,DCM,0.95,True,0.2808071717058031,0.009624173000702285,8.0,,
5210,5.0,30,DCM,1.0,True,0.23287238423354978,0.010935903999779839,8.0,,
5210,5.0,30,ICM-noSI,0.7,True,0.5332772164884965,0.008526523000909947,8.0,,
5210,5.0,30,ICM-noSI,0.75,True,0.48296104139220825,0.008581927000705036,8.0,,
5210,5.0,30,ICM-noSI,0.8,True,0.4326448672816555,0.008598029000495444,8.0,,
5210,5.0,30,ICM-noSI,0.85,True,0.38232870031025407,0.008575174000725383,8.0,,
5210,5.0,30,ICM-noSI,0.9,True,0.33201252366618866,0.008850411000821623,8.0,0.0,-0.25602538878458436
5210,5.0,30,ICM-noSI,0.95,True,0.2816963463574918,0.008539077000023099,8.0,,
5210,5.0,30,ICM-noSI,1.0,True,0.23299009826383343,0.008560700000089128,8.0,,
5210,5.0,30,ICM,0.7,True,0.5439205836170455,0.00848284300082014,8.0,,
5210,5.0,30,ICM,0.75,True,0.49338252778278596,0.008391356999709387,8.0,,
5210,5.0,30,ICM,0.8,True,0.4428444725512509,0.009570633001203532,8.0,,
5210,5.0,30,ICM,0.85,True,0.39230642271147054,0.010034762000941555,8.0,,
5210,5.0,30,ICM,0.9,True,0.34176838355470607,0.009615279999707127,8.0,0.0,-0.2635545016365607
5210,5.0,30,ICM,0.95,True,0.29123032752211697,0.008814605998850311,8.0,,
5210,5.0,30,ICM,1.0,True,0.2407016395058184,0.008641269001600449,8.0,,
5227,5.0,30,DCM,0.7,True,0.5366764378260305,0.008318564001456252,8.0,,
5227,5.0,30,DCM,0.75,True,0.4860959708342135,0.008636313999886625,8.0,,
5227,5.0,30,DCM,0.8,True,0.435515501610711,0.008537126999726752,8.0,,
5227,5.0,30,DCM,0.85,True,0.3849350319168152,0.008230248000472784,8.0,,
5227,5.0,30,DCM,0.9,True,0.3343545623552679,0.008960199000284774,8.0,0.0,-0.17694603707353906
5227,5.0,30,DCM,0.95,True,0.28378426770291776,0.009001308000733843,8.0,,
5227,5.0,30,DCM,1.0,True,0.2338440475098379,0.008840458000122453,8.0,,
5227,5.0,30,ICM-noSI,0.7,True,0.5366764421577609,0.008740644998397329,8.0,,
5227,5.0,30,ICM-noSI,0.75,True,0.48609597524395104,0.00866239200149721,8.0,,
5227,5.0,30,ICM-noSI,0.8,True,0.43551550609858614,0.00896033100070781,8.0,,
5227,5.0,30,ICM-noSI,0.85,True,0.38493503648261695,0.009318779999375693,8.0,,
5227,5.0,30,ICM-noSI,0.9,True,0.33435456699911087,0.009424149000551552,8.0,0.0,-0.17694602723165032
5227,5.0,30,ICM-noSI,0.95,True,0.28378427208268586,0.008982377999927849,8.0,,
5227,5.0,30,ICM-noSI,1.0,True,0.23384405027689353,0.008917879000364337,8.0,,
5227,5.0,30,ICM,0.7,True,0.5156805464715317,0.008916771999793127,8.0,,
5227,5.0,30,ICM,0.75,True,0.46624119162033933,0.008685568000146304,8.0,,
5227,5.0,30,ICM,0.8,True,0.41680185578304896,0.008540388000255916,8.0,,
5227,5.0,30,ICM,0.85,True,0.36736250879841337,0.008872258000337752,8.0,,
5227,5.0,30,ICM,0.9,True,0.31792316041177593,0.008794908999334439,8.0,0.0,-0.19275608528490884
5227,5.0,30,ICM,0.95,True,0.2685240292707889,0.008732066000447958,8.0,,
5227,5.0,30,ICM,1.0,True,0.21930797863177406,0.00871762899987516,8.0,,
5244,5.0,30,DCM,0.7,True,0.5277067003612355,0.008330967000802048,8.0,,
5244,5.0,30,DCM,0.75,True,0.47498270982338064,0.008287971000754624,8.0,,
5244,5.0,30,DCM,0.8,True,0.42225871968669426,0.008171538000169676,8.0,,
5244,5.0,30,DCM,0.85,True,0.36953472959005046,0.008839776999593596,8.0,,
5244,5.0,30,DCM,0.9,True,0.3168107389767181,0.008637086000817362,8.0,0.0,-0.3143725248002709
5244,5.0,30,DCM,0.95,True,0.26429031280336035,0.008681831001013052,8.0,,
5244,5.0,30,DCM,1.0,True,0.2144274275374776,0.008307805999720586,8.0,,
5244,5.0,30,ICM-noSI,0.7,True,0.5159042453519684,0.008637487000669353,8.0,,
5244,5.0,30,ICM-noSI,0.75,True,0.463577058427383,0.00816690200008452,8.0,,
5244,5.0,30,ICM-noSI,0.8,True,0.41124986368823335,0.008656428999529453,8.0,,
5244,5.0,30,ICM-noSI,0.85,True,0.3589226744866288,0.008783131001109723,8.0,,
5244,5.0,30,ICM-noSI,0.9,True,0.30659548834758027,0.008476044999042642,8.0,0.0,-0.31306266158699625
5244,5.0,30,ICM-noSI,0.95,True,0.25522509181969344,0.008676059000208625,8.0,,
5244,5.0,30,ICM-noSI,1.0,True,0.20624627324400055,0.008555616999728954,8.0,,
5244,5.0,30,ICM,0.7,True,0.5239394088994233,0.00856133100023726,8.0,,
5244,5.0,30,ICM,0.75,True,0.4736603926271173,0.008671220000906033,8.0,,
5244,5.0,30,ICM,0.8,True,0.4233813761383567,0.009099945000343723,8.0,,
5244,5.0,30,ICM,0.85,True,0.37310235907693895,0.009272855999370222,8.0,,
5244,5.0,30,ICM,0.9,True,0.32282334130598056,0.009218883998983074,8.0,0.0,-0.33945609700393664
5244,5.0,30,ICM,0.95,True,0.2725602328709164,0.008773285000643227,8.0,,
5244,5.0,30,ICM,1.0,True,0.222500205932665,0.008466256998872268,8.0,,
5261,5.0,30,DCM,0.7,True,0.4893403283082744,0.013808576000883477,8.0,,
5261,5.0,30,DCM,0.75,True,0.4406297985395752,0.01346512500094832,8.0,,
5261,5.0,30,DCM,0.8,True,0.3919192686237145,0.013434385000437032,8.0,,
5261,5.0,30,DCM,0.85,True,0.3432087387506201,0.013423293999949237,8.0,,
5261,5.0,30,DCM,0.9,True,0.294498206062204,0.012414172999342554,8.0,0.0,-0.4166501704488115
5261,5.0,30,DCM,0.95,True,0.2457876741581063,0.01054298299823131,8.0,,
5261,5.0,30,DCM,1.0,True,0.19707714392779874,0.011744090001229779,8.0,,
5261,5.0,30,ICM-noSI,0.7,True,0.4893403448837181,0.009076731999812182,8.0,,
5261,5.0,30,ICM-noSI,0.75,True,0.44062981393546335,0.008771004000664107,8.0,,
5261,5.0,30,ICM-noSI,0.8,True,0.3919192828400443,0.008729206998395966,8.0,,
5261,5.0,30,ICM-noSI,0.85,True,0.34320875178739146,0.008453275999272591,8.0,,
5261,5.0,30,ICM-noSI,0.9,True,0.29449821791941744,0.008360825999261579,8.0,0.0,-0.41665017638267965
5261,5.0,30,ICM-noSI,0.95,True,0.24578768483576766,0.00882875699971919,8.0,,
5261,5.0,30,ICM-noSI,1.0,True,0.1970771534258919,0.008636521000880748,8.0,,
5261,5.0,30,ICM,0.7,True,0.5424237639872241,0.010285747999660089,8.0,,
5261,5.0,30,ICM,0.75,True,0.4914159889029715,0.010316908999811858,8.0,,
5261,5.0,30,ICM,0.8,True,0.4404082136303239,0.00941579400023329,8.0,,
5261,5.0,30,ICM,0.85,True,0.3894004379155747,0.009091060001082951,8.0,,
5261,5.0,30,ICM,0.9,True,0.33839264800121927,0.009052499000972603,8.0,0.0,-0.4389624060253904
5261,5.0,30,ICM,0.95,True,0.28738488853081845,0.008828997000819072,8.0,,
5261,5.0,30,ICM,1.0,True,0.23637711316147428,0.009004561999972793,8.0,,
5278,5.0,30,DCM,0.7,True,0.5426389343390452,0.008427828001003945,8.0,,
5278,5.0,30,DCM,0.75,True,0.4921545514400117,0.008671776000483078,8.0,,
5278,5.0,30,DCM,0.8,True,0.44167015899559003,0.008541840999896522,8.0,,
5278,5.0,30,DCM,0.85,True,0.3911857665519167,0.0086151699997572,8.0,,
5278,5.0,30,DCM,0.9,True,0.34070137294499514,0.008411722999881022,8.0,0.0,-0.38597407799653205
5278,5.0,30,DCM,0.95,True,0.2905380393440689,0.008289778999824193,8.0,,
5278,5.0,30,DCM,1.0,True,0.24112883835027152,0.008211349000703194,8.0,,
5278,5.0,30,ICM-noSI,0.7,True,0.5871662600165822,0.008111253999231849,8.0,,
5278,5.0,30,ICM-noSI,0.75,True,0.5365435901328992,0.008040736000111792,8.0,,
5278,5.0,30,ICM-noSI,0.8,True,0.4859209200872122,0.008304518998556887,8.0,,
5278,5.0,30,ICM-noSI,0.85,True,0.4352982498029085,0.008118533000015304,8.0,,
5278,5.0,30,ICM-noSI,0.9,True,0.38467557930007296,0.008052586001213058,8.0,0.0,-0.48831741131303563
5278,5.0,30,ICM-noSI,0.95,True,0.33405290771875595,0.008572401000492391,8.0,,
5278,5.0,30,ICM-noSI,1.0,True,0.2834302397453199,0.008650031000797753,8.0,,
5278,5.0,30,ICM,0.7,True,0.5864977425044179,0.008556438999221427,8.0,,
5278,5.0,30,ICM,0.75,True,0.5357962794025258,0.008049862000916619,8.0,,
5278,5.0,30,ICM,0.8,True,0.4850948161156749,0.008533545000318554,8.0,,
5278,5.0,30,ICM,0.85,True,0.43439335274309904,0.008389704000364873,8.0,,
5278,5.0,30,ICM,0.9,True,0.38369188911326463,0.008279499001218937,8.0,0.0,-0.4833177580793987
5278,5.0,30,ICM,0.95,True,0.33299042524094424,0.00840195100136043,8.0,,
5278,5.0,30,ICM,1.0,True,0.28228896341901644,0.00814728699879197,8.0,,
5295,5.0,30,DCM,0.7,True,0.5371442792340387,0.008169773000190617,8.0,,
5295,5.0,30,DCM,0.75,True,0.48734909699697804,0.008602028001405415,8.0,,
5295,5.0,30,DCM,0.8,True,0.4375539148487246,0.008531535000656731,8.0,,
5295,5.0,30,DCM,0.85,True,0.38775872986730037,0.008713197999895783,8.0,,
5295,5.0,30,DCM,0.9,True,0.33796354149784225,0.008672338999531348,8.0,0.0,-0.42429558299844783
5295,5.0,30,DCM,0.95,True,0.28816836848720695,0.008421851000093739,8.0,,
5295,5.0,30,DCM,1.0,True,0.23890466178150918,0.008519407001585932,8.0,,
5295,5.0,30,ICM-noSI,0.7,True,0.5067513870559706,0.007998138999028015,8.0,,
5295,5.0,30,ICM-noSI,0.75,True,0.45782836158710966,0.008583232000091812,8.0,,
5295,5.0,30,ICM-noSI,0.8,True,0.40890533566583626,0.00806215299962787,8.0,,
5295,5.0,30,ICM-noSI,0.85,True,0.35998230964259065,0.00834312100050738,8.0,,
5295,5.0,30,ICM-noSI,0.9,True,0.3110592797509286,0.008572630998969544,8.0,0.0,-0.45179454088172166
5295,5.0,30,ICM-noSI,0.95,True,0.26213625192438983,0.00831633900088491,8.0,,
5295,5.0,30,ICM-noSI,1.0,True,0.21321322346685342,0.008595190998676117,8.0,,
5295,5.0,30,ICM,0.7,True,0.5093070608459337,0.008151587000611471,8.0,,
5295,5.0,30,ICM,0.75,True,0.45957707524288965,0.008270872000139207,8.0,,
5295,5.0,30,ICM,0.8,True,0.4098470892095655,0.008585137000409304,8.0,,
5295,5.0,30,ICM,0.85,True,0.3601171018593613,0.008411368000452057,8.0,,
5295,5.0,30,ICM,0.9,True,0.310387107195443,0.008577825001339079,8.0,0.0,-0.44925793682639137
5295,5.0,30,ICM,0.95,True,0.2606571327011183,0.008710198999324348,8.0,,
5295,5.0,30,ICM,1.0,True,0.21092714688489364,0.008285293999506393,8.0,,
5312,5.0,30,DCM,0.7,True,0.5323189727352854,0.009061378999831504,8.0,,
5312,5.0,30,DCM,0.75,True,0.48292970268031665,0.008955777999290149,8.0,,
5312,5.0,30,DCM,0.8,True,0.4335404326052869,0.008678997999595595,8.0,,
5312,5.0,30,DCM,0.85,True,0.3841511624998261,0.00874325599943404,8.0,,
5312,5.0,30,DCM,0.9,True,0.33476189188145905,0.008762722000028589,8.0,0.0,-0.26710539734755256
5312,5.0,30,DCM,0.95,True,0.2860729339824531,0.0083722969993687,8.0,,
5312,5.0,30,DCM,1.0,True,0.2383608560707786,0.008211439999286085,8.0,,
5312,5.0,30,ICM-noSI,0.7,True,0.5323189974167761,0.009172667998427642,8.0,,
5312,5.0,30,ICM-noSI,0.75,True,0.4829297275347965,0.009826763000091887,8.0,,
5312,5.0,30,ICM-noSI,0.8,True,0.43354045763425375,0.010190756000156398,8.0,,
5312,5.0,30,ICM-noSI,0.85,True,0.3841511877006017,0.009726247000799049,8.0,,
5312,5.0,30,ICM-noSI,0.9,True,0.3347619172554381,0.009160600000541308,8.0,0.0,-0.2671053831064948
5312,5.0,30,ICM-noSI,0.95,True,0.28607296042706387,0.00872764400082815,8.0,,
5312,5.0,30,ICM-noSI,1.0,True,0.23836088375130499,0.00830751200010127,8.0,,
5312,5.0,30,ICM,0.7,True,0.5533675629164564,0.008657837999635376,8.0,,
5312,5.0,30,ICM,0.75,True,0.5048145901924456,0.008544954000171856,8.0,,
5312,5.0,30,ICM,0.8,True,0.45626163602813635,0.008262859999376815,8.0,,
5312,5.0,30,ICM,0.85,True,0.40770866830642055,0.008385488999920199,8.0,,
5312,5.0,30,ICM,0.9,True,0.35915569931490043,0.008747335999942152,8.0,0.0,-0.2750872533633082
5312,5.0,30,ICM,0.95,True,0.31060273238876457,0.008749360000365414,8.0,,
5312,5.0,30,ICM,1.0,True,0.2621859921235177,0.008965805000116234,8.0,,
5329,5.0,30,DCM,0.7,True,0.5733675734310734,0.0083045299998048,8.0,,
5329,5.0,30,DCM,0.75,True,0.5229405294655027,0.00832756599993445,8.0,,
5329,5.0,30,DCM,0.8,True,0.47251347481426825,0.00861142500070855,8.0,,
5329,5.0,30,DCM,0.85,True,0.4220864202957494,0.008261908998974832,8.0,,
5329,5.0,30,DCM,0.9,True,0.3716593654782284,0.009072044000276946,8.0,0.0,-0.3522876758783672
5329,5.0,30,DCM,0.95,True,0.32133393037063074,0.010175703000641079,8.0,,
5329,5.0,30,DCM,1.0,True,0.2721861853731972,0.00970460999997158,8.0,,
5329,5.0,30,ICM-noSI,0.7,True,0.5772122526033717,0.008496679000018048,8.0,,
5329,5.0,30,ICM-noSI,0.75,True,0.526128697086913,0.008384731998376083,8.0,,
5329,5.0,30,ICM-noSI,0.8,True,0.4750451401586319,0.008734561000892427,8.0,,
5329,5.0,30,ICM-noSI,0.85,True,0.4239615869773642,0.008604126000136603,8.0,,
5329,5.0,30,ICM-noSI,0.9,True,0.37287803147034515,0.008492442000715528,8.0,0.0,-0.34960212149968584
5329,5.0,30,ICM-noSI,0.95,True,0.3218918905542824,0.008679403999849455,8.0,,
5329,5.0,30,ICM-noSI,1.0,True,0.2725976947906426,0.008157606000168016,8.0,,
5329,5.0,30,ICM,0.7,True,0.5758869180477342,0.008232407999457791,8.0,,
5329,5.0,30,ICM,0.75,True,0.5264258914978829,0.00843476299996837,8.0,,
5329,5.0,30,ICM,0.8,True,0.476964863900729,0.008279938001578557,8.0,,
5329,5.0,30,ICM,0.85,True,0.42750383333256436,0.00887232400054927,8.0,,
5329,5.0,30,ICM,0.9,True,0.37804281961648256,0.009187608000502223,8.0,0.0,-0.3895875718509665
5329,5.0,30,ICM,0.95,True,0.3285817943251486,0.008534757000234094,8.0,,
5329,5.0,30,ICM,1.0,True,0.2792329286563009,0.008356944999832194,8.0,,
5346,5.0,30,DCM,0.7,True,0.5236947376488992,0.009049424001204898,8.0,,
5346,5.0,30,DCM,0.75,True,0.47710081075461597,0.009037122001245734,8.0,,
5346,5.0,30,DCM,0.8,True,0.4305068843184239,0.008655318999444717,8.0,,
5346,5.0,30,DCM,0.85,True,0.3839129573311013,0.00901058199997351,8.0,,
5346,5.0,30,DCM,0.9,True,0.3373190298443277,0.00969564899969555,8.0,0.0,-0.4351025755026988
5346,5.0,30,DCM,0.95,True,0.29072509940824715,0.011588762999963365,8.0,,
5346,5.0,30,DCM,1.0,True,0.2441311762360999,0.011531905000083498,8.0,,
5346,5.0,30,ICM-noSI,0.7,True,0.5236946924249234,0.008348138999281218,8.0,,
5346,5.0,30,ICM-noSI,0.75,True,0.47710077586009897,0.008564458001274033,8.0,,
5346,5.0,30,ICM-noSI,0.8,True,0.4305068546741755,0.008581844000218553,8.0,,
5346,5.0,30,ICM-noSI,0.85,True,0.38391293345731753,0.008520671000951552,8.0,,
5346,5.0,30,ICM-noSI,0.9,True,0.3373190122061471,0.008428585999354254,8.0,0.0,-0.4351032186119349
5346,5.0,30,ICM-noSI,0.95,True,0.2907250906628314,0.008268933001090772,8.0,,
5346,5.0,30,ICM-noSI,1.0,True,0.244131168665165,0.0080743580001581,8.0,,
5346,5.0,30,ICM,0.7,True,0.5308987319406494,0.008226891000958858,8.0,,
5346,5.0,30,ICM,0.75,True,0.482228887668539,0.008376029998544254,8.0,,
5346,5.0,30,ICM,0.8,True,0.4335590429103417,0.008600138999099727,8.0,,
5346,5.0,30,ICM,0.85,True,0.3848891981031705,0.008550616999855265,8.0,,
5346,5.0,30,ICM,0.9,True,0.3362193449468905,0.008283233999463846,8.0,0.0,-0.4338698143289701
5346,5.0,30,ICM,0.95,True,0.2875495102371907,0.008466279999993276,8.0,,
5346,5.0,30,ICM,1.0,True,0.23887966564402036,0.008171088000381133,8.0,,
5363,5.0,30,DCM,0.7,True,0.5270752514057951,0.010080912999910652,8.0,,
5363,5.0,30,DCM,0.75,True,0.48090296698554086,0.009916793000229518,8.0,,
5363,5.0,30,DCM,0.8,True,0.4347306825600049,0.009485045999099384,8.0,,
5363,5.0,30,DCM,0.85,True,0.38855839810662646,0.009093650998693192,8.0,,
5363,5.0,30,DCM,0.9,True,0.34238611360507565,0.008510098999977345,8.0,0.0,-0.4365272587655037
5363,5.0,30,DCM,0.95,True,0.2962138285558399,0.008733414000744233,8.0,,
5363,5.0,30,DCM,1.0,True,0.2500415392109475,0.008582627000578213,8.0,,
5363,5.0,30,ICM-noSI,0.7,True,0.5313313795159961,0.008788194001681404,8.0,,
5363,5.0,30,ICM-noSI,0.75,True,0.4870284812565123,0.00868700700084446,8.0,,
5363,5.0,30,ICM-noSI,0.8,True,0.44272556799219204,0.008392033001655363,8.0,,
5363,5.0,30,ICM-noSI,0.85,True,0.39842265468867694,0.00857953800004907,8.0,,
5363,5.0,30,ICM-noSI,0.9,True,0.3541197412298041,0.008351974000106566,8.0,0.0,-0.44395522589535497
5363,5.0,30,ICM-noSI,0.95,True,0.3098168278032943,0.008353437999176094,8.0,,
5363,5.0,30,ICM-noSI,1.0,True,0.26551391302298144,0.00879604500005371,8.0,,
5363,5.0,30,ICM,0.7,True,0.5268084305143501,0.008787798000412295,8.0,,
5363,5.0,30,ICM,0.75,True,0.47868883449124866,0.008689513000717852,8.0,,
5363,5.0,30,ICM,0.8,True,0.43056923803160096,0.008616391998657491,8.0,,
5363,5.0,30,ICM,0.85,True,0.38244964145794547,0.008493015000567539,8.0,,
5363,5.0,30,ICM,0.9,True,0.3343300458083132,0.00842786800058093,8.0,0.0,-0.43056428260345603
5363,5.0,30,ICM,0.95,True,0.2862104504929485,0.008884004999345052,8.0,,
5363,5.0,30,ICM,1.0,True,0.2380908542156305,0.008506340000167256,8.0,,
5380,5.0,30,DCM,0.7,True,0.5354058715993351,0.009047654000823968,8.0,,
5380,5.0,30,DCM,0.75,True,0.4844324728003498,0.008606995999798528,8.0,,
5380,5.0,30,DCM,0.8,True,0.43345907481490725,0.008532997000656906,8.0,,
5380,5.0,30,DCM,0.85,True,0.38248568963207025,0.008676110999658704,8.0,,
5380,5.0,30,DCM,0.9,True,0.3315122930384609,0.00909934700030135,8.0,0.0,-0.2514180083910583
5380,5.0,30,DCM,0.95,True,0.2805388923599101,0.008516386998962844,8.0,,
5380,5.0,30,DCM,1.0,True,0.22989163054756737,0.00881499699971755,8.0,,
5380,5.0,30,ICM-noSI,0.7,True,0.5354810356000371,0.008432081998762442,8.0,,
5380,5.0,30,ICM-noSI,0.75,True,0.48451402321322334,0.00855693199991947,8.0,,
5380,5.0,30,ICM-noSI,0.8,True,0.43354701200891727,0.008139645999108325,8.0,,
5380,5.0,30,ICM-noSI,0.85,True,0.3825800127274651,0.008170959999915794,8.0,,
5380,5.0,30,ICM-noSI,0.9,True,0.33161300253665,0.008323385000039707,8.0,0.0,-0.2599740106745829
5380,5.0,30,ICM-noSI,0.95,True,0.28064599024256237,0.008175028999175993,8.0,,
5380,5.0,30,ICM-noSI,1.0,True,0.22989163051953185,0.008532665999155142,8.0,,
5380,5.0,30,ICM,0.7,True,0.5309139269173002,0.012270769000679138,8.0,,
5380,5.0,30,ICM,0.75,True,0.4802320027765207,0.011106107000159682,8.0,,
5380,5.0,30,ICM,0.8,True,0.4295500636146235,0.010771474000648595,8.0,,
5380,5.0,30,ICM,0.85,True,0.37886814299815064,0.010824285998751293,8.0,,
5380,5.0,30,ICM,0.9,True,0.32818621303387896,0.010682460999305476,8.0,0.0,-0.24702049616593136
5380,5.0,30,ICM,0.95,True,0.27750427940657535,0.010845685001186212,8.0,,
5380,5.0,30,ICM,1.0,True,0.22689937251047446,0.01088630699996429,8.0,,
5397,5.0,30,DCM,0.7,True,0.5287348538715319,0.008632480001324438,8.0,,
5397,5.0,30,DCM,0.75,True,0.4791705628596985,0.008311723000588245,8.0,,
5397,5.0,30,DCM,0.8,True,0.42960627203037366,0.008290559000670328,8.0,,
5397,5.0,30,DCM,0.85,True,0.380041981202661,0.00900978000026953,8.0,,
5397,5.0,30,DCM,0.9,True,0.3304776879038796,0.008546867000404745,8.0,0.0,-0.3955560707018603
5397,5.0,30,DCM,0.95,True,0.28091338865030036,0.008623990999694797,8.0,,
5397,5.0,30,DCM,1.0,True,0.23134910822587915,0.00818170300044585,8.0,,
5397,5.0,30,ICM-noSI,0.7,True,0.5287348696272086,0.008595127001171932,8.0,,
5397,5.0,30,ICM-noSI,0.75,True,0.4791705772220284,0.008752441999604343,8.0,,
5397,5.0,30,ICM-noSI,0.8,True,0.4296062850250175,0.008665736000693869,8.0,,
5397,5.0,30,ICM-noSI,0.85,True,0.38004199266389277,0.008761520999541972,8.0,,
5397,5.0,30,ICM-noSI,0.9,True,0.33047769801329885,0.008723281998754828,8.0,0.0,-0.3955229133687319
5397,5.0,30,ICM-noSI,0.95,True,0.2809133981473687,0.008558237999750418,8.0,,
5397,5.0,30,ICM-noSI,1.0,True,0.23134911534144334,0.008469098000205122,8.0,,
5397,5.0,30,ICM,0.7,True,0.531378142062273,0.00850649899985001,8.0,,
5397,5.0,30,ICM,0.75,True,0.4816200637180154,0.00858673299990187,8.0,,
5397,5.0,30,ICM,0.8,True,0.4318619844874257,0.008553409001251566,8.0,,
5397,5.0,30,ICM,0.85,True,0.3821039047453671,0.008395550999921397,8.0,,
5397,5.0,30,ICM,0.9,True,0.332345822903232,0.0082779730000766,8.0,0.0,-0.3962134917640905
5397,5.0,30,ICM,0.95,True,0.2825877365179308,0.008191652999812504,8.0,,
5397,5.0,30,ICM,1.0,True,0.23282967093228762,0.008302922000439139,8.0,,
5414,5.0,30,DCM,0.7,True,0.5471037214483394,0.008613416999651236,8.0,,
5414,5.0,30,DCM,0.75,True,0.4934743416783116,0.008572849999836762,8.0,,
5414,5.0,30,DCM,0.8,True,0.43984496265539497,0.008591311001509894,8.0,,
5414,5.0,30,DCM,0.85,True,0.3862155837042393,0.008549685000616591,8.0,,
5414,5.0,30,DCM,0.9,True,0.3325861942098078,0.008586669999203878,8.0,0.0,-0.25593504013027746
5414,5.0,30,DCM,0.95,True,0.27912902293280717,0.008813305001240224,8.0,,
5414,5.0,30,DCM,1.0,True,0.2282762210587226,0.009150423000392038,8.0,,
5414,5.0,30,ICM-noSI,0.7,True,0.5177279456951491,0.008698284000274725,8.0,,
5414,5.0,30,ICM-noSI,0.75,True,0.46560351686692,0.008671244000652223,8.0,,
5414,5.0,30,ICM-noSI,0.8,True,0.4134790880452544,0.008502601998770842,8.0,,
5414,5.0,30,ICM-noSI,0.85,True,0.36135466019544127,0.00860967400149093,8.0,,
5414,5.0,30,ICM-noSI,0.9,True,0.3092302265660199,0.008716264999748091,8.0,0.0,-0.25431853656078374
5414,5.0,30,ICM-noSI,0.95,True,0.25749088436027323,0.008579871000620187,8.0,,
5414,5.0,30,ICM-noSI,1.0,True,0.20804067406179136,0.008732201999009703,8.0,,
5414,5.0,30,ICM,0.7,True,0.542979598934854,0.00861087599878374,8.0,,
5414,5.0,30,ICM,0.75,True,0.49200397918768896,0.008159220000379719,8.0,,
5414,5.0,30,ICM,0.8,True,0.4410283548934182,0.008267699000498396,8.0,,
5414,5.0,30,ICM,0.85,True,0.3900527488269545,0.009657429000071716,8.0,,
5414,5.0,30,ICM,0.9,True,0.3390771299636882,0.010111134999533533,8.0,0.0,-0.2688231821239422
5414,5.0,30,ICM,0.95,True,0.2881097299676368,0.009864613000900135,8.0,,
5414,5.0,30,ICM,1.0,True,0.237336084618055,0.009182849000353599,8.0,,
5431,5.0,30,DCM,0.7,True,0.5271638937889891,0.008751515999392723,8.0,,
5431,5.0,30,DCM,0.75,True,0.4784593247599172,0.008822834999591578,8.0,,
5431,5.0,30,DCM,0.8,True,0.429754755338364,0.00842725800066546,8.0,,
5431,5.0,30,DCM,0.85,True,0.38105018554169084,0.008194661000743508,8.0,,
5431,5.0,30,DCM,0.9,True,0.33234561580366273,0.00861490799979947,8.0,0.0,-0.3980716592040363
5431,5.0,30,DCM,0.95,True,0.2836410513486843,0.008135546999255894,8.0,,
5431,5.0,30,DCM,1.0,True,0.23493648120024882,0.008171856999979354,8.0,,
5431,5.0,30,ICM-noSI,0.7,True,0.5288816659306422,0.00877050000053714,8.0,,
5431,5.0,30,ICM-noSI,0.75,True,0.48015027496474244,0.008436800999334082,8.0,,
5431,5.0,30,ICM-noSI,0.8,True,0.4314188837092087,0.008329563999723177,8.0,,
5431,5.0,30,ICM-noSI,0.85,True,0.3826874922570619,0.0091319540006225,8.0,,
5431,5.0,30,ICM-noSI,0.9,True,0.333956100926701,0.00873808799951803,8.0,0.0,-0.39971108068840777
5431,5.0,30,ICM-noSI,0.95,True,0.28522470371300956,0.00860285999988264,8.0,,
5431,5.0,30,ICM-noSI,1.0,True,0.23649331159027165,0.008640009000373539,8.0,,
5431,5.0,30,ICM,0.7,True,0.5497767590266043,0.008259530000941595,8.0,,
5431,5.0,30,ICM,0.75,True,0.49942005295054026,0.008413061999817728,8.0,,
5431,5.0,30,ICM,0.8,True,0.44906334689225474,0.008675801998833776,8.0,,
5431,5.0,30,ICM,0.85,True,0.39870664058653926,0.00843600799998967,8.0,,
5431,5.0,30,ICM,0.9,True,0.3483499330839059,0.008456427000055555,8.0,0.0,-0.4058140707389948
5431,5.0,30,ICM,0.95,True,0.29799322903727604,0.008547073000954697,8.0,,
5431,5.0,30,ICM,1.0,True,0.24763652247054097,0.008299350000015693,8.0,,
5448,5.0,30,DCM,0.7,True,0.572740085974325,0.008464350999929593,8.0,,
5448,5.0,30,DCM,0.75,True,0.5250285146445116,0.008661017000122229,8.0,,
5448,5.0,30,DCM,0.8,True,0.4773169370664453,0.008341144000951317,8.0,,
5448,5.0,30,DCM,0.85,True,0.4296053793508062,0.009246641000572708,8.0,,
5448,5.0,30,DCM,0.9,True,0.3818938088764255,0.009849320000284933,8.0,0.0,-0.41852638014157917
5448,5.0,30,DCM,0.95,True,0.3341822371015421,0.009355653999591595,8.0,,
5448,5.0,30,DCM,1.0,True,0.28647066712725977,0.009267753999665729,8.0,,
5448,5.0,30,ICM-noSI,0.7,True,0.5501942283653507,0.008751284000027226,8.0,,
5448,5.0,30,ICM-noSI,0.75,True,0.5023377806787094,0.008541385999706108,8.0,,
5448,5.0,30,ICM-noSI,0.8,True,0.4544813333006707,0.00833418399997754,8.0,,
5448,5.0,30,ICM-noSI,0.85,True,0.40662488509865796,0.008403912999710883,8.0,,
5448,5.0,30,ICM-noSI,0.9,True,0.35876843653706086,0.00867376700080058,8.0,0.0,-0.39918001923019075
5448,5.0,30,ICM-noSI,0.95,True,0.31091198647450197,0.008449192000625771,8.0,,
5448,5.0,30,ICM-noSI,1.0,True,0.2630555394990598,0.008705842001290875,8.0,,
5448,5.0,30,ICM,0.7,True,0.5470377835851127,0.008362055999896256,8.0,,
5448,5.0,30,ICM,0.75,True,0.496393826185945,0.008266546999948332,8.0,,
5448,5.0,30,ICM,0.8,True,0.4457498530633099,0.008550578999347636,8.0,,
5448,5.0,30,ICM,0.85,True,0.39510587978670014,0.00837857599981362,8.0,,
5448,5.0,30,ICM,0.9,True,0.3444619064012204,0.008212657001422485,8.0,0.0,-0.3847632307405391
5448,5.0,30,ICM,0.95,True,0.2938179265050552,0.008463486999971792,8.0,,
5448,5.0,30,ICM,1.0,True,0.2431739650676142,0.008634008998342324,8.0,,
5465,5.0,30,DCM,0.7,True,0.5564707042851007,0.008244356999057345,8.0,,
5465,5.0,30,DCM,0.75,True,0.5073675059646859,0.0087259650008491,8.0,,
5465,5.0,30,DCM,0.8,True,0.4582643073458911,0.009618399999453686,8.0,,
5465,5.0,30,DCM,0.85,True,0.40916110859896826,0.009922811999786063,8.0,,
5465,5.0,30,DCM,0.9,True,0.3600579095270587,0.009741743000631686,8.0,0.0,-0.3669528568184971
5465,5.0,30,DCM,0.95,True,0.31095471051813256,0.009227365999322501,8.0,,
5465,5.0,30,DCM,1.0,True,0.2618515129693146,0.008715333000509418,8.0,,
5465,5.0,30,ICM-noSI,0.7,True,0.5769347473238166,0.008290601999760838,8.0,,
5465,5.0,30,ICM-noSI,0.75,True,0.5270898550665268,0.008671102999869618,8.0,,
5465,5.0,30,ICM-noSI,0.8,True,0.4772449626578518,0.008531606999895303,8.0,,
5465,5.0,30,ICM-noSI,0.85,True,0.4274000700918606,0.008892264000678551,8.0,,
5465,5.0,30,ICM-noSI,0.9,True,0.3775551775382357,0.008466653000141378,8.0,0.0,-0.38199825876805216
5465,5.0,30,ICM-noSI,0.95,True,0.32771028376314654,0.008593343000029563,8.0,,
5465,5.0,30,ICM-noSI,1.0,True,0.2778653934258318,0.008373960001335945,8.0,,
5465,5.0,30,ICM,0.7,True,0.5446844476396132,0.008457735000774846,8.0,,
5465,5.0,30,ICM,0.75,True,0.49527461301350156,0.00831353399917134,8.0,,
5465,5.0,30,ICM,0.8,True,0.4458647777432316,0.008577186999900732,8.0,,
5465,5.0,30,ICM,0.85,True,0.3964549423253826,0.008125808000841062,8.0,,
5465,5.0,30,ICM,0.9,True,0.3470451031068574,0.008640664000267861,8.0,0.0,-0.35388870367648784
5465,5.0,30,ICM,0.95,True,0.2976352643177169,0.008731161000469001,8.0,,
5465,5.0,30,ICM,1.0,True,0.24822543833321564,0.00865054499990947,8.0,,
5482,5.0,30,DCM,0.7,True,0.5158310237511727,0.008383795000554528,8.0,,
5482,5.0,30,DCM,0.75,True,0.4652233312637275,0.008277446000647615,8.0,,
5482,5.0,30,DCM,0.8,True,0.4146156371277939,0.00848016599957191,8.0,,
5482,5.0,30,DCM,0.85,True,0.36400795767174254,0.009134403000643943,8.0,,
5482,5.0,30,DCM,0.9,True,0.31340026672633897,0.008993704001113656,8.0,0.0,-0.2712289990481507
5482,5.0,30,DCM,0.95,True,0.2627925751476678,0.00838979299987841,8.0,,
5482,5.0,30,DCM,1.0,True,0.21245256987315703,0.008868292999977712,8.0,,
5482,5.0,30,ICM-noSI,0.7,True,0.5179890090348649,0.008583455999541911,8.0,,
5482,5.0,30,ICM-noSI,0.75,True,0.4673931084503814,0.008665363000545767,8.0,,
5482,5.0,30,ICM-noSI,0.8,True,0.416797206311853,0.008165023000401561,8.0,,
5482,5.0,30,ICM-noSI,0.85,True,0.3662013184274932,0.008201593000194407,8.0,,
5482,5.0,30,ICM-noSI,0.9,True,0.3156054195735786,0.009018804999868735,8.0,0.0,-0.2737010747832129
5482,5.0,30,ICM-noSI,0.95,True,0.2650095203741139,0.008734126000490505,8.0,,
5482,5.0,30,ICM-noSI,1.0,True,0.21466834526452278,0.009037756999532576,8.0,,
5482,5.0,30,ICM,0.7,True,0.527447112162403,0.00916932800100767,8.0,,
5482,5.0,30,ICM,0.75,True,0.4768489997687663,0.008662322999953176,8.0,,
5482,5.0,30,ICM,0.8,True,0.42625089150583734,0.008873922000930179,8.0,,
5482,5.0,30,ICM,0.85,True,0.37565277618611603,0.008612472000095295,8.0,,
5482,5.0,30,ICM,0.9,True,0.3250546611262412,0.00882148100026825,8.0,0.0,-0.2776547954206934
5482,5.0,30,ICM,0.95,True,0.2744565418003895,0.008445768999081338,8.0,,
5482,5.0,30,ICM,1.0,True,0.2238929442941846,0.008495690000927425,8.0,,
5499,5.0,30,DCM,0.7,True,0.533712874502735,0.008563224000681657,8.0,,
5499,5.0,30,DCM,0.75,True,0.48565983108974614,0.008502750999468844,8.0,,
5499,5.0,30,DCM,0.8,True,0.4376067877759882,0.008278834000520874,8.0,,
5499,5.0,30,DCM,0.85,True,0.38955374432158074,0.008070032999967225,8.0,,
5499,5.0,30,DCM,0.9,True,0.34150069970015634,0.008557725999708055,8.0,0.0,-0.46750901711946047
5499,5.0,30,DCM,0.95,True,0.2934476472470071,0.008074692999798572,8.0,,
5499,5.0,30,DCM,1.0,True,0.24539461423067058,0.00844603299992741,8.0,,
5499,5.0,30,ICM-noSI,0.7,True,0.5337128744430373,0.008331094000823214,8.0,,
5499,5.0,30,ICM-noSI,0.75,True,0.48565983098583226,0.008588320999479038,8.0,,
5499,5.0,30,ICM-noSI,0.8,True,0.4376067876261794,0.008115001000987832,8.0,,
5499,5.0,30,ICM-noSI,0.85,True,0.38955374412308563,0.008472878000247874,8.0,,
5499,5.0,30,ICM-noSI,0.9,True,0.34150069945676975,0.008377513000596082,8.0,0.0,-0.46763105140972694
5499,5.0,30,ICM-noSI,0.95,True,0.2934476471059444,0.008779735999269178,8.0,,
5499,5.0,30,ICM-noSI,1.0,True,0.24539461392757375,0.008921697000914719,8.0,,
5499,5.0,30,ICM,0.7,True,0.5591409776563371,0.008276515998659306,8.0,,
5499,5.0,30,ICM,0.75,True,0.5095533060622789,0.008134374000292155,8.0,,
5499,5.0,30,ICM,0.8,True,0.4599656341213583,0.008431893000306445,8.0,,
5499,5.0,30,ICM,0.85,True,0.4103779612329196,0.008209989999159006,8.0,,
5499,5.0,30,ICM,0.9,True,0.3607902877790198,0.008254267000666005,8.0,0.0,-0.4798532499564554
5499,5.0,30,ICM,0.95,True,0.31120261416236394,0.010099742001330014,8.0,,
5499,5.0,30,ICM,1.0,True,0.26161494504943666,0.010164917001020513,8.0,,
5516,5.0,30,DCM,0.7,True,0.4844598247712428,0.009048416000950965,8.0,,
5516,5.0,30,DCM,0.75,True,0.4362018440381666,0.009090919000300346,8.0,,
5516,5.0,30,DCM,0.8,True,0.3879438632898502,0.008617231000243919,8.0,,
5516,5.0,30,DCM,0.85,True,0.33968588236825625,0.008559997999327607,8.0,,
5516,5.0,30,DCM,0.9,True,0.29142790063112367,0.008477396999296616,8.0,0.0,-0.26141914619120965
5516,5.0,30,DCM,0.95,True,0.24316991712983727,0.008465877999697113,8.0,,
5516,5.0,30,DCM,1.0,True,0.1949119347938912,0.008505206998961512,8.0,,
5516,5.0,30,ICM-noSI,0.7,True,0.49100227787239853,0.008742060999793466,8.0,,
5516,5.0,30,ICM-noSI,0.75,True,0.4435095742220983,0.008329889000378898,8.0,,
5516,5.0,30,ICM-noSI,0.8,True,0.39601687057259316,0.008121893999486929,8.0,,
5516,5.0,30,ICM-noSI,0.85,True,0.3485241667755404,0.008553146999474848,8.0,,
5516,5.0,30,ICM-noSI,0.9,True,0.3010314615877893,0.008676692999870284,8.0,0.0,-0.2712006780732107
5516,5.0,30,ICM-noSI,0.95,True,0.253538753607673,0.008558519999496639,8.0,,
5516,5.0,30,ICM-noSI,1.0,True,0.20604604609559657,0.00820097399991937,8.0,,
5516,5.0,30,ICM,0.7,True,0.5292550209624343,0.008457862000796013,8.0,,
5516,5.0,30,ICM,0.75,True,0.4792799718181366,0.00806873299916333,8.0,,
5516,5.0,30,ICM,0.8,True,0.4293049222112661,0.008251351999206236,8.0,,
5516,5.0,30,ICM,0.85,True,0.3793298716993212,0.008103992000542348,8.0,,
5516,5.0,30,ICM,0.9,True,0.3293548203736252,0.00808390999918629,8.0,0.0,-0.29215402203717455
5516,5.0,30,ICM,0.95,True,0.2793797740836255,0.00884090500039747,8.0,,
5516,5.0,30,ICM,1.0,True,0.22940472410216836,0.008723750999706681,8.0,,
5533,5.0,30,DCM,0.7,True,0.5283320501348036,0.00818017599885934,8.0,,
5533,5.0,30,DCM,0.75,True,0.47850749665830666,0.008308740998472786,8.0,,
5533,5.0,30,DCM,0.8,True,0.42868294982501065,0.008122499999444699,8.0,,
5533,5.0,30,DCM,0.85,True,0.37885839545005723,0.008133022998663364,8.0,,
5533,5.0,30,DCM,0.9,True,0.3290338409789211,0.00816469300116296,8.0,0.0,-0.3445229287407514
5533,5.0,30,DCM,0.95,True,0.2792092784701564,0.00824050000119314,8.0,,
5533,5.0,30,DCM,1.0,True,0.2295143780604305,0.00821619399903284,8.0,,
5533,5.0,30,ICM-noSI,0.7,True,0.5283609028331302,0.00840410700038774,8.0,,
5533,5.0,30,ICM-noSI,0.75,True,0.47853501717409874,0.008681475001139916,8.0,,
5533,5.0,30,ICM-noSI,0.8,True,0.42870912516972415,0.008615439001005143,8.0,,
5533,5.0,30,ICM-noSI,0.85,True,0.3788832507554758,0.008491210999636678,8.0,,
5533,5.0,30,ICM-noSI,0.9,True,0.3290573638983264,0.008711458000107086,8.0,0.0,-0.34725809376169414
5533,5.0,30,ICM-noSI,0.95,True,0.2792314696638344,0.009662272999776178,8.0,,
5533,5.0,30,ICM-noSI,1.0,True,0.22951437078644157,0.010184923999986495,8.0,,
5533,5.0,30,ICM,0.7,True,0.5299434635702539,0.010760282999399351,8.0,,
5533,5.0,30,ICM,0.75,True,0.479796877996632,0.010742013000708539,8.0,,
5533,5.0,30,ICM,0.8,True,0.42965029444625014,0.009583717999703367,8.0,,
5533,5.0,30,ICM,0.85,True,0.3795037183269538,0.009339050000562565,8.0,,
5533,5.0,30,ICM,0.9,True,0.32935712738285233,0.009293991000959068,8.0,0.0,-0.26444786718046587
5533,5.0,30,ICM,0.95,True,0.27927831122018004,0.008694031999766594,8.0,,
5533,5.0,30,ICM,1.0,True,0.22930382953182632,0.008992986999146524,8.0,,
