seed,alpha,N,method,id_feasible,sX,id_time,n_var,coverage_train,coverage_x1,encl_x1,coverage_x2,encl_x2,coverage_x3,encl_x3,src_state,src_input,src_additive,repr_gap,center_err,lambda_min,gamma
1070,1.0,10,DCM,True,0.00953722342376325,0.021765259999483533,55,1.0,0.0,0.01152573899500015,0.0,0.01152573899500015,0.0,0.01152573899500015,0.0,0.0,0.01152573899500015,14.936484978536143,0.020938772853187848,0.01171875,1.0
1070,1.0,10,ICM-noSI,True,0.0023160045809120272,0.031838027000048896,253,1.0,0.025,0.01529633022996298,0.0,0.02438471259546472,0.0,0.03347309496096647,0.009088382365501742,0.00020794786452063246,0.005999999999940605,18.498538251880756,0.021450978795832742,0.0078125,1.0
1070,1.0,10,ICM,True,0.0023160044421888923,0.10588781800015568,433,1.0,0.025,0.018369213501585265,0.075,0.029984991434198353,0.075,0.04160076936681144,0.011615777932613088,0.0007534355702150322,0.005999999998757144,11.653570998708084,0.012598189955684028,0.01171875,1.0
1087,1.0,10,DCM,True,0.013147818679558852,0.0297108679997109,55,1.0,0.025,0.013967491693644463,0.025,0.013967491693644463,0.0,0.013967491693644463,0.0,0.0,0.013967491693644463,7.632595052210987,0.022140955181873794,0.0078125,1.0
1087,1.0,10,ICM-noSI,True,0.006161956775522752,0.033897719000378856,253,1.0,0.05,0.016153639751231123,0.05,0.023129485647011568,0.05,0.03010533154279201,0.006975845895780442,0.003177793855532363,0.005999999999918322,10.855379091356689,0.01187767819834884,0.01953125,1.0
1087,1.0,10,ICM,True,0.005053425100645455,0.1646047419999377,433,1.0,0.275,0.022706815204610285,0.375,0.03641321727539048,0.325,0.050119619346170666,0.013706402070780194,0.003000413134048986,0.005999999999781106,5.702026414278045,0.010661441231321622,0.0234375,1.0
1104,1.0,10,DCM,True,0.020720022513095522,0.0312909389995184,55,1.0,0.025,0.015062629851389269,0.0,0.015062629851389269,0.0,0.015062629851389269,0.0,0.0,0.015062629851389269,11.611410897258692,0.025374919460950815,0.02734375,1.0
1104,1.0,10,ICM-noSI,True,0.003018868275027549,0.045425074999911885,253,1.0,0.025,0.017897657756197533,0.075,0.024072903013115144,0.025,0.030248148270032756,0.006175245256917608,0.005722412499553661,0.005999999999726266,9.473823487582877,0.013195374691914424,0.0234375,1.0
1104,1.0,10,ICM,True,0.003018868250982621,0.053792669999893405,433,1.0,0.125,0.02180614680630418,0.1,0.028987179935199246,0.1,0.03616821306409432,0.007181033128895065,0.008625113677604527,0.005999999999804592,8.32220504038017,0.011732863384999015,0.03125,1.0
1121,1.0,10,DCM,True,0.013471819033727746,0.02952023400030157,55,1.0,0.0,0.011745200088347191,0.0,0.011745200088347191,0.0,0.011745200088347191,0.0,0.0,0.011745200088347191,9.26546815228746,0.014175734465064843,0.01171875,1.0
1121,1.0,10,ICM-noSI,True,0.0025866890336331706,0.05948634000014863,253,1.0,0.0,0.013934273961823646,0.025,0.021868547848163233,0.05,0.029802821734502816,0.007934273886339587,7.554068687772552e-11,0.005999999999943373,13.629229566069403,0.014105710408372038,0.01171875,1.0
1121,1.0,10,ICM,True,0.0034292318512453746,0.051310305000697554,433,1.0,0.075,0.017505512093820515,0.125,0.025818465842131856,0.125,0.03413141959044319,0.008312953748311338,0.0031925583465391358,0.005999999998970041,8.853674817441647,0.017072062765536078,0.01953125,1.0
1138,1.0,10,DCM,True,0.014284471298960743,0.02901887000007264,55,1.0,0.0,0.012014204402772602,0.025,0.012014204402772602,0.0,0.012014204402772602,0.0,0.0,0.012014204402772602,8.916318595481258,0.018640073752993702,0.015625,1.0
1138,1.0,10,ICM-noSI,True,0.0028714288319457767,0.04950999900029274,253,1.0,0.05,0.014271755441414541,0.0,0.022543510868451726,0.0,0.03081526629548892,0.008271755427037187,1.4413403769237485e-11,0.005999999999963951,8.80811629097468,0.008552912542154636,0.015625,1.0
1138,1.0,10,ICM,True,0.002906770344972814,0.05006334799963952,433,1.0,0.1,0.01706672328002601,0.125,0.028133446150325064,0.225,0.03920016902062411,0.011066722870299051,4.099145246945452e-10,0.005999999999812436,4.711380953721286,0.007203621737166821,0.015625,1.0
1155,1.0,10,DCM,True,0.007985232054559987,0.02011570800004847,55,1.0,0.025,0.013911768509276662,0.025,0.013911768509276662,0.0,0.013911768509276662,0.0,0.0,0.013911768509276662,14.874251427379962,0.048765171542659615,0.0078125,1.0
1155,1.0,10,ICM-noSI,True,0.006664915803596748,0.06713069499983249,253,1.0,0.025,0.01881982964230134,0.05,0.031639658104280224,0.05,0.044459486566259115,0.012819828461978886,1.1783834361187048e-09,0.006000000001939018,29.6381704689226,0.048238537900055056,0.01953125,1.0
1155,1.0,10,ICM,True,0.006835241130957262,0.08263177299977542,433,1.0,0.075,0.026736027547527595,0.1,0.046161186393884966,0.1,0.06558634524024232,0.01942515884635736,0.0013108687010468377,0.0060000000001234,17.868935818807678,0.0320132299459962,0.02734375,1.0
1172,1.0,10,DCM,True,0.021935978290842175,0.02281104800022149,55,1.0,0.0,0.007571676818830737,0.0,0.007571676818830737,0.0,0.007571676818830737,0.0,0.0,0.007571676818830737,20.38688310988702,0.01771482657817733,0.015625,1.0
1172,1.0,10,ICM-noSI,True,0.011915521404763804,0.06679113799964398,253,1.0,0.0,0.008293254629557923,0.025,0.009033634388985258,0.0,0.009774014148412594,0.0007403797594273357,0.001552874870223069,0.0059999999999075185,15.01821424212054,0.01894520518110355,0.01953125,1.0
1172,1.0,10,ICM,True,0.006767357950699777,0.09633595499963121,433,1.0,0.2,0.02435584289740285,0.2,0.042170286699283466,0.25,0.05998473050116408,0.01781444380188062,0.00054139909656435,0.0059999999989578815,7.362736669961987,0.011218245690709838,0.0234375,1.0
1189,1.0,10,DCM,True,0.019084129964997906,0.021525635999751103,55,1.0,0.0,0.012688969727715401,0.0,0.012688969727715401,0.0,0.012688969727715401,0.0,0.0,0.012688969727715401,50.09974199071418,0.04965105223294072,0.03125,1.0
1189,1.0,10,ICM-noSI,True,0.0028307371574491373,0.053328319999309315,253,1.0,0.0,0.014688422591566294,0.0,0.015389787058087695,0.0,0.016091151524609094,0.0007013644665213991,0.007987058125109598,0.005999999999935298,33.42108605077227,0.027002440229798613,0.02734375,1.0
1189,1.0,10,ICM,True,0.002830737181771486,0.08433180900010484,433,1.0,0.1,0.025727835732694444,0.1,0.04149437384109635,0.15,0.05726091194949827,0.015766538108401916,0.003961297624631153,0.005999999999661373,7.649917199633933,0.00792729115526769,0.0234375,1.0
1206,1.0,10,DCM,True,0.01086387991630689,0.04439958500006469,55,1.0,0.0,0.01579876171387186,0.0,0.01579876171387186,0.0,0.01579876171387186,0.0,0.0,0.01579876171387186,9.340640365829186,0.024459068904852374,0.015625,1.0
1206,1.0,10,ICM-noSI,True,0.006881618774263263,0.06059645000004821,253,1.0,0.025,0.02218748856411846,0.0,0.03601652881610639,0.0,0.04984556906809432,0.013829040251987935,0.002358448311804362,0.006000000000326159,18.156607896730208,0.01569110682613753,0.03125,1.0
1206,1.0,10,ICM,True,0.010099391670849427,0.1040260899999339,433,1.0,0.05,0.029093349802048935,0.0,0.052005902632582715,0.025,0.07491845546311651,0.022912552830533776,0.00018079697123345048,0.006000000000281707,16.681782641728166,0.02701616528910844,0.0390625,1.0
1223,1.0,10,DCM,True,0.016591299589655592,0.043695964999642456,55,1.0,0.0,0.00609343199399888,0.0,0.00609343199399888,0.0,0.00609343199399888,0.0,0.0,0.00609343199399888,35.25632008436695,0.02433218310327978,0.01171875,1.0
1223,1.0,10,ICM-noSI,True,0.003333333318543544,0.08546612100053608,253,1.0,0.0,0.009668790326377746,0.0,0.011618345935789432,0.0,0.013567901545201119,0.0019495556094116864,0.001719234717072439,0.005999999999893622,34.156036201344854,0.02331330223777406,0.015625,1.0
1223,1.0,10,ICM,True,0.012808165348042815,0.11537369300003775,433,1.0,0.0,0.021759131158317402,0.025,0.030611654690192436,0.0,0.03946417822206747,0.008852523531875036,0.0069066076264597265,0.0059999999999826355,25.71686326145538,0.027983720603226736,0.046875,1.0
1240,1.0,10,DCM,True,0.017346621233725868,0.04163994300051854,55,1.0,0.0,0.011910774608512711,0.0,0.011910774608512711,0.0,0.011910774608512711,0.0,0.0,0.011910774608512711,11.856878208126094,0.037962944212580736,0.015625,1.0
1240,1.0,10,ICM-noSI,True,0.0074502325774342985,0.060591948999899614,253,1.0,0.05,0.011858059889194476,0.0,0.011858070353326814,0.0,0.011858080817459154,1.0464132340079757e-08,0.005858049426273097,0.0059999999987890365,14.192382643085546,0.02174448997968084,0.0234375,1.0
1240,1.0,10,ICM,True,0.0034378102981179,0.11548896699969191,433,1.0,0.075,0.020490527329916894,0.05,0.027869006783184345,0.025,0.0352474862364518,0.00737847945326745,0.007112047876668598,0.005999999999980849,11.533983630461808,0.022253119754136907,0.03125,1.0
1257,1.0,10,DCM,True,0.011872168723299433,0.027486058000249614,55,1.0,0.0,0.008768018206001916,0.0,0.008768018206001916,0.0,0.008768018206001916,0.0,0.0,0.008768018206001916,15.529048164166095,0.0211109550376747,0.01171875,1.0
1257,1.0,10,ICM-noSI,True,0.004475355381155942,0.0606211220001569,253,1.0,0.05,0.01055793659979858,0.0,0.011760936843111535,0.0,0.012963937086424493,0.0012030002433129582,0.0033549363572221826,0.0059999999992634365,8.72869117884168,0.012941516249246731,0.01171875,1.0
1257,1.0,10,ICM,True,0.003217776288084713,0.054303031000017654,433,1.0,0.15,0.017626146578401242,0.15,0.02580233459640204,0.15,0.03397852261440284,0.008176188018000801,0.0034499585605068882,0.0059999999998935506,7.6072317981550555,0.012983143684332843,0.015625,1.0
1274,1.0,10,DCM,True,0.01807077648268882,0.030129566000141494,55,1.0,0.025,0.008719068222804612,0.0,0.008719068222804612,0.0,0.008719068222804612,0.0,0.0,0.008719068222804612,15.2870458532393,0.013821149699896923,0.015625,1.0
1274,1.0,10,ICM-noSI,True,0.003333333159790978,0.0573549170003389,253,1.0,0.0,0.011813866780468316,0.025,0.017627733189560617,0.025,0.023441599598652923,0.0058138664090923034,3.7205980415927065e-10,0.0059999999993162086,14.310259072678837,0.012949459935856167,0.01171875,1.0
1274,1.0,10,ICM,True,0.0035569625690095473,0.05201354600012564,433,1.0,0.025,0.018189243309233466,0.05,0.03037848587626448,0.125,0.0425677284432955,0.012189242567031017,7.430382798263585e-10,0.005999999999164171,7.267257021229251,0.014276936788474692,0.015625,1.0
1291,1.0,10,DCM,True,0.01185143712754747,0.030252635000579176,55,1.0,0.0,0.010116638628683979,0.0,0.010116638628683979,0.0,0.010116638628683979,0.0,0.0,0.010116638628683979,8.115808255124577,0.01553994878753917,0.015625,1.0
1291,1.0,10,ICM-noSI,True,0.0026168087196939624,0.032504367000001366,253,1.0,0.0,0.01200254957360212,0.0,0.01408440316982435,0.0,0.016166256766046577,0.0020818535962222285,0.003920695977120284,0.006000000000259607,8.940337208104202,0.00909682817590677,0.0234375,1.0
1291,1.0,10,ICM,True,0.0026168092157082194,0.04661609499999031,433,1.0,0.075,0.015555287546210366,0.125,0.02101289903471295,0.1,0.026470510523215536,0.005457611488502582,0.0040976760577752834,0.005999999999932499,5.508489953722108,0.008237312660356308,0.0234375,1.0
1308,1.0,10,DCM,True,0.007019198319635966,0.019229352999900584,55,1.0,0.0,0.00928951011769002,0.025,0.00928951011769002,0.0,0.00928951011769002,0.0,0.0,0.00928951011769002,7.143308916069068,0.014924962011079346,0.01171875,1.0
1308,1.0,10,ICM-noSI,True,0.0020175200541144587,0.03172277500016207,253,1.0,0.0,0.0108121347843598,0.025,0.01562426953333137,0.0,0.02043640428230294,0.00481213474897157,3.5414377640776105e-11,0.005999999999973853,7.120247985886663,0.006741766914057257,0.0078125,1.0
1308,1.0,10,ICM,True,0.002707132749240961,0.05067003400017711,433,1.0,0.075,0.016759352313446458,0.1,0.02695167465764848,0.025,0.0371439970018505,0.010192322344202021,0.0005670299705825319,0.005999999998661904,9.190439782813927,0.007569555483616347,0.015625,1.0
1325,1.0,10,DCM,True,0.02026895310490073,0.017918400999406003,55,1.0,0.0,0.011326190180982179,0.0,0.011326190180982179,0.0,0.011326190180982179,0.0,0.0,0.011326190180982179,9.481322874072486,0.03521899203937506,0.015625,1.0
1325,1.0,10,ICM-noSI,True,0.005121741062648933,0.03192685399972106,253,1.0,0.0,0.012673981322539574,0.025,0.012673981359778624,0.0,0.012673981397017673,3.7239050560185606e-11,0.00667398128521135,0.006000000000089172,11.90491548066099,0.025332039185670285,0.0234375,1.0
1325,1.0,10,ICM,True,0.004762568477409108,0.047054801999365736,433,1.0,0.15,0.020609135328618876,0.125,0.0265523407614891,0.05,0.032495546194359334,0.005943205432870227,0.00866592989583007,0.005999999999918583,14.056712358464505,0.02312704697812007,0.02734375,1.0
1342,1.0,10,DCM,True,0.009898848508328685,0.01789843100050348,55,1.0,0.025,0.012897648689047626,0.0,0.012897648689047626,0.0,0.012897648689047626,0.0,0.0,0.012897648689047626,8.505334113458915,0.01661520873123998,0.0078125,1.0
1342,1.0,10,ICM-noSI,True,0.0023070926069089356,0.033244634999391565,253,1.0,0.05,0.019594418413813097,0.1,0.03279004500080883,0.1,0.045985671587804554,0.013195626586995727,0.0003987918266367475,0.006000000000180627,12.962433738798874,0.016904273538933492,0.01171875,1.0
1342,1.0,10,ICM,True,0.00403693121269221,0.04480496800078981,433,1.0,0.2,0.02517402586159534,0.2,0.04286340842992004,0.15,0.060552790998244746,0.017689382568324696,0.0014846432962784353,0.0059999999969922065,7.746129498378878,0.009369828514649514,0.0234375,1.0
1359,1.0,10,DCM,True,0.022469007318271055,0.017656547000115097,55,1.0,0.0,0.013744324542733393,0.0,0.013744324542733393,0.0,0.013744324542733393,0.0,0.0,0.013744324542733393,13.73719140830576,0.028814748034054233,0.015625,1.0
1359,1.0,10,ICM-noSI,True,0.0033333329793572017,0.04019004599922482,253,1.0,0.05,0.015201934691609648,0.05,0.01748917754193847,0.0,0.019776420392267294,0.0022872428503288235,0.006914691843097962,0.005999999998182863,13.54649772551716,0.01781833871412382,0.03125,1.0
1359,1.0,10,ICM,True,0.0035652432340589064,0.045290043000022706,433,1.0,0.1,0.018862071520027193,0.125,0.0188620730743565,0.025,0.018862074628685808,1.5543293075113357e-09,0.012862069966292139,0.005999999999405745,8.682987228242895,0.020822682793450398,0.03515625,1.0
1376,1.0,10,DCM,True,0.006767315369071426,0.018514750000576896,55,1.0,0.025,0.007932266804080348,0.0,0.007932266804080348,0.0,0.007932266804080348,0.0,0.0,0.007932266804080348,24.87974478127715,0.016017680350695618,0.01171875,1.0
1376,1.0,10,ICM-noSI,True,0.0024675024627745096,0.0334979849994852,253,1.0,0.0,0.010232732402445785,0.025,0.01368478703070499,0.0,0.017136841658964196,0.0034520546282592046,0.0007806777751848467,0.0059999999990017336,20.345631012201817,0.014675328942832466,0.01171875,1.0
1376,1.0,10,ICM,True,0.0024675025594830128,0.11201947199970164,433,1.0,0.1,0.016312835747224808,0.1,0.02427788490790226,0.05,0.03224293406857972,0.007965049160677458,0.0023477865866115013,0.005999999999935848,12.077713863539492,0.010116230105476465,0.01953125,1.0
1393,1.0,10,DCM,True,0.017745969331089993,0.018399136999505572,55,1.0,0.025,0.012147583476838615,0.0,0.012147583476838615,0.0,0.012147583476838615,0.0,0.0,0.012147583476838615,13.359477660127174,0.036548077916991495,0.015625,1.0
1393,1.0,10,ICM-noSI,True,0.01251898877772652,0.06613436299994646,253,1.0,0.025,0.015661023001753642,0.0,0.023139502928159784,0.025,0.030617982854565923,0.00747847992640614,0.0021825430753679978,0.005999999999979506,16.28841300501031,0.036140459915571105,0.02734375,1.0
1393,1.0,10,ICM,True,0.009540610445348433,0.10842056700039393,433,1.0,0.125,0.02505084045968812,0.05,0.03600410109993218,0.05,0.04695736174017624,0.010953260640244067,0.00809757982009215,0.005999999999351897,10.596792733374599,0.020765385096691902,0.04296875,1.0
2070,2.0,10,DCM,False,,0.06416296499992313,55,,,,,,,,,,,,,,1.0
2070,2.0,10,ICM-noSI,True,0.0033333330874084324,0.05639489799978037,253,1.0,0.0,0.02609200471740395,0.0,0.035295843219645254,0.0,0.044499681721886564,0.009203838502241306,0.010888166211218344,0.006000000003944296,32.14911802650588,0.041562606869854135,0.05078125,1.0
2070,2.0,10,ICM,True,0.008997438593437329,0.05699016499966092,433,1.0,0.125,0.048341560404375504,0.075,0.08201502286696431,0.025,0.11568848532955314,0.03367346246258881,0.008668097941837956,0.005999999999948748,22.51036309203473,0.0473431895061287,0.05078125,1.0
2087,2.0,10,DCM,True,0.01629113391961511,0.03260989400041581,55,1.0,0.025,0.02482040193757199,0.0,0.02482040193757199,0.0,0.02482040193757199,0.0,0.0,0.02482040193757199,7.228853334479965,0.018770641076227654,0.015625,1.0
2087,2.0,10,ICM-noSI,True,0.002832528311966203,0.03617672600012156,253,1.0,0.025,0.026051972508453303,0.025,0.035531702318089296,0.0,0.04501143212772531,0.009479729809636,0.01057224269770667,0.006000000001110631,26.200268310325477,0.028740574758315346,0.03515625,1.0
2087,2.0,10,ICM,True,0.011073259982295226,0.08855710599982558,433,1.0,0.05,0.03139726545712046,0.0,0.04361518455537763,0.025,0.05583310365363481,0.012217919098257169,0.013179346360426438,0.005999999998436856,12.15390616836319,0.02205326047097045,0.046875,1.0
2104,2.0,10,DCM,True,0.04358306315610018,0.03235346700057562,55,1.0,0.0,0.027868626762544712,0.025,0.027868626762544712,0.0,0.027868626762544712,0.0,0.0,0.027868626762544712,10.31230673454573,0.03380957685684205,0.04296875,1.0
2104,2.0,10,ICM-noSI,True,0.0030454187657559108,0.03998491399943305,253,1.0,0.05,0.036925843430548284,0.05,0.06785168667502336,0.05,0.09877752991949847,0.03092584324447508,1.8571868783508885e-10,0.006000000000354511,21.59994437690948,0.03376946177920159,0.04296875,1.0
2104,2.0,10,ICM,True,0.0030454187864252403,0.15442952900048112,433,1.0,0.15,0.03987374167187746,0.175,0.07170053693982373,0.2,0.10352733220777,0.03182679526794626,0.002046946404009216,0.005999999999921986,10.690540778365879,0.02525414977472029,0.04296875,1.0
2121,2.0,10,DCM,False,,0.05712411999957112,55,,,,,,,,,,,,,,1.0
2121,2.0,10,ICM-noSI,True,0.0018175739321468387,0.05788104099974589,253,1.0,0.025,0.036997191506352535,0.075,0.06799438294212272,0.075,0.09899157437789288,0.030997191435770177,7.063452085285199e-11,0.005999999999947839,41.48061308702336,0.055874130912140954,0.02734375,1.0
2121,2.0,10,ICM,True,0.005643105913501735,0.05398651300038182,433,1.0,0.05,0.050069736909323405,0.025,0.09413946435361228,0.025,0.13820919179790117,0.04406972744428887,9.468132652000062e-09,0.005999999996901877,25.683941650122456,0.048396599805703544,0.03515625,1.0
2138,2.0,10,DCM,True,0.03246118149789676,0.020943941000041377,55,1.0,0.0,0.01949707758205704,0.0,0.01949707758205704,0.0,0.01949707758205704,0.0,0.0,0.01949707758205704,71.10647428626194,0.07216683272280267,0.03125,1.0
2138,2.0,10,ICM-noSI,True,0.0033333331996877225,0.0395965489997252,253,1.0,0.075,0.033518225043971464,0.05,0.041082009335740674,0.025,0.048645793627509905,0.007563784291769219,0.019954440751368235,0.006000000000834002,20.44699222907236,0.03626856675420506,0.06640625,1.0
2138,2.0,10,ICM,True,0.014920430352520669,0.06910329099991941,433,1.0,0.175,0.039957521308836584,0.075,0.04942677727194707,0.075,0.05889603323505753,0.009469255963110471,0.02448826534673214,0.005999999998993975,15.455861662862496,0.019851984695047453,0.078125,1.0
2155,2.0,10,DCM,True,0.01691180848367155,0.04043827700024849,55,1.0,0.0,0.023792081501399595,0.0,0.023792081501399595,0.0,0.023792081501399595,0.0,0.0,0.023792081501399595,14.800488008987859,0.062459262104809676,0.01953125,1.0
2155,2.0,10,ICM-noSI,True,0.009385810087552411,0.0354976649996388,253,1.0,0.0,0.02537234246318888,0.0,0.03389407301197949,0.0,0.04241580356077011,0.008521730548790614,0.010850611914332961,0.006000000000065304,52.00293122727881,0.06305297397606432,0.0390625,1.0
2155,2.0,10,ICM,True,0.006016126889526728,0.06521673899987945,433,1.0,0.2,0.04096493929804425,0.175,0.04096493940741132,0.125,0.04096493951677839,1.0936707168139054e-10,0.03496493918865633,0.006000000000020843,11.624912744895786,0.021629257085091003,0.078125,1.0
2172,2.0,10,DCM,False,,0.10804847700001119,55,,,,,,,,,,,,,,1.0
2172,2.0,10,ICM-noSI,True,0.010778372462984255,0.04969554000035714,253,1.0,0.0,0.023032621646548807,0.025,0.04006524303452079,0.025,0.05709786442249278,0.017032621387971993,2.5885888205940174e-10,0.005999999999717932,30.479273277862724,0.054111059129226924,0.03515625,1.0
2172,2.0,10,ICM,True,0.015327250582729813,0.08985706899966317,433,1.0,0.05,0.03836981865550303,0.125,0.06182796103540653,0.125,0.08528610341531004,0.023458142379903506,0.00535721991587715,0.009554456359722364,9.79082799791568,0.018643622676071225,0.05078125,1.0
2189,2.0,10,DCM,False,,0.04658566699981748,55,,,,,,,,,,,,,,1.0
2189,2.0,10,ICM-noSI,True,0.007453757337563611,0.03509588899942173,253,1.0,0.0,0.01744955325261683,0.0,0.02320833209321583,0.0,0.028967110933814832,0.005758778840599,0.005690774412095404,0.005999999999922427,21.417414717342538,0.03132134533141471,0.04296875,1.0
2189,2.0,10,ICM,True,0.018402145793533078,0.05068679499981954,433,1.0,0.025,0.025329615910326658,0.0,0.03405869329397458,0.0,0.0427877706776225,0.008729077383647924,0.010600538528864077,0.0059999999978146545,16.711432669578056,0.024694474742689265,0.078125,1.0
2206,2.0,10,DCM,False,,0.06854643699989538,55,,,,,,,,,,,,,,1.0
2206,2.0,10,ICM-noSI,True,0.0025382732136228743,0.06494339700020646,253,1.0,0.05,0.03367583398205311,0.025,0.053542994564351166,0.0,0.07341015514664924,0.019867160582298066,0.007808673399763999,0.005999999999991037,32.276589240300616,0.04403276300263528,0.04296875,1.0
2206,2.0,10,ICM,True,0.005792939057790064,0.06270969300021534,433,1.0,0.1,0.038646812728623595,0.175,0.051777721862715634,0.15,0.06490863099680766,0.01313090913409203,0.019515903594809016,0.005999999999722543,7.076943197823196,0.01649998378476704,0.05859375,1.0
2223,2.0,10,DCM,False,,0.04663776999950642,55,,,,,,,,,,,,,,1.0
2223,2.0,10,ICM-noSI,True,0.014145332802520071,0.03969332599990594,253,1.0,0.05,0.025461732645741204,0.075,0.03672231728740995,0.0,0.04798290192907869,0.011260584641668741,0.008201148005267417,0.005999999998805045,23.746926658626556,0.02973416856936925,0.046875,1.0
2223,2.0,10,ICM,True,0.008955536128526303,0.07072263500049303,433,1.0,0.225,0.04107705533294489,0.225,0.0662487879371132,0.15,0.0914205205412815,0.0251717326041683,0.009905322728811066,0.005999999999965521,15.464197383168074,0.028883371703146032,0.046875,1.0
2240,2.0,10,DCM,True,0.012154504511750994,0.026703224999437225,55,1.0,0.0,0.024246027612517276,0.0,0.024246027612517276,0.0,0.024246027612517276,0.0,0.0,0.024246027612517276,6.445154207927376,0.020777665407893664,0.015625,1.0
2240,2.0,10,ICM-noSI,True,0.006652249275683493,0.06869888700020965,253,1.0,0.0,0.029294223989232752,0.05,0.04646947600953534,0.025,0.06364472802983792,0.01717525202030258,0.006118971968110331,0.006000000000819846,26.892096974782685,0.022107133326383685,0.04296875,1.0
2240,2.0,10,ICM,True,0.01152680675467242,0.055814458000895684,433,1.0,0.2,0.046645155885000476,0.225,0.07783074251994909,0.125,0.10901632915489771,0.031185586634948616,0.009459569250123838,0.005999999999928027,14.242595580641906,0.016499999897469156,0.07421875,1.0
2257,2.0,10,DCM,True,0.06369979054664802,0.02769101400008367,55,1.0,0.0,0.02061344767766929,0.0,0.02061344767766929,0.0,0.02061344767766929,0.0,0.0,0.02061344767766929,21.342121230639574,0.08056586473025427,0.05078125,1.0
2257,2.0,10,ICM-noSI,True,0.002649562779499689,0.06114389000049414,253,1.0,0.0,0.034554272393678656,0.0,0.05205162262789352,0.0,0.0695489728621084,0.017497350234214875,0.011056922159490704,0.00599999999997307,43.977789031657736,0.047675552561195045,0.05859375,1.0
2257,2.0,10,ICM,True,0.0033700624723886166,0.0763733690000663,433,1.0,0.05,0.03788717447240482,0.1,0.06005787990686122,0.075,0.08222858534131763,0.0221707054344564,0.00971646903817176,0.005999999999776662,16.42827477482879,0.031499999684035634,0.06640625,1.0
2274,2.0,10,DCM,False,,0.05044611999983317,55,,,,,,,,,,,,,,1.0
2274,2.0,10,ICM-noSI,True,0.0017536284124942158,0.04844521100039856,253,1.0,0.125,0.05190825781014628,0.15,0.09694717785141396,0.15,0.14198609789268168,0.045038920041267694,0.0008693377687809412,0.006000000000097644,43.44074358858934,0.0446961745421568,0.02734375,1.0
2274,2.0,10,ICM,True,0.003186760317890163,0.07759675600027549,433,1.0,0.225,0.04698062260234969,0.25,0.07913643704208795,0.175,0.1112922514818262,0.03215581443973826,0.008824808162657672,0.0059999999999537585,25.936917564185045,0.024980439230923634,0.04296875,1.0
2291,2.0,10,DCM,False,,0.06911626399960369,55,,,,,,,,,,,,,,1.0
2291,2.0,10,ICM-noSI,True,0.006293930384307119,0.06954216399935831,253,1.0,0.0,0.027695733067010574,0.0,0.032338032704454615,0.025,0.03698033234189867,0.004642299637444043,0.017053433429365043,0.006000000000201493,29.616740189525828,0.04927623673343847,0.046875,1.0
2291,2.0,10,ICM,True,0.010579230985261959,0.08463673099959124,433,1.0,0.1,0.038193847294281005,0.1,0.051002312508108716,0.1,0.06381077772193644,0.012808465213827714,0.01938538208041076,0.0060000000000425295,9.576525580258709,0.03650244105338496,0.0625,1.0
2308,2.0,10,DCM,False,,0.05722451400015416,55,,,,,,,,,,,,,,1.0
2308,2.0,10,ICM-noSI,True,0.0033333333078460806,0.061065163999955985,253,1.0,0.05,0.03413669216675565,0.05,0.062273384283142594,0.075,0.09041007639952955,0.028136692116386957,5.025281707870078e-11,0.0060000000001158675,25.218778182732176,0.05072958996964849,0.03515625,1.0
2308,2.0,10,ICM,True,0.00333333327353453,0.09949182200034556,433,1.0,0.15,0.04468572079045785,0.2,0.08337144132372298,0.275,0.12205716185698812,0.03868572053326513,2.573961492405027e-10,0.005999999999796566,15.045662710430262,0.024014746361662898,0.03515625,1.0
2325,2.0,10,DCM,False,,0.12002285400012624,55,,,,,,,,,,,,,,1.0
2325,2.0,10,ICM-noSI,True,0.0033333331093727925,0.05237213399959728,253,1.0,0.025,0.031897418702137435,0.0,0.04864123941605218,0.0,0.06538506012996692,0.016743820713914746,0.009153597986532088,0.006000000001690599,77.93067903070643,0.0978323227150971,0.046875,1.0
2325,2.0,10,ICM,True,0.0033333332989871293,0.0797802920005779,433,1.0,0.25,0.07622459562486411,0.2,0.13188959285012655,0.175,0.18755459007538905,0.055664997225262455,0.01455959839970169,0.00599999999989995,16.773235032396336,0.02707062004148464,0.0703125,1.0
2342,2.0,10,DCM,True,0.03139254120594634,0.02107806599997275,55,1.0,0.0,0.021585621882527585,0.0,0.021585621882527585,0.0,0.021585621882527585,0.0,0.0,0.021585621882527585,20.64865307950849,0.059628004959054806,0.05078125,1.0
2342,2.0,10,ICM-noSI,True,0.0029885562569212827,0.033491297000182385,253,1.0,0.025,0.04574948234843719,0.025,0.08549896467121569,0.0,0.1252484469939942,0.039749482322778494,2.5692826066034074e-11,0.005999999999965868,25.58372488711582,0.04989861138703444,0.03515625,1.0
2342,2.0,10,ICM,True,0.014665055009428232,0.07523798200054443,433,1.0,0.05,0.05033071422401314,0.0,0.09262490895056999,0.0,0.1349191036771268,0.04229419472655684,0.0020365194974984718,0.005999999999957827,23.388173292288275,0.0600281252223962,0.046875,1.0
2359,2.0,10,DCM,False,,0.05731467799978418,55,,,,,,,,,,,,,,1.0
2359,2.0,10,ICM-noSI,True,0.023411964614527766,0.04213415399954101,253,1.0,0.0,0.024296571587584016,0.0,0.031915216316922825,0.0,0.03953386104626162,0.007618644729338801,0.010677926858238564,0.006000000000006652,70.72080347675491,0.16201092282133367,0.046875,1.0
2359,2.0,10,ICM,True,0.0033333332944227097,0.052123249000032956,433,1.0,0.15,0.04164501158944943,0.125,0.04882828331207173,0.125,0.05601155503469403,0.0071832717226223,0.02846173986688255,0.0059999999999445774,11.368751794427482,0.01729525438078261,0.08203125,1.0
2376,2.0,10,DCM,True,0.028596334349990656,0.027189544999600912,55,1.0,0.0,0.01622327263894512,0.0,0.01622327263894512,0.0,0.01622327263894512,0.0,0.0,0.01622327263894512,19.223332795601507,0.03892506075582025,0.01953125,1.0
2376,2.0,10,ICM-noSI,True,0.012949732770809847,0.048869289999856846,253,1.0,0.025,0.018236121680593364,0.0,0.025678037386421316,0.0,0.033119953092249264,0.007441915705827949,0.004794205975551438,0.00599999999921398,27.342768779672607,0.025864573185964357,0.03125,1.0
2376,2.0,10,ICM,True,0.0042380884276293175,0.055646623999564326,433,1.0,0.05,0.02711081043803293,0.05,0.03932861928730389,0.05,0.05154642813657484,0.012217808849270952,0.0088930015898071,0.005999999998954875,13.892687857615904,0.023091984299892676,0.04296875,1.0
2393,2.0,10,DCM,False,,0.04965719200026797,55,,,,,,,,,,,,,,1.0
2393,2.0,10,ICM-noSI,True,0.0044600371403578495,0.03570453100019222,253,1.0,0.0,0.0266578555850571,0.0,0.04504074373064706,0.0,0.06342363187623704,0.018382888145589957,0.0022749674394924686,0.005999999999974671,31.872395332199858,0.045381633462140206,0.03125,1.0
2393,2.0,10,ICM,True,0.006693812763966492,0.07313261099989177,433,1.0,0.125,0.05417417747556073,0.075,0.09170682868576288,0.125,0.12923947989596507,0.03753265121020216,0.010641526265236833,0.006000000000121726,22.106530489176848,0.024600537775153974,0.1015625,1.0
3070,3.0,10,DCM,False,,0.0652785110005425,55,,,,,,,,,,,,,,1.0
3070,3.0,10,ICM-noSI,True,0.01996912983850095,0.040138913999726356,253,1.0,0.0,0.03768314941694525,0.025,0.05808409801079053,0.0,0.07848504660463582,0.020400948593845277,0.011282200823417625,0.005999999999682353,101.19146116488217,0.11482023941554231,0.06640625,1.0
3070,3.0,10,ICM,True,0.015824725352936574,0.0494812010001624,433,1.0,0.2,0.07149518874864454,0.15,0.09390406944529013,0.175,0.11631295014193573,0.0224088806966456,0.035086308052423645,0.013999999999575291,18.536188909628027,0.031499999684273555,0.1171875,1.0
3087,3.0,10,DCM,False,,0.07255069300026662,55,,,,,,,,,,,,,,1.0
3087,3.0,10,ICM-noSI,True,0.0024391964131271053,0.062413734999609005,253,1.0,0.0,0.06614328072022245,0.0,0.12190088815110064,0.0,0.17765849558197888,0.05575760743087819,0.004385673288339801,0.006000000001004455,156.93977606305413,0.231225464092487,0.05859375,1.0
3087,3.0,10,ICM,True,0.016393017950095432,0.06873132500004431,433,1.0,0.2,0.08143514676841715,0.225,0.13432753680959184,0.25,0.18721992685076652,0.052892390041174686,0.022542756727245233,0.00599999999999723,20.57243961360781,0.031499999782492516,0.0625,1.0
3104,3.0,10,DCM,True,0.02862417897538393,0.02314197800023976,55,1.0,0.0,0.02680096918746011,0.0,0.02680096918746011,0.0,0.02680096918746011,0.0,0.0,0.02680096918746011,13.70711388233088,0.11193743546187584,0.03515625,1.0
3104,3.0,10,ICM-noSI,True,0.011428321158189874,0.05083337500036578,253,1.0,0.0,0.029450169917456893,0.0,0.04252207460075057,0.0,0.05559397928404426,0.013071904683293684,0.010378265234249461,0.0059999999999137505,51.89820352940055,0.08875119591739655,0.0390625,1.0
3104,3.0,10,ICM,True,0.016172413801075425,0.07421053999951255,433,1.0,0.125,0.06394098767397906,0.125,0.08697034197226917,0.125,0.1099996962705593,0.02302935429829012,0.03491163337653884,0.005999999999150093,15.582269828764629,0.02432215004595517,0.1015625,1.0
3121,3.0,10,DCM,False,,0.037048260000119626,55,,,,,,,,,,,,,,1.0
3121,3.0,10,ICM-noSI,True,0.003333333032744059,0.037342972999795165,253,1.0,0.0,0.06504512649713619,0.0,0.1082734146700631,0.0,0.15150170284299008,0.04322828817292694,0.015816838325784028,0.005999999998425206,121.61486881115651,0.06406189773845833,0.07421875,1.0
3121,3.0,10,ICM,True,0.007241051756608656,0.07189425899923663,433,1.0,0.025,0.07504886814915177,0.05,0.10708172567838443,0.05,0.13911458320761705,0.03203285752923264,0.03701601062404909,0.005999999995870042,28.727564582399786,0.029324622114490273,0.11328125,1.0
3138,3.0,10,DCM,False,,0.09715721799966559,55,,,,,,,,,,,,,,1.0
3138,3.0,10,ICM-noSI,True,0.01054185721239588,0.048797984999509936,253,1.0,0.0,0.04464029926435744,0.0,0.07155725473567963,0.0,0.09847421020700184,0.026916955471322196,0.011723343793086977,0.005999999999948269,29.489381070635677,0.03000487328493978,0.07421875,1.0
3138,3.0,10,ICM,True,0.0040946590530531535,0.05832540899973537,433,1.0,0.125,0.056446450131572214,0.2,0.08319911498109775,0.225,0.10995177983062332,0.026752664849525553,0.02369378528219483,0.005999999999851829,13.081068732682915,0.017045683601672468,0.10546875,1.0
3155,3.0,10,DCM,False,,0.03814869599955273,55,,,,,,,,,,,,,,1.0
3155,3.0,10,ICM-noSI,True,0.0035600424304888995,0.03511625800001639,253,1.0,0.05,0.05450104195869474,0.075,0.0906404783748214,0.075,0.12677991479094808,0.03613943641612667,0.01236160554293595,0.005999999999632117,81.34084150694098,0.10559267263939398,0.05859375,1.0
3155,3.0,10,ICM,True,0.008617261430319299,0.08259218500006682,433,1.0,0.1,0.06086677648198484,0.05,0.10010695916404697,0.025,0.13934714184610913,0.03924018268206213,0.015626593801519973,0.00599999999840274,15.9703660809309,0.020780791428750667,0.0703125,1.0
3172,3.0,10,DCM,False,,0.1422929310001564,55,,,,,,,,,,,,,,1.0
3172,3.0,10,ICM-noSI,True,0.0023055377411964964,0.060387518999959866,253,1.0,0.0,0.0706011758752825,0.0,0.13520234979963036,0.0,0.19980352372397825,0.06460117392434787,1.95365157698256e-09,0.005999999997283057,83.93903057331396,0.06252947337569251,0.04296875,1.0
3172,3.0,10,ICM,True,0.01054925496811158,0.04934724299982918,433,1.0,0.475,0.1503660515855606,0.625,0.2947321030741884,0.675,0.4390981545628163,0.14436605148862786,9.697313759385559e-11,0.005999999999959595,24.922784225789464,0.01834380591152407,0.078125,1.0
3189,3.0,10,DCM,False,,0.2025018579997777,55,,,,,,,,,,,,,,1.0
3189,3.0,10,ICM-noSI,True,0.01146643604365716,0.03495171499980643,253,1.0,0.025,0.05078883418008404,0.1,0.08994158294615562,0.075,0.1290943317122272,0.039152748766071575,0.00563608541378449,0.0060000000002279775,28.314384261931483,0.035047286796376725,0.06640625,1.0
3189,3.0,10,ICM,True,0.004097977666162034,0.04990580100002262,433,1.0,0.125,0.06593964189177497,0.225,0.11275683106110446,0.325,0.15957402023043393,0.04681718916932949,0.013122452722642597,0.005999999999802894,9.236365123502456,0.01113579576574418,0.07421875,1.0
3206,3.0,10,DCM,False,,0.04808999000033509,55,,,,,,,,,,,,,,1.0
3206,3.0,10,ICM-noSI,True,0.00333333331977539,0.1079416359998504,253,1.0,0.0,0.03852395314176681,0.025,0.06450553213554029,0.025,0.09048711112931376,0.02598157899377348,0.006542374147493141,0.006000000000500194,21.241019364770032,0.025489244480177198,0.04296875,1.0
3206,3.0,10,ICM,True,0.00812952997088254,0.07177880799918057,433,1.0,0.15,0.055492608268343444,0.225,0.08525189374778927,0.2,0.11501117922723507,0.029759285479445813,0.019733322789923496,0.005999999998974138,10.810802885260435,0.025204095896835782,0.10546875,1.0
3223,3.0,10,DCM,False,,0.04078724500050157,55,,,,,,,,,,,,,,1.0
3223,3.0,10,ICM-noSI,True,0.005358670347984743,0.034682931999668654,253,1.0,0.0,0.03728779107618922,0.0,0.06258443949530769,0.0,0.08788108791442614,0.025296648419118467,0.005991142657698723,0.00599999999937203,26.264081361922052,0.04648549767602406,0.03125,1.0
3223,3.0,10,ICM,True,0.007961900626935404,0.0701421889998528,433,1.0,0.1,0.062120586534281194,0.125,0.1039001709968177,0.1,0.1456797554593542,0.04177958446253649,0.014341002074058895,0.005999999997685803,18.0008274358511,0.029228426758514947,0.08203125,1.0
3240,3.0,10,DCM,False,,0.0792008270000224,55,,,,,,,,,,,,,,1.0
3240,3.0,10,ICM-noSI,True,0.003110150043631028,0.05792190299962385,253,1.0,0.0,0.038954432599318876,0.0,0.047506906565540186,0.0,0.056059380531761495,0.00855247396622131,0.02440195862093419,0.006000000012163375,56.389254127725984,0.04846953256450057,0.0703125,1.0
3240,3.0,10,ICM,True,0.013458762153042435,0.050639258999581216,433,1.0,0.05,0.04822267453095763,0.025,0.0652516690449083,0.0,0.08228066355885896,0.017028994513950672,0.025193680017102336,0.005999999999904625,41.47652980005379,0.031499999732994,0.08203125,1.0
3257,3.0,10,DCM,False,,0.06844667599943932,55,,,,,,,,,,,,,,1.0
3257,3.0,10,ICM-noSI,True,0.0033333332055272354,0.060508058000777964,253,1.0,0.05,0.04163743138552491,0.025,0.04720926786248253,0.025,0.052781104339440145,0.005571836476957612,0.030065594908246486,0.00600000000032082,60.218941964194805,0.06545187252217607,0.08984375,1.0
3257,3.0,10,ICM,True,0.0121642233451495,0.0802801729996645,433,1.0,0.175,0.06433638524124533,0.2,0.08097035087713225,0.25,0.09760431651301918,0.016633965635886924,0.04170241960409047,0.006000000001267935,13.191138611803447,0.03269695691415886,0.1328125,1.0
3274,3.0,10,DCM,True,0.024703985947271974,0.020819061000111105,55,1.0,0.0,0.019139068873939125,0.0,0.019139068873939125,0.0,0.019139068873939125,0.0,0.0,0.019139068873939125,15.386435674500177,0.055371961985407,0.02734375,1.0
3274,3.0,10,ICM-noSI,True,0.01905974635722975,0.037730346999524045,253,1.0,0.0,0.019328832780054876,0.0,0.028922690623728164,0.0,0.03851654846740145,0.009593857843673287,0.003734974936231128,0.006000000000150457,34.51772489541943,0.06093564064110968,0.04296875,1.0
3274,3.0,10,ICM,True,0.014345117251250754,0.07058357799996884,433,1.0,0.125,0.043996474135610635,0.025,0.0626626946998043,0.025,0.08132891526399796,0.018666220564193665,0.019330253571478734,0.005999999999938237,13.831812033322052,0.017593947717813863,0.078125,1.0
3291,3.0,10,DCM,False,,0.0733477789999597,55,,,,,,,,,,,,,,1.0
3291,3.0,10,ICM-noSI,True,0.014806202375322082,0.05296491099943523,253,1.0,0.075,0.046453219930755615,0.025,0.07844527407853363,0.025,0.11043732822631167,0.03199205414777802,0.008461165784611827,0.005999999998365773,54.30971124526314,0.053804621931296065,0.0546875,1.0
3291,3.0,10,ICM,True,0.005992853588992911,0.046938886000134517,433,1.0,0.25,0.1140353678317811,0.225,0.20336546573343678,0.175,0.2926955636350924,0.08933009790165569,0.018705269929615385,0.006000000000510035,17.888807557564228,0.06803956135563682,0.12890625,1.0
3308,3.0,10,DCM,False,,0.03566583500014531,55,,,,,,,,,,,,,,1.0
3308,3.0,10,ICM-noSI,True,0.012897940881107049,0.03492881300007866,253,1.0,0.0,0.04481919953248191,0.0,0.06780431389249124,0.0,0.09078942825250058,0.022985114360009336,0.015834085172504293,0.005999999999968281,37.789760022804835,0.11132584774552325,0.08203125,1.0
3308,3.0,10,ICM,True,0.012014063472294426,0.07029988700014655,433,1.0,0.15,0.07133981516636112,0.2,0.11953393046808487,0.15,0.16772804576980863,0.04819411530172375,0.017145699864524678,0.0060000000001126895,20.247995954299974,0.036885468245060116,0.09765625,1.0
3325,3.0,10,DCM,False,,0.051550670999858994,55,,,,,,,,,,,,,,1.0
3325,3.0,10,ICM-noSI,True,0.011325408318424495,0.05411659699984739,253,1.0,0.0,0.03910962561824457,0.0,0.070817131662908,0.025,0.10252463770757143,0.031707506044663436,0.0014021195736490188,0.00599999999993211,34.03846116902865,0.05470473410753962,0.04296875,1.0
3325,3.0,10,ICM,True,0.03379820376414427,0.047467690000303264,433,1.0,0.15,0.06575716402257584,0.3,0.11980909513012945,0.35,0.1738610262376831,0.05405193110755361,0.005705232915684508,0.0059999999993377165,22.358599160259246,0.02301872554355411,0.078125,1.0
3342,3.0,10,DCM,False,,0.05797061999965081,55,,,,,,,,,,,,,,1.0
3342,3.0,10,ICM-noSI,True,0.003333332852989595,0.049084883000432455,253,1.0,0.075,0.07156223646586175,0.1,0.12841988787158148,0.175,0.18527753927730123,0.056857651405719745,0.008704585041968327,0.0060000000181736814,38.54885868889964,0.056840329186770955,0.0703125,1.0
3342,3.0,10,ICM,True,0.009086209581722128,0.07014558199989551,433,1.0,0.275,0.08225561207793822,0.425,0.13486816493192624,0.45,0.1874807177859142,0.052612552853988005,0.023643059224217916,0.005999999999732304,18.848023712553065,0.018353955026288338,0.10546875,1.0
3359,3.0,10,DCM,False,,0.03485141199962527,55,,,,,,,,,,,,,,1.0
3359,3.0,10,ICM-noSI,True,0.0033333332805006366,0.036624606999794196,253,1.0,0.05,0.07321264138156677,0.025,0.13526484785073287,0.025,0.197317054319899,0.06205220646916611,0.005160434912554088,0.0059999999998465985,27.1661247618019,0.08887332981947138,0.1171875,1.0
3359,3.0,10,ICM,True,0.003333332753626554,0.04868050500044774,433,1.0,0.325,0.09460603918299527,0.4,0.1661144109485128,0.375,0.2376227827140303,0.07150837176551753,0.017097667414978302,0.006000000002499462,12.010904140560145,0.021258689157704097,0.1640625,1.0
3376,3.0,10,DCM,False,,0.05077025100035826,55,,,,,,,,,,,,,,1.0
3376,3.0,10,ICM-noSI,True,0.003333333204488631,0.12204436999945756,253,1.0,0.075,0.057406812257992025,0.05,0.09124474765037634,0.05,0.12508268304276066,0.033837935392384326,0.01756887686548432,0.006000000000123368,44.10489025848416,0.03998835139594514,0.07421875,1.0
3376,3.0,10,ICM,True,0.015023607440869067,0.05237732000023243,433,1.0,0.375,0.09464834125114988,0.3,0.15902418558672254,0.275,0.22340002992229513,0.06437584433557264,0.024272496915276314,0.006000000000300919,17.39408152401872,0.06359662057786775,0.1328125,1.0
3393,3.0,10,DCM,False,,0.03907968299972708,55,,,,,,,,,,,,,,1.0
3393,3.0,10,ICM-noSI,True,0.03281301537502795,0.03356557199913368,253,1.0,0.0,0.05270518125230468,0.0,0.052705181403231605,0.0,0.05270518155415853,1.509269210712813e-10,0.04670518110079598,0.006000000000581783,261.7136338091386,0.44293710181467044,0.1015625,1.0
3393,3.0,10,ICM,True,0.010906970334462933,0.108818765000251,433,1.0,0.25,0.1490514523517933,0.125,0.2194778658808024,0.075,0.28990427940981156,0.07042641352900915,0.060808804965866894,0.017816233856917243,15.121802621396963,0.07035253869892666,0.21484375,1.0
4070,4.0,10,DCM,False,,0.042942693999975745,55,,,,,,,,,,,,,,1.0
4070,4.0,10,ICM-noSI,True,0.0033333332912485153,0.03828470899952663,253,1.0,0.05,0.0968957494397223,0.0,0.16876977691228431,0.0,0.2406438043848463,0.07187402747256202,0.019021721967098677,0.00600000000006161,49.48710931640067,0.06678233546272164,0.08984375,1.0
4070,4.0,10,ICM,True,0.014697908988825231,0.08095441200021014,433,1.0,0.125,0.12239794545732238,0.3,0.20965992228706282,0.275,0.2969218991168033,0.08726197682974045,0.029135968628488895,0.0059999999990930355,16.63593833568985,0.016499999530122197,0.14453125,1.0
4087,4.0,10,DCM,False,,0.04345647399986774,55,,,,,,,,,,,,,,1.0
4087,4.0,10,ICM-noSI,True,0.011663233620219402,0.03598497699931613,253,1.0,0.0,0.05844606344753488,0.05,0.11055893961199399,0.075,0.16267181577645312,0.05211287616445912,0.0003331872826493721,0.006000000000426392,31.419010823150106,0.02813396878966945,0.0859375,1.0
4087,4.0,10,ICM,False,,0.09143002099972364,433,,,,,,,,,,,,,,1.0
4104,4.0,10,DCM,False,,0.11427375000039319,55,,,,,,,,,,,,,,1.0
4104,4.0,10,ICM-noSI,True,0.01588090746792319,0.055062553000425396,253,1.0,0.0,0.03366694967572706,0.025,0.042710816106718584,0.0,0.051754682537710116,0.009043866430991528,0.018623083243616525,0.006000000001119008,43.67127955526395,0.03642627595626721,0.078125,1.0
4104,4.0,10,ICM,True,0.03765609649161954,0.06565514900012204,433,1.0,0.025,0.05150375947293144,0.025,0.0672062522815575,0.0,0.08290874509018353,0.01570249280862604,0.029801266665269298,0.0059999999990361114,36.36596237131531,0.0544743284644581,0.11328125,1.0
4121,4.0,10,DCM,False,,0.05028601699996216,55,,,,,,,,,,,,,,1.0
4121,4.0,10,ICM-noSI,True,0.011030689809819532,0.045652339000298525,253,1.0,0.025,0.05634492099657603,0.05,0.0725292832055789,0.0,0.08871364541458175,0.01618436220900286,0.03416055878758991,0.005999999999983261,66.50246322753763,0.11397765222927328,0.1328125,1.0
4121,4.0,10,ICM,True,0.016403423878602563,0.04741422099959891,433,1.0,0.2,0.09861849545618603,0.175,0.12596899280149604,0.15,0.15331949014680607,0.027350497345310004,0.06526799811268598,0.005999999998190066,30.69481139380483,0.04927962420568821,0.18359375,1.0
4138,4.0,10,DCM,False,,0.05327884100006486,55,,,,,,,,,,,,,,1.0
4138,4.0,10,ICM-noSI,True,0.003267652459435707,0.04892473699965194,253,1.0,0.0,0.050944130420030674,0.0,0.08171798602007618,0.0,0.11249184162012169,0.03077385560004551,0.014170274821177239,0.005999999998807919,44.980409196760455,0.041198834120627,0.07421875,1.0
4138,4.0,10,ICM,True,0.00811512992371244,0.054886367000108294,433,1.0,0.05,0.0839193301809266,0.075,0.11989327867341712,0.0,0.15586722716590765,0.035973948492490526,0.03748731792859675,0.010458063759839308,13.615631409035773,0.07723780269962488,0.109375,1.0
4155,4.0,10,DCM,False,,0.044057261000489234,55,,,,,,,,,,,,,,1.0
4155,4.0,10,ICM-noSI,True,0.024629394960247977,0.04630356899997423,253,1.0,0.1,0.07519696634235773,0.3,0.1406874427052535,0.275,0.20617791906814925,0.06549047636289576,0.003706489978470252,0.006000000000991709,25.549782897545775,0.03846214954641891,0.08203125,1.0
4155,4.0,10,ICM,True,0.03645144572714998,0.0986726049995923,433,1.0,0.275,0.11462112099435573,0.325,0.170462388215242,0.35,0.22630365543612832,0.055841267220886295,0.0447798537909123,0.013999999982557137,11.477903009367605,0.026509361849077262,0.17578125,1.0
4172,4.0,10,DCM,False,,0.03559618799954478,55,,,,,,,,,,,,,,1.0
4172,4.0,10,ICM-noSI,True,0.00204446863050656,0.0375307319991407,253,1.0,0.0,0.06831905327986879,0.0,0.13063810636461698,0.0,0.19295715944936515,0.06231905308474819,1.9516292772651857e-10,0.005999999999957672,122.15435615243518,0.07658989173295286,0.04296875,1.0
4172,4.0,10,ICM,True,0.025821860001072866,0.07583892899856437,433,1.0,0.025,0.10406410638902948,0.05,0.1952271359136717,0.05,0.2863901654383139,0.09116302952464223,0.006901076864693758,0.005999999999693494,35.79228357884052,0.04843073496337891,0.125,1.0
4189,4.0,10,DCM,False,,0.05683550899993861,55,,,,,,,,,,,,,,1.0
4189,4.0,10,ICM-noSI,True,0.0023085245232390963,0.0647901570009708,253,1.0,0.025,0.05570030261731925,0.05,0.08458713714667532,0.05,0.11347397167603139,0.028886834529356066,0.02081346808569859,0.006000000002264598,58.34637953347914,0.06649178356443311,0.08984375,1.0
4189,4.0,10,ICM,True,0.02019032357970459,0.09485307599970838,433,1.0,0.1,0.08430397863621134,0.175,0.16260795719144056,0.225,0.24091193574666975,0.07830397855522922,8.109563821599977e-11,0.005999999999886479,25.368802631404424,0.06320487542982445,0.09765625,1.0
4206,4.0,10,DCM,False,,0.05229312099982053,55,,,,,,,,,,,,,,1.0
4206,4.0,10,ICM-noSI,True,0.0016597888842383754,0.04953664899949217,253,1.0,0.0,0.04737256075995217,0.0,0.08874512144841529,0.0,0.1301176821368784,0.04137256068846312,7.134892294992706e-11,0.006000000000140121,66.85637341926802,0.057613798186324464,0.0390625,1.0
4206,4.0,10,ICM,True,0.0016597886403065408,0.05959354100014025,433,1.0,0.1,0.07970150441731036,0.25,0.15340300713732086,0.35,0.22710450985733135,0.0737015027200105,1.70090102033647e-09,0.005999999996398847,18.709402320630605,0.044401115089771626,0.046875,1.0
4223,4.0,10,DCM,False,,0.03557679100049427,55,,,,,,,,,,,,,,1.0
4223,4.0,10,ICM-noSI,True,0.013697381678333872,0.035993643999972846,253,1.0,0.025,0.06930588594957503,0.0,0.12811449307172323,0.0,0.18692310019387143,0.058808607122148214,0.004497278827497802,0.0059999999999290074,134.65367243801663,0.16527924237625446,0.08984375,1.0
4223,4.0,10,ICM,True,0.009457506545135866,0.07699055199918803,433,1.0,0.35,0.10964896688573804,0.525,0.20511986135546412,0.6,0.30059075582519024,0.09547089446972609,0.008178072416104295,0.005999999999907647,15.85931798004723,0.026661031258562007,0.10546875,1.0
4240,4.0,10,DCM,False,,0.05111105800096993,55,,,,,,,,,,,,,,1.0
4240,4.0,10,ICM-noSI,True,0.012602590249171321,0.04994985099983751,253,1.0,0.0,0.04884534040141762,0.0,0.07256137731380344,0.0,0.09627741422618923,0.023716036912385795,0.01912930348897613,0.006000000000055696,53.17898559774618,0.07356936647627321,0.12109375,1.0
4240,4.0,10,ICM,True,0.014847202648325073,0.05428064099942276,433,1.0,0.025,0.06555564253217991,0.1,0.10107433824506185,0.075,0.13659303395794378,0.03551869571288194,0.020896673145686766,0.009140273673611197,41.983420600332984,0.03126268175357627,0.1328125,1.0
4257,4.0,10,DCM,False,,0.04631368999980623,55,,,,,,,,,,,,,,1.0
4257,4.0,10,ICM-noSI,True,0.011023405381564131,0.053876144000241766,253,1.0,0.0,0.04082788498849245,0.0,0.04529489468359564,0.0,0.04976190437869884,0.0044670096951031964,0.030360875291684297,0.0060000000017049505,29.045537581517404,0.03680104030995292,0.09765625,1.0
4257,4.0,10,ICM,True,0.02005577348101631,0.10622219699871494,433,1.0,0.075,0.07615215863898366,0.15,0.12340223520410812,0.15,0.17065231176923254,0.04725007656512444,0.022902082073977325,0.005999999999881895,19.501757512304778,0.07235478527469974,0.13671875,1.0
4274,4.0,10,DCM,False,,0.03783692899924063,55,,,,,,,,,,,,,,1.0
4274,4.0,10,ICM-noSI,True,0.010636097340173107,0.03409934499904921,253,1.0,0.0,0.05034230937066243,0.0,0.08635314808101682,0.0,0.12236398679137121,0.03601083871035439,0.008331470660114717,0.006000000000193322,143.31895023683344,0.21033394991561008,0.05078125,1.0
4274,4.0,10,ICM,True,0.027604255079525568,0.049576084998989245,433,1.0,0.1,0.06779536286398259,0.125,0.11431088486840131,0.2,0.16082640687282002,0.046515522004418705,0.015279840860330263,0.005999999999233628,22.05507409328883,0.03149999384355742,0.08984375,1.0
4291,4.0,10,DCM,False,,0.04717415599952801,55,,,,,,,,,,,,,,1.0
4291,4.0,10,ICM-noSI,True,0.006349361494401114,0.049348522999935085,253,1.0,0.0,0.04530823569619421,0.05,0.07703963466237465,0.05,0.10877103362855511,0.03173139896618045,0.00757683673036035,0.005999999999653416,55.09629226284823,0.06963940602698665,0.04296875,1.0
4291,4.0,10,ICM,True,0.02056642854421351,0.07232812599977478,433,1.0,0.15,0.08826025569979774,0.15,0.11106745883723879,0.1,0.13387466197467984,0.02280720313744105,0.05945305256306219,0.005999999999294497,23.06487300933244,0.041938038721698656,0.16796875,1.0
4308,4.0,10,DCM,False,,0.03784306600027776,55,,,,,,,,,,,,,,1.0
4308,4.0,10,ICM-noSI,True,0.0033333333198689334,0.03348932300104934,253,1.0,0.025,0.062451960069812615,0.1,0.11890392007974875,0.1,0.1753558800896849,0.05645196000993613,5.99375901650876e-11,0.005999999999938906,58.68211897562852,0.05916235863395183,0.06640625,1.0
4308,4.0,10,ICM,True,0.01784178586242852,0.08490998600063904,433,1.0,0.275,0.0903861378328346,0.425,0.17271256086295064,0.425,0.25503898389306673,0.08232642303011603,0.0020597148027766366,0.005999999999941927,26.850833549737214,0.04896487923617787,0.109375,1.0
4325,4.0,10,DCM,False,,0.061324398000579095,55,,,,,,,,,,,,,,1.0
4325,4.0,10,ICM-noSI,True,0.003333333320810745,0.042630396001186455,253,1.0,0.0,0.0683915939809325,0.0,0.13078318775747994,0.0,0.19317478153402734,0.06239159377654742,2.0441827585643732e-10,0.005999999999966794,149.17784494414047,0.1966384700084267,0.05078125,1.0
4325,4.0,10,ICM,True,0.0033333333211839834,0.07532517000072403,433,1.0,0.175,0.1020461567637371,0.15,0.18199909055806557,0.25,0.26195202435239406,0.07995293379432848,0.01609322296942759,0.005999999999981002,30.207843546874116,0.05508882699072515,0.1015625,1.0
4342,4.0,10,DCM,False,,0.13067987499925948,55,,,,,,,,,,,,,,1.0
4342,4.0,10,ICM-noSI,True,0.010730360374519313,0.047956930999134784,253,1.0,0.0,0.0402217427066587,0.0,0.049730207425176434,0.0,0.05923867214369416,0.009508464718517731,0.02471327798829635,0.005999999999844619,38.10655789805937,0.05325529964379373,0.0703125,1.0
4342,4.0,10,ICM,True,0.004611454576504078,0.048043844999483554,433,1.0,0.125,0.09158839320086112,0.125,0.12766538942686487,0.025,0.1637423856528686,0.03607699622600374,0.04951139697460987,0.0060000000002475165,15.677270108476936,0.0543308130342941,0.1328125,1.0
4359,4.0,10,DCM,False,,0.04009657200003858,55,,,,,,,,,,,,,,1.0
4359,4.0,10,ICM-noSI,True,0.002367608200224188,0.05944420999912836,253,1.0,0.0,0.03401893633215878,0.0,0.051776679370549875,0.025,0.06953442240894098,0.017757743038391095,0.01026119329401273,0.005999999999754948,52.925735150542536,0.07125033716394634,0.0546875,1.0
4359,4.0,10,ICM,True,0.025984585179159636,0.09014825300073426,433,1.0,0.075,0.05717636005532767,0.025,0.061577088686930105,0.025,0.06597781731853256,0.004400728631602441,0.04677563142378756,0.00599999999993768,35.34414630568433,0.04698556019893807,0.10546875,1.0
4376,4.0,10,DCM,False,,0.03898450499946193,55,,,,,,,,,,,,,,1.0
4376,4.0,10,ICM-noSI,True,0.0033146706320957772,0.03576496300047438,253,1.0,0.025,0.06718976765615443,0.025,0.0922030553113646,0.0,0.11721634296657477,0.025013287655210166,0.036176480001010446,0.005999999999933829,138.10139908520733,0.20576314536912274,0.109375,1.0
4376,4.0,10,ICM,True,0.015614866723952929,0.053818039001271245,433,1.0,0.125,0.09146751552610896,0.075,0.12224070925298285,0.075,0.15301390297985673,0.03077319372687388,0.0546943217997445,0.005999999999490595,34.79095149898649,0.07284890885600437,0.13671875,1.0
4393,4.0,10,DCM,True,0.07324744283812111,0.03119675300149538,55,1.0,0.0,0.022157593289459668,0.0,0.022157593289459668,0.0,0.022157593289459668,0.0,0.0,0.022157593289459668,36.19156017952219,0.15197233271507238,0.08203125,1.0
4393,4.0,10,ICM-noSI,True,0.03536360995921865,0.07437750000099186,253,1.0,0.0,0.03752366995018933,0.0,0.06904733754040523,0.0,0.10057100513062116,0.031523667590215916,2.3497517593356413e-09,0.006000000010221658,128.47509057584938,0.11561460357183273,0.0703125,1.0
4393,4.0,10,ICM,True,0.02389796665929586,0.049326092999763205,433,1.0,0.025,0.0638180940721628,0.05,0.1077903309700605,0.075,0.15176256786795822,0.04397223689789769,0.013845857174325668,0.005999999999939449,21.54665262172128,0.03971636379200838,0.11328125,1.0
5070,5.0,10,DCM,False,,0.06037986000046658,55,,,,,,,,,,,,,,1.0
5070,5.0,10,ICM-noSI,True,0.021959141054924126,0.06673600700014504,253,1.0,0.025,0.05580589218630405,0.0,0.09486801672191374,0.025,0.13393014125752342,0.039062124535609685,0.010743767649830708,0.006000000000863654,81.09595025492376,0.12649325457229182,0.09765625,1.0
5070,5.0,10,ICM,True,0.01241609887940588,0.16020365499934996,433,1.0,0.225,0.08717018601407037,0.25,0.13155791704086583,0.275,0.17594564806766133,0.04438773102679548,0.03678245498732739,0.005999999999947473,7.227423689046358,0.058791789074998824,0.15625,1.0
5087,5.0,10,DCM,False,,0.035140207000949886,55,,,,,,,,,,,,,,1.0
5087,5.0,10,ICM-noSI,True,0.003333332635035445,0.036755246999746305,253,1.0,0.025,0.07574200639088417,0.0,0.07634311564060384,0.0,0.07694422489032353,0.0006011092497196771,0.06914089714086791,0.006000000000296584,163.00354701878146,0.19861915906935196,0.16015625,1.0
5087,5.0,10,ICM,True,0.0276544642512504,0.06056952799917781,433,1.0,0.25,0.13690605749299728,0.2,0.1861701380769874,0.175,0.23543421866097752,0.04926408058399012,0.07012770242192301,0.01751427448708415,15.632747285768009,0.08967382565720017,0.23828125,1.0
5104,5.0,10,DCM,False,,0.057909096000003046,55,,,,,,,,,,,,,,1.0
5104,5.0,10,ICM-noSI,True,0.012592477854209532,0.05133777300034126,253,1.0,0.075,0.0741355090432673,0.05,0.13028643492091704,0.025,0.18643736079856682,0.05615092587764977,0.01198458316572161,0.005999999999895916,47.58928982187871,0.03235743828191716,0.078125,1.0
5104,5.0,10,ICM,True,0.015513316229854598,0.06919059700157959,433,1.0,0.25,0.11485493954749901,0.375,0.1929662661805307,0.5,0.2710775928135624,0.0781113266330317,0.03074361291157739,0.0060000000028899185,25.310763647796975,0.03460167185924046,0.140625,1.0
5121,5.0,10,DCM,False,,0.037968643999192864,55,,,,,,,,,,,,,,1.0
5121,5.0,10,ICM-noSI,True,0.002958781351507893,0.03313496299961116,253,1.0,0.0,0.09855052963268673,0.05,0.16684412619718852,0.0,0.2351377227616903,0.06829359656450178,0.024256933067713028,0.006000000000471939,171.5446023644644,0.13493519624474673,0.09375,1.0
5121,5.0,10,ICM,True,0.01685865366884095,0.08509537300051306,433,1.0,0.225,0.12714166235972119,0.225,0.21044659652360703,0.25,0.29375153068749293,0.08330493416388587,0.0378367281960935,0.00599999999974181,36.8633146928073,0.031499999721129046,0.171875,1.0
5138,5.0,10,DCM,False,,0.062371354000788415,55,,,,,,,,,,,,,,1.0
5138,5.0,10,ICM-noSI,True,0.026629080422306477,0.05526777100021718,253,1.0,0.0,0.041961069904340495,0.0,0.07792213941034368,0.025,0.11388320891634689,0.035961069506003196,3.974283716727426e-10,0.006000000000908919,83.95409916159856,0.17164939950889374,0.0390625,1.0
5138,5.0,10,ICM,True,0.022417450048309043,0.07223132899889606,433,1.0,0.075,0.09775754322864401,0.425,0.1654891176405468,0.55,0.23322069205244964,0.06773157441190283,0.024025968816448855,0.0060000000002923305,25.475229424457993,0.034221280521883224,0.15234375,1.0
5155,5.0,10,DCM,False,,0.052971539000282064,55,,,,,,,,,,,,,,1.0
5155,5.0,10,ICM-noSI,True,0.034214506380191856,0.055194587001096806,253,1.0,0.0,0.10073507985908345,0.05,0.1674031596453846,0.025,0.2340712394316858,0.06666807978630117,0.028067000070532467,0.006000000002249817,214.8656250563289,0.23857865413434787,0.17578125,1.0
5155,5.0,10,ICM,True,0.02135230726290812,0.05067265900106577,433,1.0,0.7,0.1898926840193572,0.8,0.3227985897947576,0.75,0.45570449557015813,0.13290590577540043,0.05098677821605376,0.006000000027903011,12.990019901569442,0.03149999805312467,0.2421875,1.0
5172,5.0,10,DCM,False,,0.4569972469998902,55,,,,,,,,,,,,,,1.0
5172,5.0,10,ICM-noSI,True,0.003333332850789879,0.04886380600146367,253,1.0,0.0,0.061937426054518394,0.0,0.10020653405876798,0.0,0.13847564206301755,0.038269108004249576,0.017668318038994917,0.006000000011273909,62.302877332340216,0.08711027495646467,0.09375,1.0
5172,5.0,10,ICM,True,0.05285718860231255,0.06634174200007692,433,1.0,0.075,0.140600463994714,0.025,0.22265979079658865,0.025,0.3047191175984633,0.08205932680187467,0.04454113719329118,0.013999999999548148,101.13422453490405,0.08579492263259492,0.25,1.0
5189,5.0,10,DCM,False,,0.03612340600011521,55,,,,,,,,,,,,,,1.0
5189,5.0,10,ICM-noSI,True,0.03215633438242809,0.034373922000668244,253,1.0,0.0,0.04163945646459206,0.0,0.06467824083023668,0.0,0.0877170251958813,0.023038784365644622,0.012600672099152627,0.00599999999979481,65.72105316241381,0.07966591839745896,0.09765625,1.0
5189,5.0,10,ICM,True,0.02953269591165937,0.0723073650005972,433,1.0,0.2,0.1147587848637636,0.275,0.20174849344791584,0.275,0.28873820203206807,0.08698970858415225,0.021769076278997223,0.006000000000614141,28.697872594288985,0.05691390996670587,0.2109375,1.0
5206,5.0,10,DCM,False,,0.05093299999862211,55,,,,,,,,,,,,,,1.0
5206,5.0,10,ICM-noSI,True,0.0019226156808910373,0.05108198800007813,253,1.0,0.0,0.11462979289786049,0.075,0.21221765919765928,0.075,0.309805525497458,0.09758786629979875,0.01104192660592942,0.005999999992132297,79.13420216298489,0.06675944825582647,0.12890625,1.0
5206,5.0,10,ICM,True,0.001922616302049531,0.04833006000080786,433,1.0,0.35,0.1600149402048367,0.525,0.2881776829767828,0.6,0.4163404257487288,0.12816274277194611,0.02585219743293844,0.0059999999999522,25.222275805444507,0.02689196960055351,0.1953125,1.0
5223,5.0,10,DCM,False,,0.038149386000441154,55,,,,,,,,,,,,,,1.0
5223,5.0,10,ICM-noSI,True,0.0016705431056307399,0.03572643399820663,253,1.0,0.025,0.05144989665098769,0.075,0.06958494523059294,0.025,0.08771999381019818,0.018135048579605247,0.027314848071212306,0.006000000000170147,57.69777618240669,0.04938524456129123,0.08203125,1.0
5223,5.0,10,ICM,True,0.025530600691993876,0.08263247499962745,433,1.0,0.1,0.1367941427393431,0.1,0.2295490510633403,0.075,0.32230395938733764,0.09275490832399728,0.030039234416630707,0.013999999998715085,38.12834784425581,0.04723496678111172,0.2265625,1.0
5240,5.0,10,DCM,False,,0.03862724799910211,55,,,,,,,,,,,,,,1.0
5240,5.0,10,ICM-noSI,True,0.022019681216835525,0.037995574000888155,253,1.0,0.075,0.10655493286880424,0.1,0.18968987969545925,0.075,0.27282482652211426,0.08313494682665501,0.01741998604197026,0.006000000000178973,50.284328726107006,0.05894763967687392,0.1640625,1.0
5240,5.0,10,ICM,False,,0.09015508999982558,433,,,,,,,,,,,,,,1.0
5257,5.0,10,DCM,False,,0.03448934799962444,55,,,,,,,,,,,,,,1.0
5257,5.0,10,ICM-noSI,True,0.0027442671084660563,0.043294813000102295,253,1.0,0.075,0.12447749178565296,0.125,0.24152117089459155,0.1,0.3585648500035301,0.11704367910893858,0.0014338126765157957,0.0060000000001985705,50.38136265614201,0.07101370958965658,0.09765625,1.0
5257,5.0,10,ICM,True,0.022299732424760462,0.07855114499943738,433,1.0,0.0,0.11476953147570337,0.05,0.16834058132183857,0.0,0.22191163116797372,0.053571049846135185,0.05519848163022221,0.005999999999345982,43.612735447336775,0.05785272075698389,0.16796875,1.0
5274,5.0,10,DCM,False,,0.0485329709990765,55,,,,,,,,,,,,,,1.0
5274,5.0,10,ICM-noSI,True,0.003333333278777885,0.039914745999340084,253,1.0,0.0,0.08460339926381448,0.025,0.12563377619272906,0.05,0.16666415312164368,0.041030376928914605,0.03757302233434127,0.006000000000558621,46.43421955234655,0.0656011539519647,0.17578125,1.0
5274,5.0,10,ICM,True,0.04436018568268359,0.05432980099976703,433,1.0,0.1,0.1544600149928817,0.125,0.2701495070884003,0.225,0.38583899918391895,0.11568949209551863,0.02477052289872471,0.013999999998638376,46.98746045745813,0.06734408810946613,0.23046875,1.0
5291,5.0,10,DCM,False,,0.05201926699919568,55,,,,,,,,,,,,,,1.0
5291,5.0,10,ICM-noSI,True,0.02622696583394912,0.05040559000008216,253,1.0,0.0,0.100924378055536,0.0,0.17472356475316422,0.0,0.2485227514507924,0.07379918669762822,0.021125191357992353,0.005999999999915446,102.02426970055377,0.11485127886850552,0.1328125,1.0
5291,5.0,10,ICM,True,0.02554967868767863,0.07668421999915154,433,1.0,0.15,0.13398119635098057,0.075,0.22008275203888425,0.05,0.30618430772678795,0.0861015556879037,0.041879640663411044,0.005999999999665833,26.0738851593033,0.02378678469704054,0.171875,1.0
5308,5.0,10,DCM,False,,0.03452365699922666,55,,,,,,,,,,,,,,1.0
5308,5.0,10,ICM-noSI,True,0.0024946556132391584,0.038096014999609906,253,1.0,0.0,0.09006877326792553,0.025,0.14167462696408686,0.05,0.19328048066024817,0.051605853696161316,0.03246291957175126,0.006000000000012954,125.21586640537483,0.1363341946366989,0.1640625,1.0
5308,5.0,10,ICM,True,0.030956424466805448,0.06383293200087792,433,1.0,0.1,0.12866463925414262,0.1,0.2089252685578033,0.15,0.289185897861464,0.08026062930366067,0.04240400995001127,0.006000000000470693,30.763698659921904,0.07489985950678713,0.23046875,1.0
5325,5.0,10,DCM,False,,0.050897809998787125,55,,,,,,,,,,,,,,1.0
5325,5.0,10,ICM-noSI,True,0.03571476771019989,0.05338675500024692,253,1.0,0.025,0.09061822834127317,0.025,0.12902118809993482,0.0,0.16742414785859644,0.038402959758661634,0.046215268581836534,0.0060000000007750035,103.47130458993044,0.10990832320372135,0.21484375,1.0
5325,5.0,10,ICM,True,0.016857844074739226,0.050894818999950076,433,1.0,0.125,0.13799471823618598,0.2,0.21820991220146277,0.3,0.2984251061667397,0.08021519396527682,0.043779524349262286,0.013999999921646855,21.382364283007384,0.050115385727843575,0.1953125,1.0
5342,5.0,10,DCM,False,,0.034341223999945214,55,,,,,,,,,,,,,,1.0
5342,5.0,10,ICM-noSI,True,0.003302299243110533,0.034462013998563634,253,1.0,0.025,0.06583472963534535,0.0,0.10654108279378278,0.0,0.1472474359522202,0.04070635315843743,0.019128376476717963,0.006000000000189966,58.275222944076056,0.08132337715489088,0.1015625,1.0
5342,5.0,10,ICM,True,0.013942699951200604,0.10059169199848839,433,1.0,0.275,0.17078777212184346,0.225,0.30375246590921195,0.175,0.43671715969658037,0.13296469378736847,0.02935714859819008,0.008465929736284943,26.20917452390804,0.029785832894811515,0.1484375,1.0
5359,5.0,10,DCM,False,,0.05707100199833803,55,,,,,,,,,,,,,,1.0
5359,5.0,10,ICM-noSI,True,0.012301965551052497,0.047183304999634856,253,1.0,0.0,0.06087599479307746,0.0,0.10487915725141081,0.0,0.14888231970974414,0.044003162458333335,0.01087283232670901,0.006000000008035127,110.44991529399937,0.1123420456438809,0.07421875,1.0
5359,5.0,10,ICM,True,0.007586940617857196,0.050344860001132474,433,1.0,0.225,0.1484281154151995,0.35,0.27495276947517744,0.275,0.4014774235351554,0.1265246540599779,0.015903461356637998,0.005999999998583598,38.310041227500534,0.03149999714508811,0.11328125,1.0
5376,5.0,10,DCM,False,,0.04984307999984594,55,,,,,,,,,,,,,,1.0
5376,5.0,10,ICM-noSI,True,0.017051946151515677,0.11696913600098924,253,1.0,0.0,0.042261341443791026,0.0,0.06819344604043817,0.0,0.09412555063708532,0.02593210459664715,0.010329236847086386,0.006000000000057493,78.80471101163077,0.07267181238241227,0.046875,1.0
5376,5.0,10,ICM,True,0.012690862854958674,0.04883144599989464,433,1.0,0.05,0.09828711934476418,0.075,0.1745485627162066,0.025,0.25081000608764903,0.07626144337144243,0.0160256759738338,0.005999999999487943,53.72156226091894,0.06004819250631355,0.0546875,1.0
5393,5.0,10,DCM,False,,0.052457828000115114,55,,,,,,,,,,,,,,1.0
5393,5.0,10,ICM-noSI,True,0.0033333332908411103,0.06302947199947084,253,1.0,0.025,0.11012461280897226,0.05,0.2133643238045745,0.025,0.31660403480017674,0.10323971099560222,0.0008849018135716768,0.005999999999798361,56.0102577744668,0.06948231047575593,0.11328125,1.0
5393,5.0,10,ICM,True,0.04063333796602078,0.10338673699880019,433,1.0,0.225,0.1387394691017846,0.1,0.20446553504362627,0.075,0.27019160098546785,0.06572606594184163,0.06701340315976989,0.006000000000173096,46.09249204528271,0.07200445906557873,0.1953125,1.0
1210,1.0,30,DCM,True,0.006636087530889495,0.04694955099876097,115,1.0,0.4,0.02471901873735888,0.25,0.02471901873735888,0.1,0.02471901873735888,0.0,0.0,0.02471901873735888,1.5253411732858837,0.004693351525377837,0.01171875,1.0
1210,1.0,30,ICM-noSI,True,0.0029574613184685113,0.17508049700154515,673,1.0,0.55,0.04076134702052158,0.5,0.062260393357810015,0.475,0.08375943969509843,0.02149904633728842,0.013262300683434198,0.005999999999798963,8.020306758551927,0.005682835733911068,0.05859375,1.0
1210,1.0,30,ICM,True,0.003674896898926735,0.12755447800009279,853,1.0,0.55,0.04426705823563147,0.6,0.06811438552622953,0.625,0.09196171281682759,0.02384732729059806,0.014419730945517756,0.005999999999515652,5.17808996895445,0.013811029190073376,0.05859375,1.0
1227,1.0,30,DCM,True,0.007910276296114589,0.04128955799933465,115,1.0,0.2,0.02140430050195092,0.125,0.02140430050195092,0.125,0.02140430050195092,0.0,0.0,0.02140430050195092,3.2008121565394303,0.009197595793679403,0.01171875,1.0
1227,1.0,30,ICM-noSI,True,0.0023538869814330645,0.14178049700058182,673,1.0,0.425,0.0362190168862636,0.375,0.05648405022154077,0.275,0.07674908355681795,0.020265033335277172,0.009953983550819659,0.006000000000166771,6.554203066072728,0.009721469742718286,0.0390625,1.0
1227,1.0,30,ICM,True,0.0036247031076679487,0.14432388500063098,853,1.0,0.5,0.046636756811749336,0.425,0.0711462748003951,0.4,0.09565579278904088,0.024509517988645774,0.016127238823086316,0.006000000000017246,11.093640169306918,0.015327942055574917,0.046875,1.0
1244,1.0,30,DCM,True,0.00780429510031807,0.044160321000163094,115,1.0,0.35,0.022714897198386257,0.3,0.022714897198386257,0.175,0.022714897198386257,0.0,0.0,0.022714897198386257,1.9211738365469142,0.0024863600671816144,0.01171875,1.0
1244,1.0,30,ICM-noSI,True,0.0035507865669003797,0.17564014600066002,673,1.0,0.375,0.030822294128526117,0.325,0.047914128097668415,0.275,0.06500596206681071,0.017091833969142295,0.007730460159681133,0.005999999999702689,6.167263278155836,0.007617231538907365,0.0390625,1.0
1244,1.0,30,ICM,True,0.003423157665312266,0.12258856500011461,853,1.0,0.475,0.034033548557463614,0.525,0.054253408047468296,0.525,0.07447326753747298,0.020219859490004675,0.007813689067710607,0.005999999999748335,6.815982356772079,0.006951014696537,0.0390625,1.0
1261,1.0,30,DCM,True,0.008352568196007779,0.05914990199926251,115,1.0,0.425,0.025274806124306888,0.1,0.025274806124306888,0.025,0.025274806124306888,0.0,0.0,0.025274806124306888,1.7337112325241864,0.007570807097473153,0.01171875,1.0
1261,1.0,30,ICM-noSI,True,0.004011533740719744,0.11102131099869439,673,1.0,0.375,0.04268721245385154,0.475,0.06871839373887455,0.55,0.09474957502389757,0.026031181285023013,0.010656031168582792,0.006000000000245739,8.516337539934096,0.008975552976262402,0.05859375,1.0
1261,1.0,30,ICM,True,0.0030536423885401433,0.1330543399999442,853,1.0,0.475,0.04910699747391845,0.475,0.07365583724785259,0.45,0.09820467702178673,0.024548839773934135,0.01855815769586382,0.006000000004120496,8.940162175536027,0.0176457964556076,0.09375,1.0
1278,1.0,30,DCM,True,0.009701028616397347,0.10192187500069849,115,1.0,0.3,0.023113709379706502,0.175,0.023113709379706502,0.1,0.023113709379706502,0.0,0.0,0.023113709379706502,2.849231789771363,0.009201474325844589,0.01171875,1.0
1278,1.0,30,ICM-noSI,True,0.004744920061913693,0.11194614800115232,673,1.0,0.25,0.03244096816538751,0.25,0.05274900933446245,0.375,0.0730570505035374,0.02030804116907494,0.0061329269978370946,0.005999999998475474,4.251046972778815,0.014863028220857721,0.03125,1.0
1278,1.0,30,ICM,True,0.004660962504045079,0.09358220799913397,853,1.0,0.45,0.036623192527988985,0.55,0.059117409452193216,0.575,0.08161162637639748,0.02249421692420424,0.00812897560423681,0.005999999999547938,4.1533596499685554,0.00824059539594968,0.03515625,1.0
1295,1.0,30,DCM,True,0.009624037690756473,0.06452480799998739,115,1.0,0.25,0.023102036520110905,0.05,0.023102036520110905,0.0,0.023102036520110905,0.0,0.0,0.023102036520110905,1.761607122235467,0.007864843239495106,0.01171875,1.0
1295,1.0,30,ICM-noSI,True,0.0038596959233148484,0.14866171700123232,673,1.0,0.275,0.029799803600264546,0.2,0.0405910180647097,0.125,0.05138223252915486,0.01079121446444516,0.013008589137990656,0.005999999997828728,7.4356533966126515,0.00958044997578829,0.04296875,1.0
1295,1.0,30,ICM,True,0.003046471688109464,0.1007008800006588,853,1.0,0.525,0.04041488279500758,0.55,0.061496509889585924,0.55,0.08257813698416426,0.021081627094578347,0.013333255700181068,0.0060000000002481645,5.041828112878809,0.009558529015848097,0.05078125,1.0
1312,1.0,30,DCM,True,0.008263174493301328,0.052928267999959644,115,1.0,0.425,0.022559864821483564,0.275,0.022559864821483564,0.2,0.022559864821483564,0.0,0.0,0.022559864821483564,1.1689958156105953,0.003947873650170908,0.01171875,1.0
1312,1.0,30,ICM-noSI,True,0.002622767208140059,0.12329633400077,673,1.0,0.4,0.02687743263410583,0.375,0.03583184871928896,0.225,0.0447862648044721,0.008954416085183135,0.01192301655233238,0.005999999996590316,4.242345020129132,0.005903760209542211,0.03125,1.0
1312,1.0,30,ICM,True,0.0028665437435587185,0.16684312500001397,853,1.0,0.425,0.02901650094332514,0.375,0.0411823981691153,0.325,0.05334829539490545,0.012165897225790156,0.010850603718097892,0.005999999999437096,3.606649768181296,0.0054385092099868,0.03125,1.0
1329,1.0,30,DCM,True,0.006723046139411787,0.05936855999971158,115,1.0,0.4,0.023893598325901818,0.3,0.023893598325901818,0.175,0.023893598325901818,0.0,0.0,0.023893598325901818,1.197952685697562,0.002794438421703793,0.01171875,1.0
1329,1.0,30,ICM-noSI,True,0.0023576211788149,0.1138467499986291,673,1.0,0.35,0.03425502255120646,0.35,0.054787865668537904,0.225,0.07532070878586934,0.020532843117331445,0.007722179434073365,0.0059999999998016544,6.499682380182259,0.00823190267064322,0.03125,1.0
1329,1.0,30,ICM,True,0.0025628090321353322,0.14246332199945755,853,1.0,0.575,0.03921849562793175,0.7,0.0659429169684517,0.7,0.09266733830897164,0.026724421340519954,0.006494074289342509,0.005999999998069284,5.412834516845134,0.003909365240894802,0.02734375,1.0
1346,1.0,30,DCM,True,0.013630940446736926,0.05775656799960416,115,1.0,0.325,0.025508623040398255,0.2,0.025508623040398255,0.125,0.025508623040398255,0.0,0.0,0.025508623040398255,2.628504549279689,0.006687662175940523,0.015625,1.0
1346,1.0,30,ICM-noSI,True,0.006965255903915153,0.09521872699951928,673,1.0,0.275,0.03995966309052472,0.25,0.06392358257368821,0.25,0.08788750205685177,0.023963919483163513,0.009995743607930157,0.005999999999431051,18.281244287127116,0.01417542445090556,0.05078125,1.0
1346,1.0,30,ICM,True,0.0026887251223557175,0.09979560400097398,853,1.0,0.65,0.049836865143650565,0.7,0.08340421423326198,0.675,0.1169715633228734,0.03356734908961141,0.010269516054211222,0.005999999999827931,4.245255009357465,0.012322457384358776,0.05078125,1.0
1363,1.0,30,DCM,True,0.01133773069800565,0.09030443200026639,115,1.0,0.275,0.024307979028509036,0.1,0.024307979028509036,0.05,0.024307979028509036,0.0,0.0,0.024307979028509036,2.3660995464446275,0.00577608196693824,0.01171875,1.0
1363,1.0,30,ICM-noSI,True,0.0022918862475264094,0.08108417899893539,673,1.0,0.575,0.041780711082049185,0.475,0.07143477218961887,0.375,0.10108883329718857,0.029654061107569685,0.00612664997470488,0.005999999999774616,7.150148339164656,0.006300369485814639,0.0234375,1.0
1363,1.0,30,ICM,True,0.005155580216417992,0.1293781360000139,853,1.0,0.625,0.047898384326588016,0.675,0.08438165598934819,0.625,0.12086492765210836,0.03648327166276018,0.00541511266390386,0.00599999999992398,5.203429196032636,0.008192725003301815,0.03515625,1.0
1380,1.0,30,DCM,True,0.007291859634077769,0.06422031199872436,115,1.0,0.075,0.021130982915456415,0.05,0.021130982915456415,0.075,0.021130982915456415,0.0,0.0,0.021130982915456415,4.053579825051816,0.013001010948460165,0.01171875,1.0
1380,1.0,30,ICM-noSI,True,0.0026250567512291437,0.13295592600115924,673,1.0,0.25,0.024590157085447786,0.25,0.03509580197584431,0.2,0.04560144686624083,0.010505644890396524,0.008084512195516036,0.005999999999535229,6.672690842443845,0.009809807780514546,0.02734375,1.0
1380,1.0,30,ICM,True,0.003266553146933065,0.13961578999987978,853,1.0,0.325,0.028873478235024362,0.55,0.0434153121717491,0.625,0.057957146108473835,0.014541833936724735,0.00833164429926055,0.005999999999039083,2.6773925380847032,0.002594733155621254,0.0234375,1.0
1397,1.0,30,DCM,True,0.010546296050201277,0.0421087440008705,115,1.0,0.125,0.022407628389018462,0.125,0.022407628389018462,0.125,0.022407628389018462,0.0,0.0,0.022407628389018462,3.4519381534001057,0.00771913232680628,0.0078125,1.0
1397,1.0,30,ICM-noSI,True,0.005339742502375062,0.10048142499908863,673,1.0,0.275,0.04774848846204136,0.275,0.07508879206790553,0.2,0.10242909567376968,0.027340303605864164,0.014408184854426336,0.006000000001750863,7.9897068327412315,0.014153521422302084,0.0546875,1.0
1397,1.0,30,ICM,True,0.0038954005476411827,0.09095970599992143,853,1.0,0.675,0.05165236464645636,0.625,0.08137052730023256,0.6,0.11108868995400875,0.029718162653776192,0.01593420199108645,0.006000000001593718,4.949553938083432,0.013585297529168816,0.0625,1.0
1414,1.0,30,DCM,True,0.01039535003293761,0.056114000000889064,115,1.0,0.125,0.023475180732817184,0.025,0.023475180732817184,0.0,0.023475180732817184,0.0,0.0,0.023475180732817184,1.9752975621499076,0.008047689811669811,0.01171875,1.0
1414,1.0,30,ICM-noSI,True,0.00405972553779723,0.1480892559993663,673,1.0,0.3,0.04386186900357782,0.275,0.06226954308684096,0.225,0.08067721717010408,0.01840767408326313,0.019454194919016475,0.006000000001298215,11.906434877049445,0.013945676201850221,0.0625,1.0
1414,1.0,30,ICM,True,0.007165661558212353,0.10149872699912521,853,1.0,0.575,0.04393163253611988,0.65,0.0669514197041412,0.75,0.08997120687216253,0.023019787168021326,0.01158732980169478,0.009324515566403778,3.9361064187888837,0.006248933819334931,0.0390625,1.0
1431,1.0,30,DCM,True,0.009093665776982347,0.058887201999823446,115,1.0,0.275,0.023511849151811197,0.175,0.023511849151811197,0.075,0.023511849151811197,0.0,0.0,0.023511849151811197,1.2068924041810472,0.005400069010056616,0.01171875,1.0
1431,1.0,30,ICM-noSI,True,0.00207405119247659,0.12161699500029499,673,1.0,0.475,0.03460807391294178,0.35,0.05019018529824844,0.275,0.0657722966835551,0.015582111385306654,0.013025962527003599,0.006000000000631528,6.363065453264729,0.008329269733131354,0.0390625,1.0
1431,1.0,30,ICM,True,0.002074051182678966,0.09723483000016131,853,1.0,0.75,0.042101894358511194,0.85,0.06702236621405996,0.85,0.09194283806960875,0.024920471855548777,0.0111814225034472,0.005999999999515213,2.301251480698389,0.008408325087780222,0.0390625,1.0
1448,1.0,30,DCM,True,0.009859642029828662,0.06453551500089816,115,1.0,0.6,0.024983658026656114,0.425,0.024983658026656114,0.275,0.024983658026656114,0.0,0.0,0.024983658026656114,0.9184676955344055,0.004495624448953683,0.01171875,1.0
1448,1.0,30,ICM-noSI,True,0.002525071673626763,0.1176095049995638,673,1.0,0.45,0.032222235305466404,0.375,0.0464124158554983,0.325,0.06060259640553021,0.014190180550031906,0.012032054759027213,0.005999999996407277,5.246636618727083,0.010931047096204405,0.0390625,1.0
1448,1.0,30,ICM,True,0.0036366347159071466,0.09540488899983757,853,1.0,0.55,0.03265573956032016,0.4,0.043067088670630985,0.25,0.053478437780941815,0.010411349110310827,0.01624439045184486,0.00599999999816447,3.780537165874356,0.008665092201471047,0.046875,1.0
1465,1.0,30,DCM,True,0.007707884382814959,0.06905935099894123,115,1.0,0.575,0.02538723641379447,0.525,0.02538723641379447,0.425,0.02538723641379447,0.0,0.0,0.02538723641379447,0.9288594709908601,0.0028866735694618173,0.01171875,1.0
1465,1.0,30,ICM-noSI,True,0.0016928266203081123,0.10748907800007146,673,1.0,0.575,0.03882759061543379,0.675,0.06164470590119493,0.625,0.08446182118695608,0.022817115285761143,0.01001047532992009,0.005999999999752559,5.343486519759134,0.004409971792278991,0.04296875,1.0
1465,1.0,30,ICM,True,0.0028137918714945735,0.13879112799986615,853,1.0,0.525,0.04026497301688492,0.625,0.06450007868287301,0.625,0.0887351843488611,0.024235105665988087,0.010029867351228993,0.005999999999667834,5.631098015760592,0.007102479175498666,0.04296875,1.0
1482,1.0,30,DCM,True,0.008482714088833776,0.07142401300006895,115,1.0,0.3,0.022237625616657868,0.225,0.022237625616657868,0.15,0.022237625616657868,0.0,0.0,0.022237625616657868,1.611250962992546,0.004359791635450404,0.0078125,1.0
1482,1.0,30,ICM-noSI,True,0.004958068385284429,0.08061534599983133,673,1.0,0.45,0.03699786675433261,0.45,0.05706436084948276,0.475,0.07713085494463293,0.020066494095150156,0.010931372657601657,0.006000000001580793,7.301223650110261,0.0064725783947627985,0.046875,1.0
1482,1.0,30,ICM,True,0.003847563358638927,0.14055817299959017,853,1.0,0.525,0.03960640192866327,0.4,0.0586737406973862,0.35,0.07774107946610913,0.01906733876872294,0.01453906316152675,0.005999999998413578,4.49390141973651,0.0070471773698372875,0.05078125,1.0
1499,1.0,30,DCM,True,0.005417415904868677,0.041819274998488254,115,1.0,0.35,0.02350805875403895,0.275,0.02350805875403895,0.3,0.02350805875403895,0.0,0.0,0.02350805875403895,1.1417904295436985,0.0032458752782063005,0.01171875,1.0
1499,1.0,30,ICM-noSI,True,0.0024188716709498464,0.08420581700011098,673,1.0,0.575,0.041137734559635875,0.425,0.06161562751020637,0.375,0.08209352046077686,0.020477892950570502,0.01465984160906891,0.005999999999996463,6.927611897472259,0.006192013932638464,0.0625,1.0
1499,1.0,30,ICM,True,0.0017881120743131669,0.13126909399943543,853,1.0,0.75,0.049518110184625874,0.75,0.07516592254672075,0.75,0.10081373490881558,0.025647812362094857,0.017870297819995672,0.006000000002535343,8.506396444558819,0.008735697172928936,0.0703125,1.0
1516,1.0,30,DCM,True,0.012201018514169212,0.0457845119999547,115,1.0,0.475,0.02539638018868389,0.35,0.02539638018868389,0.275,0.02539638018868389,0.0,0.0,0.02539638018868389,0.7740015105279245,0.003298855729900463,0.01171875,1.0
1516,1.0,30,ICM-noSI,True,0.004548133401481099,0.09014290999948571,673,1.0,0.425,0.04887241867278645,0.3,0.07752052733712761,0.25,0.10616863600146878,0.028648108664341154,0.014224310008418275,0.006000000000027017,12.760638671463191,0.021632631635867858,0.05078125,1.0
1516,1.0,30,ICM,True,0.004734761080544012,0.13726428399968427,853,1.0,0.55,0.06134549113091716,0.45,0.0932800056585886,0.3,0.12521452018626006,0.031934514527671445,0.023273815996511675,0.006137160606734052,11.721259429775444,0.016499999871252308,0.07421875,1.0
1533,1.0,30,DCM,True,0.009450845164572957,0.04640168900004937,115,1.0,0.375,0.022664840129771862,0.2,0.022664840129771862,0.1,0.022664840129771862,0.0,0.0,0.022664840129771862,1.9905924690543573,0.008608312266201235,0.01171875,1.0
1533,1.0,30,ICM-noSI,True,0.005074583717763137,0.13588307399913901,673,1.0,0.5,0.027821541072876238,0.325,0.03667715421215423,0.25,0.045532767351432225,0.008855613139277992,0.011142712924946629,0.007823215008651619,7.048768174363255,0.008358406515869776,0.03125,1.0
1533,1.0,30,ICM,True,0.0052012353025184055,0.1016880309998669,853,1.0,0.525,0.02874597714903392,0.35,0.036970808622669715,0.2,0.04519564009630552,0.008224831473635803,0.012509599270297555,0.008011546405100562,5.766741155597525,0.007752953861654047,0.03515625,1.0
2210,2.0,30,DCM,False,,0.12863676000051782,115,,,,,,,,,,,,,,1.0
2210,2.0,30,ICM-noSI,True,0.0025809273424026906,0.103348876000382,673,1.0,0.475,0.11544834312172081,0.55,0.20817234524325595,0.6,0.3008963473647911,0.09272400212153512,0.016724341000220307,0.005999999999965383,16.745516096472773,0.025838338576110842,0.078125,1.0
2210,2.0,30,ICM,True,0.005769618563610885,0.1685011410008883,853,1.0,0.55,0.12237215309353715,0.675,0.21657955011882685,0.65,0.3107869471441166,0.09420739702528973,0.022164756070146716,0.005999999998100698,14.88388736352146,0.016499993213686684,0.09765625,1.0
2227,2.0,30,DCM,False,,0.15554355699896405,115,,,,,,,,,,,,,,1.0
2227,2.0,30,ICM-noSI,True,0.015335432867732571,0.1375728450002498,673,1.0,0.325,0.07604701418296855,0.35,0.1196351594238331,0.275,0.16322330466469764,0.04358814524086456,0.026458868943107727,0.005999999998996273,16.10095477569795,0.019432841742199627,0.1015625,1.0
2227,2.0,30,ICM,True,0.013821410242015894,0.18346366100013256,853,1.0,0.65,0.10372171120221503,0.775,0.17286648419506517,0.8,0.24201125718791533,0.06914477299285018,0.02802527649440125,0.006551661714963597,13.15133456371649,0.015438370086320277,0.1328125,1.0
2244,2.0,30,DCM,False,,0.2164418120009941,115,,,,,,,,,,,,,,1.0
2244,2.0,30,ICM-noSI,True,0.005044857287472914,0.17429334799999197,673,1.0,0.575,0.059115287350669884,0.75,0.10083284014196692,0.85,0.14255039293326394,0.04171755279129702,0.011397734559232436,0.006000000000140436,8.653635781698151,0.0075312591935953474,0.0625,1.0
2244,2.0,30,ICM,True,0.002732713318564982,0.23119553799915593,853,1.0,0.625,0.0760295882395117,0.875,0.12913824903714433,0.95,0.18224690983477693,0.053108660797632636,0.016920927441931865,0.005999999999947204,3.3198813600611343,0.015580515188522548,0.07421875,1.0
2261,2.0,30,DCM,False,,0.1070100069991895,115,,,,,,,,,,,,,,1.0
2261,2.0,30,ICM-noSI,True,0.004523856810928217,0.14002390600035142,673,1.0,0.35,0.10486694207662624,0.35,0.1844998630295875,0.3,0.2641327839825488,0.07963292095296129,0.019234021122054537,0.00600000000161041,19.120946989053298,0.024084608729948442,0.08984375,1.0
2261,2.0,30,ICM,True,0.0054968891467289845,0.21781677000035415,853,1.0,0.4,0.11650387813399928,0.45,0.20527424233157374,0.45,0.2940446065291482,0.08877036419757445,0.021733513936789572,0.005999999999635261,20.564218537459254,0.027333483514099255,0.08984375,1.0
2278,2.0,30,DCM,False,,0.08109045099990908,115,,,,,,,,,,,,,,1.0
2278,2.0,30,ICM-noSI,True,0.006181960178944828,0.11128838999866275,673,1.0,0.3,0.08161458438767458,0.325,0.1322490915686175,0.325,0.18288359874956045,0.050634507180942936,0.024980077203152366,0.006000000003579269,22.512986969359137,0.023908503374980197,0.08984375,1.0
2278,2.0,30,ICM,True,0.0031345943344988276,0.22202735999962897,853,1.0,0.6,0.10480399467474122,0.65,0.18272325817734233,0.65,0.26064252167994345,0.07791926350260112,0.020884731172009653,0.006000000000130469,10.492503321101543,0.01649999994378798,0.1015625,1.0
2295,2.0,30,DCM,False,,0.06861964000017906,115,,,,,,,,,,,,,,1.0
2295,2.0,30,ICM-noSI,True,0.0020678166280051727,0.07392388800144545,673,1.0,0.3,0.0885218116866289,0.325,0.15840769821597367,0.35,0.2282935847453184,0.06988588652934476,0.012635925155891157,0.006000000001392982,33.576041316805735,0.027642894778927802,0.07421875,1.0
2295,2.0,30,ICM,True,0.005852881402225456,0.17081194800084631,853,1.0,0.45,0.08331517386381636,0.45,0.13204484548319803,0.525,0.1807745171025797,0.04872967161938167,0.02858550224442331,0.006000000000011352,25.287805619174176,0.014003368618181578,0.10546875,1.0
2312,2.0,30,DCM,False,,0.13133821399969747,115,,,,,,,,,,,,,,1.0
2312,2.0,30,ICM-noSI,True,0.0034351908647369156,0.1623138730010396,673,1.0,0.325,0.11340466687028306,0.3,0.21372770802175722,0.25,0.3140507491732314,0.10032304115147417,0.007081625718516759,0.006000000000292115,31.683611697399506,0.022782926065759046,0.1171875,1.0
2312,2.0,30,ICM,True,0.021029157837388575,0.13325587500003166,853,1.0,0.325,0.10019916382384284,0.325,0.1837262563396877,0.3,0.26725334885553254,0.08352709251584486,0.005985408960960034,0.010686662347037955,13.203348349637105,0.045204016770849065,0.09375,1.0
2329,2.0,30,DCM,False,,0.16063207799925294,115,,,,,,,,,,,,,,1.0
2329,2.0,30,ICM-noSI,True,0.0040414303464708645,0.11575217199970211,673,1.0,0.3,0.06444288133693869,0.375,0.09389928538303749,0.3,0.12335568942913629,0.029456404046098793,0.02898647729093553,0.005999999999904382,19.304874220125278,0.01542067119230068,0.0859375,1.0
2329,2.0,30,ICM,True,0.0023513932870422947,0.15943838699968182,853,1.0,0.425,0.07618652948620111,0.55,0.10779566274480638,0.4,0.13940479600341166,0.031609133258605274,0.03857739622775162,0.005999999999844222,10.322228260461447,0.015484141808525087,0.11328125,1.0
2346,2.0,30,DCM,False,,0.12541243499981647,115,,,,,,,,,,,,,,1.0
2346,2.0,30,ICM-noSI,True,0.007134724401227625,0.1256487280006695,673,1.0,0.375,0.06515926942982789,0.475,0.10245163866203763,0.5,0.1397440078942474,0.03729236923220976,0.021866900197738577,0.005999999999879553,15.720327358034803,0.015660287463276634,0.0703125,1.0
2346,2.0,30,ICM,True,0.011229275885686743,0.09527165699910256,853,1.0,0.475,0.09831868655664767,0.625,0.16151666562479722,0.575,0.22471464469294675,0.06319797906814954,0.029120707483998042,0.00600000000450008,14.024258197170454,0.024356047490871946,0.140625,1.0
2363,2.0,30,DCM,False,,0.12862864899943816,115,,,,,,,,,,,,,,1.0
2363,2.0,30,ICM-noSI,True,0.005151656123429461,0.13258098799997242,673,1.0,0.6,0.12156290165792742,0.725,0.21808666922985714,0.75,0.3146104368017868,0.09652376757192968,0.019039134087072907,0.0059999999989248515,16.335236312413716,0.012600107953802064,0.08984375,1.0
2363,2.0,30,ICM,True,0.004495103339057672,0.09779792599874781,853,1.0,0.6,0.1297085724520695,0.55,0.23425716423191245,0.575,0.3388057560117554,0.10454859177984295,0.01915998067247879,0.005999999999747723,18.973467251475142,0.012190064767193073,0.09375,1.0
2380,2.0,30,DCM,False,,0.18352518399842666,115,,,,,,,,,,,,,,1.0
2380,2.0,30,ICM-noSI,True,0.004387002571967745,0.1218305499987764,673,1.0,0.275,0.06416647992240843,0.175,0.08930065147192363,0.15,0.11443482302143884,0.025134171549515204,0.03303230837213926,0.006000000000753973,16.56826933029719,0.01718025357156311,0.0859375,1.0
2380,2.0,30,ICM,True,0.0030051098021576924,0.09583208299955004,853,1.0,0.45,0.07143430921072477,0.3,0.08617170978454251,0.2,0.10090911035836025,0.014737400573817736,0.050696908638436525,0.005999999998470526,14.22940668870081,0.015635067616046383,0.10546875,1.0
2397,2.0,30,DCM,False,,0.0734484060012619,115,,,,,,,,,,,,,,1.0
2397,2.0,30,ICM-noSI,True,0.005406534602761526,0.18837642099970253,673,1.0,0.425,0.09058465782172084,0.45,0.15721950594419126,0.425,0.22385435406666168,0.0666348481224704,0.017949809699090397,0.00600000000016005,21.785963123076623,0.02744840798108794,0.08203125,1.0
2397,2.0,30,ICM,True,0.005104587737859419,0.15821624399904977,853,1.0,0.65,0.09239800988107853,0.675,0.1506102476805033,0.675,0.20882248547992796,0.05821223779942473,0.02818577208175769,0.005999999999896135,9.296458318346167,0.012167266853977399,0.10546875,1.0
2414,2.0,30,DCM,False,,0.07268810300047335,115,,,,,,,,,,,,,,1.0
2414,2.0,30,ICM-noSI,True,0.0036459063248944455,0.08643686700088438,673,1.0,0.5,0.08503876335020902,0.475,0.1343772323058708,0.375,0.1837157012615326,0.049338468955661796,0.02970029439516577,0.005999999999381438,16.778620627763594,0.021224237073542034,0.08984375,1.0
2414,2.0,30,ICM,True,0.007956083953071123,0.15267659699929936,853,1.0,0.65,0.11581979207480964,0.7,0.18262475871123338,0.625,0.24942972534765717,0.06680496663642378,0.04301482543058119,0.006000000007804665,15.707872452698838,0.016499997101170408,0.1328125,1.0
2431,2.0,30,DCM,False,,0.07550835000074585,115,,,,,,,,,,,,,,1.0
2431,2.0,30,ICM-noSI,True,0.00644163690740421,0.08168951399966318,673,1.0,0.35,0.07378971995157621,0.3,0.1204616469715726,0.25,0.167133573991569,0.046671927019996395,0.021117792931875413,0.005999999999704396,19.22387094751941,0.034471086317199084,0.09375,1.0
2431,2.0,30,ICM,True,0.0032995369809742485,0.1297305169991887,853,1.0,0.475,0.0799517745533169,0.5,0.12848723029680972,0.475,0.17702268604030255,0.04853545574349283,0.025416318809869897,0.00599999999995416,13.68839828695825,0.014073272242056678,0.10546875,1.0
2448,2.0,30,DCM,False,,0.10169496600065031,115,,,,,,,,,,,,,,1.0
2448,2.0,30,ICM-noSI,True,0.004213717158798042,0.11612276699997892,673,1.0,0.3,0.07824433772504016,0.275,0.12330991678104841,0.275,0.16837549583705663,0.04506557905600824,0.02717875866825382,0.00600000000077809,11.656667551499435,0.034124886216773676,0.07421875,1.0
2448,2.0,30,ICM,True,0.004867024886882719,0.14147852400128613,853,1.0,0.7,0.10959553325718063,0.875,0.1864795493878701,0.825,0.26336356551855955,0.07688401613068947,0.026711517123153762,0.006000000003337405,5.38728492562435,0.022278868530184015,0.078125,1.0
2465,2.0,30,DCM,False,,0.11167875099999947,115,,,,,,,,,,,,,,1.0
2465,2.0,30,ICM-noSI,True,0.0020423474310251903,0.0983791350008687,673,1.0,0.5,0.07839411120303479,0.55,0.1295588303884226,0.575,0.18072354957381048,0.051164719185387855,0.02122939201320519,0.006000000004441757,11.581860934933616,0.025791035363766812,0.09765625,1.0
2465,2.0,30,ICM,True,0.008822767059843872,0.1519145740003296,853,1.0,0.45,0.0874462935041784,0.525,0.1458133423532418,0.475,0.20418039120230524,0.05836704884906343,0.02307924465512265,0.005999999999992317,10.80913447530597,0.04565558635946054,0.10546875,1.0
2482,2.0,30,DCM,False,,0.11580570399928547,115,,,,,,,,,,,,,,1.0
2482,2.0,30,ICM-noSI,True,0.011825777594112663,0.13825650499893527,673,1.0,0.45,0.08262480670431882,0.4,0.14830586113363736,0.4,0.213986915562956,0.06568105442931857,0.010943752274334417,0.006000000000665822,17.754246645232286,0.016522826903304734,0.08984375,1.0
2482,2.0,30,ICM,True,0.014836081002769537,0.10259180899993225,853,1.0,0.375,0.06926195041686241,0.275,0.09534502540811085,0.2,0.12142810039935929,0.026083074991248456,0.037178875425867106,0.005999999999746831,19.414687589596774,0.013861435885046985,0.14453125,1.0
2499,2.0,30,DCM,False,,0.11851344099886774,115,,,,,,,,,,,,,,1.0
2499,2.0,30,ICM-noSI,True,0.009184173135813888,0.12081624999882479,673,1.0,0.2,0.08468328338353541,0.225,0.1451106004019264,0.175,0.2055379174203174,0.06042731701839098,0.018255966365331694,0.005999999999812735,21.418749607143525,0.03594256238828697,0.1015625,1.0
2499,2.0,30,ICM,True,0.0015765610266906848,0.11143966199961142,853,1.0,0.75,0.10759228242311773,0.825,0.17800318985636035,0.85,0.24841409728960295,0.0704109074332426,0.031181374989872696,0.006000000000002434,10.190555262485008,0.02395490972995673,0.12890625,1.0
2516,2.0,30,DCM,False,,0.1069101180000871,115,,,,,,,,,,,,,,1.0
2516,2.0,30,ICM-noSI,True,0.0020903714792171344,0.11434145199928025,673,1.0,0.45,0.11029898270673746,0.525,0.19539775804572992,0.6,0.28049653338472236,0.08509877533899243,0.019200207367541203,0.006000000000203823,13.95473726829631,0.024650473577342513,0.0859375,1.0
2516,2.0,30,ICM,True,0.004980990398026215,0.14136904800034245,853,1.0,0.7,0.11935153599133316,0.675,0.20659984134242376,0.75,0.29384814669351433,0.08724830535109059,0.026103230641268738,0.005999999998973882,11.42903112742542,0.011631468235662967,0.09765625,1.0
2533,2.0,30,DCM,False,,0.12726449600086198,115,,,,,,,,,,,,,,1.0
2533,2.0,30,ICM-noSI,True,0.00613438171587634,0.08854355600124109,673,1.0,0.375,0.08273296478226147,0.35,0.14401297966398582,0.35,0.20529299454571018,0.06128001488172434,0.01545294990037419,0.0060000000001629245,28.30670438687219,0.03204018154105054,0.09375,1.0
2533,2.0,30,ICM,True,0.008670821842678861,0.13395809900066524,853,1.0,0.575,0.1310178234837939,0.575,0.22345935495168162,0.525,0.31590088641956937,0.09244153146788776,0.03257629200995245,0.006000000005953685,12.225323358224008,0.020162624767363635,0.19140625,1.0
3210,3.0,30,DCM,False,,0.07845814999927825,115,,,,,,,,,,,,,,1.0
3210,3.0,30,ICM-noSI,True,0.011412942982853922,0.12482820900004299,673,1.0,0.225,0.1045133473821056,0.25,0.176975708525906,0.225,0.2494380696697064,0.07246236114380039,0.026050986238212837,0.006000000000092375,29.199447756968404,0.024912491457213637,0.125,1.0
3210,3.0,30,ICM,True,0.021248027788424884,0.2038408710013755,853,1.0,0.35,0.13439371829153562,0.4,0.23446050851940642,0.375,0.33452729874727727,0.10006679022787082,0.028326928064155626,0.005999999999509165,20.07010077261271,0.0164999998999609,0.15625,1.0
3227,3.0,30,DCM,False,,0.07574099900011788,115,,,,,,,,,,,,,,1.0
3227,3.0,30,ICM-noSI,True,0.004206439889148494,0.08128689700060932,673,1.0,0.4,0.16632557609167878,0.425,0.2945761847353448,0.4,0.4228267933790109,0.12825060864366603,0.03207496743678845,0.006000000011224267,23.20545841366527,0.07934001946328617,0.2265625,1.0
3227,3.0,30,ICM,True,0.01994536084194287,0.12897147500007122,853,1.0,0.55,0.1764196145808085,0.625,0.2869003278844837,0.575,0.397381041188159,0.11048071330367529,0.059049876213127205,0.006889025064005997,17.8100624337678,0.020466735903306416,0.2421875,1.0
3244,3.0,30,DCM,False,,0.07923677500002668,115,,,,,,,,,,,,,,1.0
3244,3.0,30,ICM-noSI,True,0.007416814307190451,0.07987187199978507,673,1.0,0.375,0.12562994280721895,0.425,0.2150605175638111,0.525,0.3044910923204033,0.08943057475659215,0.030199368049595367,0.006000000001031439,24.30515294707635,0.032281759667473445,0.12109375,1.0
3244,3.0,30,ICM,True,0.015541170415878772,0.136451672999101,853,1.0,0.45,0.14751055864346863,0.475,0.24434987877326178,0.475,0.341189198903055,0.09683932012979315,0.0446712385134715,0.006000000000203986,14.204775937743731,0.05512740757984791,0.17578125,1.0
3261,3.0,30,DCM,False,,0.10889120600040769,115,,,,,,,,,,,,,,1.0
3261,3.0,30,ICM-noSI,True,0.004128789211450053,0.09789416200146661,673,1.0,0.425,0.13433324957196113,0.4,0.21669861558273618,0.275,0.2990639815935113,0.08236536601077507,0.04596788356117894,0.00600000000000713,21.486111399368443,0.025533920440411688,0.14453125,1.0
3261,3.0,30,ICM,True,0.015417867769264581,0.15807360700091522,853,1.0,0.725,0.19739480325794975,0.7,0.3374774720265863,0.725,0.47756014079522285,0.14008266876863656,0.05131213444027029,0.006000000049042924,21.543087816550877,0.025947716395352982,0.25,1.0
3278,3.0,30,DCM,False,,0.09493108300011954,115,,,,,,,,,,,,,,1.0
3278,3.0,30,ICM-noSI,True,0.003069784227816596,0.10672998200061556,673,1.0,0.525,0.1199837033740038,0.575,0.1975133829687942,0.55,0.2750430625635846,0.07752967959479042,0.03645402377925929,0.005999999999954083,11.440592884504873,0.03951436944419706,0.12109375,1.0
3278,3.0,30,ICM,True,0.004998729291495443,0.10114597199935815,853,1.0,0.6,0.12495377541051482,0.6,0.19852912463525516,0.6,0.2721044738599955,0.07357534922474034,0.04537842618355509,0.00600000000221939,11.307604867095788,0.03801687690978761,0.12890625,1.0
3295,3.0,30,DCM,False,,0.14611275599963847,115,,,,,,,,,,,,,,1.0
3295,3.0,30,ICM-noSI,True,0.014586980754400066,0.12997353799983102,673,1.0,0.325,0.119414163382402,0.25,0.18385986212796682,0.25,0.24830556087353156,0.0644456987455648,0.04096846465377181,0.01399999998306542,28.26850634208623,0.03532242313410949,0.1484375,1.0
3295,3.0,30,ICM,True,0.012806971826178194,0.09408860099938465,853,1.0,0.65,0.16708119141433905,0.725,0.27927439705638507,0.75,0.39146760269843106,0.112193205642046,0.04718207266312939,0.0077059131091636755,15.19918216835656,0.017103860324051534,0.21484375,1.0
3312,3.0,30,DCM,False,,0.18683164999856672,115,,,,,,,,,,,,,,1.0
3312,3.0,30,ICM-noSI,True,0.006464538310014243,0.12130058100046881,673,1.0,0.525,0.14285123254443716,0.4,0.2408996060525924,0.3,0.3389479795607476,0.09804837350815525,0.03880285902375309,0.006000000012528798,30.441046051480438,0.03674927743230193,0.140625,1.0
3312,3.0,30,ICM,True,0.006327118971894193,0.0977873379997618,853,1.0,0.75,0.16648217866453144,0.725,0.2828433588050102,0.7,0.3992045389454891,0.11636118014047878,0.04412099852399777,0.006000000000054874,17.331338438771716,0.01649999998421066,0.17578125,1.0
3329,3.0,30,DCM,False,,0.11815055299848609,115,,,,,,,,,,,,,,1.0
3329,3.0,30,ICM-noSI,True,0.010229982568493421,0.19608757500100182,673,1.0,0.6,0.1212152065702384,0.65,0.19082639785909522,0.625,0.26043758914795206,0.0696111912888568,0.0403950604857973,0.011208954795584295,15.423363691613286,0.03301108181838868,0.1328125,1.0
3329,3.0,30,ICM,True,0.020728128500873765,0.09760715700031142,853,1.0,0.75,0.16439619966235247,0.8,0.24927543568475183,0.85,0.3341546717071512,0.08487923602239936,0.06551696363671726,0.014000000003235855,8.49199546073283,0.031036685841074885,0.23828125,1.0
3346,3.0,30,DCM,False,,0.11102121899966733,115,,,,,,,,,,,,,,1.0
3346,3.0,30,ICM-noSI,True,0.0029435715217869408,0.12872381800116273,673,1.0,0.425,0.14086084958374823,0.65,0.26833408927475677,0.675,0.3958073289657653,0.12747323969100854,0.007387609892793076,0.005999999999946621,26.971268613851713,0.019445214515751097,0.1015625,1.0
3346,3.0,30,ICM,True,0.005313468701802261,0.10244713700012653,853,1.0,0.375,0.1647641318055899,0.575,0.3009899247105064,0.6,0.4372157176154229,0.13622579290491646,0.022538338901084285,0.0059999999995891725,13.029325732758693,0.047219868261082376,0.16015625,1.0
3363,3.0,30,DCM,False,,0.07872789800057944,115,,,,,,,,,,,,,,1.0
3363,3.0,30,ICM-noSI,True,0.006698651199678143,0.1484655299991573,673,1.0,0.5,0.1395488019470444,0.6,0.25577509193262565,0.65,0.372001381918207,0.1162262899855813,0.017322511962307278,0.005999999999155799,17.799690051101187,0.011896303280078664,0.11328125,1.0
3363,3.0,30,ICM,True,0.005868964350536682,0.0975563610008976,853,1.0,0.55,0.15869460878166614,0.65,0.2861202386754633,0.675,0.41354586856926046,0.1274256298937972,0.02526897889140034,0.005999999996468607,12.86020097589758,0.015020429857257711,0.13671875,1.0
3380,3.0,30,DCM,False,,0.08858544800023083,115,,,,,,,,,,,,,,1.0
3380,3.0,30,ICM-noSI,True,0.018190043570469647,0.18832191200090165,673,1.0,0.1,0.14098651898967818,0.175,0.24591240650951995,0.075,0.3508382940293617,0.10492588751984175,0.030060631465892808,0.0060000000039435765,54.47755043210495,0.054361356948501124,0.16796875,1.0
3380,3.0,30,ICM,True,0.017147505377232402,0.18546552400039218,853,1.0,0.65,0.1851654227354445,0.7,0.29250799953468637,0.8,0.3998505763339283,0.10734257679924183,0.06697547248954043,0.010847373446662246,14.483087591174431,0.05156767337103496,0.2109375,1.0
3397,3.0,30,DCM,False,,0.0731323150012031,115,,,,,,,,,,,,,,1.0
3397,3.0,30,ICM-noSI,True,0.014768552485561574,0.07817487200009055,673,1.0,0.4,0.12624152497813543,0.35,0.1969344097975941,0.325,0.26762729461705276,0.07069288481945865,0.04954864015607235,0.00600000000260445,26.759454149544904,0.03950368924261352,0.1953125,1.0
3397,3.0,30,ICM,False,,0.41361077799956547,853,,,,,,,,,,,,,,1.0
3414,3.0,30,DCM,False,,0.09406158499950834,115,,,,,,,,,,,,,,1.0
3414,3.0,30,ICM-noSI,True,0.0046478640681875735,0.11086008399979619,673,1.0,0.7,0.1589970485296176,0.775,0.27156852193119485,0.825,0.3841399953327721,0.11257147340157725,0.04042557511355736,0.006000000014482988,13.29759863802384,0.04389774208330499,0.1640625,1.0
3414,3.0,30,ICM,True,0.004138569727858504,0.14384902399979183,853,1.0,0.8,0.16938887047482618,0.875,0.30174230194660395,0.925,0.4340957334183816,0.13235343147177775,0.03103543900261264,0.006000000000435817,8.089112730032069,0.037031841055280124,0.16796875,1.0
3431,3.0,30,DCM,False,,0.14116774700050883,115,,,,,,,,,,,,,,1.0
3431,3.0,30,ICM-noSI,True,0.0022627854783882537,0.17471331099841336,673,1.0,0.35,0.16411897620106308,0.175,0.29415864833376393,0.175,0.4241983204664647,0.13003967213270085,0.02807930406838658,0.005999999999975699,27.61896745485555,0.032571821233429984,0.15234375,1.0
3431,3.0,30,ICM,True,0.007674102718876407,0.14413487800084113,853,1.0,0.65,0.16487171567788894,0.75,0.26840806144576373,0.675,0.37194440721363853,0.10353634576787481,0.05068365177333225,0.010651718136681896,17.941899909516852,0.016499999042528857,0.1640625,1.0
3448,3.0,30,DCM,False,,0.1368007140008558,115,,,,,,,,,,,,,,1.0
3448,3.0,30,ICM-noSI,True,0.00784056098689867,0.15563614500024414,673,1.0,0.6,0.13872764875886137,0.725,0.23735349002571354,0.725,0.3359793312925657,0.09862584126685218,0.034101807460837484,0.006000000031171696,19.339904156537706,0.020638457694149848,0.1171875,1.0
3448,3.0,30,ICM,True,0.009074991464428285,0.10469704999923124,853,1.0,0.8,0.22896724857384632,0.8,0.417405999607416,0.8,0.6058447506409858,0.18843875103356972,0.03452849753864384,0.006000000001632752,17.60562757894099,0.016499999903643536,0.19140625,1.0
3465,3.0,30,DCM,False,,0.10796813999877486,115,,,,,,,,,,,,,,1.0
3465,3.0,30,ICM-noSI,True,0.004839171618607657,0.11748240799897758,673,1.0,0.55,0.0966686508729718,0.65,0.15749957058983305,0.675,0.21833049030669427,0.06083091971686122,0.029837731156081147,0.006000000000029436,18.68601422698274,0.014794454585508987,0.109375,1.0
3465,3.0,30,ICM,True,0.007046001470450234,0.09541585599981772,853,1.0,0.625,0.14554578064799695,0.775,0.23483627640881757,0.75,0.32412677216963803,0.08929049576082057,0.05025528488715222,0.00600000000002414,12.999111090426052,0.026984550974341714,0.16796875,1.0
3482,3.0,30,DCM,False,,0.19726845399964077,115,,,,,,,,,,,,,,1.0
3482,3.0,30,ICM-noSI,True,0.007120502000615848,0.1473576940006751,673,1.0,0.375,0.13971080676021394,0.5,0.22248217227918063,0.475,0.30525353779814723,0.08277136551896666,0.05093944124071052,0.006000000000536774,26.130831110801196,0.042325111281876604,0.12109375,1.0
3482,3.0,30,ICM,True,0.005382768201280942,0.14071046699973522,853,1.0,0.7,0.17271477472998192,0.75,0.2935283369859083,0.9,0.41434189924183473,0.1208135622559264,0.04590121246933353,0.0060000000047219625,7.114188000299399,0.03029400000325777,0.16796875,1.0
3499,3.0,30,DCM,False,,0.07358922999992501,115,,,,,,,,,,,,,,1.0
3499,3.0,30,ICM-noSI,True,0.005166019964677316,0.14879614199890057,673,1.0,0.45,0.1169780811561639,0.675,0.20304499754172448,0.7,0.2891119139272851,0.0860669163855606,0.024911164770375936,0.006000000000227348,19.035336227555053,0.027230315136081207,0.109375,1.0
3499,3.0,30,ICM,True,0.00462851056371118,0.15154243200049677,853,1.0,0.675,0.1158839135607875,0.75,0.18575133199278274,0.75,0.255618750424778,0.06986741843199525,0.04001649512826474,0.00600000000052752,12.482204101115464,0.012297682502172502,0.13671875,1.0
3516,3.0,30,DCM,False,,0.07497408000017458,115,,,,,,,,,,,,,,1.0
3516,3.0,30,ICM-noSI,True,0.005946828455127545,0.08438714000112668,673,1.0,0.275,0.1482035747046983,0.2,0.25207458331390475,0.2,0.3559455919231112,0.10387100860920642,0.038332566094629594,0.006000000000862323,72.26872328512671,0.06512916156076659,0.1328125,1.0
3516,3.0,30,ICM,True,0.014312335405084345,0.1712190369999007,853,1.0,0.375,0.1240824614657761,0.375,0.17397199248794498,0.4,0.22386152351011387,0.049889531022168906,0.06819293043373191,0.006000000009875274,21.380381374783088,0.022693723984437142,0.18359375,1.0
3533,3.0,30,DCM,False,,0.10525350299940328,115,,,,,,,,,,,,,,1.0
3533,3.0,30,ICM-noSI,True,0.00823093147621941,0.10114881299887202,673,1.0,0.65,0.1575038132967186,0.775,0.28178395168830556,0.9,0.40606409007989247,0.12428013839158694,0.02722367465191152,0.006000000253220127,17.607937840433497,0.02483048697740975,0.140625,1.0
3533,3.0,30,ICM,True,0.010264812128430657,0.10278396399917256,853,1.0,0.55,0.1661154880476531,0.725,0.2934028060911779,0.775,0.4206901241347027,0.12728731804352483,0.03154216766875014,0.007286002335378149,10.266839444359963,0.03031545433092586,0.19140625,1.0
4210,4.0,30,DCM,False,,0.14343743200151948,115,,,,,,,,,,,,,,1.0
4210,4.0,30,ICM-noSI,True,0.0054158940885172535,0.15043276800133754,673,1.0,0.425,0.19852050931605295,0.35,0.3548659412793642,0.3,0.5112113732426755,0.15634543196331124,0.036175077350269855,0.00600000000247183,27.71688823054518,0.03585650761201564,0.1796875,1.0
4210,4.0,30,ICM,True,0.0062522435520096144,0.1798449139987497,853,1.0,0.625,0.1964029760069441,0.85,0.33078835455516253,0.8,0.46517373310338106,0.13438537854821847,0.05601759745848065,0.006000000000244993,12.497090880118279,0.016499999958829226,0.171875,1.0
4227,4.0,30,DCM,False,,0.10128037899994524,115,,,,,,,,,,,,,,1.0
4227,4.0,30,ICM-noSI,True,0.005692225625904789,0.1253831439989881,673,1.0,0.225,0.12144703150259847,0.35,0.20704977069076422,0.35,0.29265250987893004,0.08560273918816577,0.029844292313102833,0.006000000001329879,23.535916083784063,0.03994693343224598,0.1171875,1.0
4227,4.0,30,ICM,True,0.013294260568570047,0.11494027200023993,853,1.0,0.425,0.1552279385872808,0.575,0.23927928040528118,0.55,0.32333062222328157,0.0840513418180004,0.057176596769141566,0.014000000000138804,11.341905045082871,0.04425573841097663,0.17578125,1.0
4244,4.0,30,DCM,False,,0.10680007999872032,115,,,,,,,,,,,,,,1.0
4244,4.0,30,ICM-noSI,True,0.002804190576392314,0.11150839900074061,673,1.0,0.35,0.17469035965875435,0.275,0.29554971157822685,0.2,0.41640906349769935,0.12085935191947253,0.04783100769093294,0.0060000000483488875,35.6655798208732,0.044360740608872073,0.15625,1.0
4244,4.0,30,ICM,True,0.020719507581642076,0.11971059999996214,853,1.0,0.5,0.19352549129176738,0.275,0.32348465776853985,0.225,0.4534438242453124,0.12995916647677247,0.05039156857443716,0.013174756240557754,25.210991138028778,0.055467494508039894,0.19140625,1.0
4261,4.0,30,DCM,False,,0.20430175200090162,115,,,,,,,,,,,,,,1.0
4261,4.0,30,ICM-noSI,True,0.006874381753792393,0.1765927759988699,673,1.0,0.35,0.13998265437390256,0.425,0.24048536384540284,0.35,0.340988073316903,0.10050270947150024,0.03347994489796272,0.006000000004439608,29.384792730835446,0.035181789759760274,0.140625,1.0
4261,4.0,30,ICM,False,,0.16831941099917458,853,,,,,,,,,,,,,,1.0
4278,4.0,30,DCM,False,,0.07368917600069835,115,,,,,,,,,,,,,,1.0
4278,4.0,30,ICM-noSI,True,0.0022755293941106557,0.08758844099975249,673,1.0,0.55,0.17601781848738568,0.65,0.31392347424351963,0.5,0.4518291299996534,0.13790565575613384,0.032112162731280626,0.005999999999971226,26.439480428706982,0.0627805113186587,0.15234375,1.0
4278,4.0,30,ICM,True,0.011353770966309705,0.15351010799895448,853,1.0,0.725,0.1643921611493828,0.825,0.27858483968440534,0.825,0.39277751821942786,0.11419267853502255,0.04419948260626615,0.006000000008094115,8.049234245707087,0.04366836808562602,0.14453125,1.0
4295,4.0,30,DCM,False,,0.07261912099966139,115,,,,,,,,,,,,,,1.0
4295,4.0,30,ICM-noSI,True,0.012746035596483867,0.1056974690000061,673,1.0,0.3,0.18665596562413592,0.2,0.31847630440344304,0.125,0.45029664318275026,0.13182033877930716,0.04714865427104918,0.007686972573779552,56.49082538659747,0.08921779940825061,0.20703125,1.0
4295,4.0,30,ICM,True,0.01697036832160941,0.1372413779990893,853,1.0,0.775,0.24408250187157376,0.9,0.3952532474106472,0.925,0.5464239929497207,0.15117074553907345,0.07891175629660126,0.014000000035899022,10.257000654297766,0.045674897598379394,0.2421875,1.0
4312,4.0,30,DCM,False,,0.07762231400010933,115,,,,,,,,,,,,,,1.0
4312,4.0,30,ICM-noSI,True,0.0021236330272861818,0.08119723399977374,673,1.0,0.7,0.1701348880571869,0.7,0.2797208947104915,0.675,0.3893069013637961,0.10958600665330458,0.05454888140427475,0.005999999999607575,20.139677321185232,0.02518174307829868,0.1796875,1.0
4312,4.0,30,ICM,True,0.010615797401490535,0.22644137099996442,853,1.0,0.75,0.21200513885921848,0.775,0.3399922435613857,0.775,0.4679793482635528,0.12798710470216718,0.07801803415520073,0.006000000001850571,14.374547668089551,0.025298083757490097,0.24609375,1.0
4329,4.0,30,DCM,False,,0.07371395799964375,115,,,,,,,,,,,,,,1.0
4329,4.0,30,ICM-noSI,True,0.011740693980088935,0.08048662499822967,673,1.0,0.45,0.15947117653691892,0.5,0.24309947163687431,0.575,0.3267277667368298,0.08362829509995542,0.06984288143469557,0.006000000002267926,18.39286636008679,0.04062320879794579,0.22265625,1.0
4329,4.0,30,ICM,True,0.01035027065658028,0.2117072470009589,853,1.0,0.75,0.19591985531751974,0.825,0.3164670478373345,0.825,0.4370142403571492,0.12054719251981474,0.06449378476385388,0.0108788780338511,10.01036027507558,0.02523278161202025,0.2265625,1.0
4346,4.0,30,DCM,False,,0.07866501200078346,115,,,,,,,,,,,,,,1.0
4346,4.0,30,ICM-noSI,True,0.0069643788885147065,0.08783664099973976,673,1.0,0.35,0.23435703848687944,0.375,0.4563233741794595,0.4,0.6782897098720395,0.22196633569258006,0.006390702794967088,0.0059999999993322626,48.697652829352364,0.04374467777217739,0.1328125,1.0
4346,4.0,30,ICM,True,0.009360846640468445,0.1397620250008913,853,1.0,0.6,0.2243371080868884,0.625,0.39610375469939885,0.6,0.5678704013119094,0.17176664661251045,0.0465704614745926,0.005999999999785362,38.37355637733029,0.05441344267052106,0.20703125,1.0
4363,4.0,30,DCM,False,,0.0713654499995755,115,,,,,,,,,,,,,,1.0
4363,4.0,30,ICM-noSI,True,0.00819494098486278,0.07840878299975884,673,1.0,0.35,0.1297399555553801,0.45,0.23172555526340627,0.475,0.3337111549714325,0.10198559970802619,0.021754355847536443,0.005999999999817467,50.96376582256607,0.03725815521219919,0.12109375,1.0
4363,4.0,30,ICM,True,0.011409843011100472,0.1334273709999252,853,1.0,0.45,0.1434020426889771,0.475,0.23831038055071083,0.525,0.33321871841244455,0.09490833786173375,0.04249370482747276,0.005999999999770574,12.338102893836536,0.031015490613991337,0.14453125,1.0
4380,4.0,30,DCM,False,,0.12603492500056745,115,,,,,,,,,,,,,,1.0
4380,4.0,30,ICM-noSI,True,0.004041564835524675,0.0823787169993011,673,1.0,0.475,0.13530823595989888,0.45,0.21989479275834825,0.4,0.30448134955679756,0.08458655679844933,0.04472167916121065,0.006000000000238934,19.47641370506397,0.02457315821621084,0.16015625,1.0
4380,4.0,30,ICM,True,0.0065715119487464385,0.1730462429986801,853,1.0,0.475,0.1476417657257127,0.525,0.235475056683608,0.425,0.32330834764150335,0.08783329095789534,0.053808474768265925,0.005999999999551401,15.015746500284603,0.02383047804731578,0.18359375,1.0
4397,4.0,30,DCM,False,,0.17078462800054695,115,,,,,,,,,,,,,,1.0
4397,4.0,30,ICM-noSI,True,0.0031476882238037477,0.08785734400044021,673,1.0,0.6,0.17247986841820345,0.675,0.2780771734799538,0.7,0.3836744785417042,0.1055973050617504,0.06088256335641314,0.006000000000039911,23.29340356323086,0.03749024920092392,0.21484375,1.0
4397,4.0,30,ICM,True,0.02128226511835883,0.10832079800093197,853,1.0,0.775,0.20911839438137392,0.775,0.3235181089152669,0.8,0.4379178234491599,0.114399714533893,0.08071867984709742,0.014000000000383539,18.197004998304823,0.03791992103806563,0.27734375,1.0
4414,4.0,30,DCM,False,,0.2028942899996764,115,,,,,,,,,,,,,,1.0
4414,4.0,30,ICM-noSI,True,0.012403265918627716,0.13235369900030491,673,1.0,0.25,0.169168030191978,0.275,0.30882047790609735,0.375,0.4484729256202167,0.1396524477141193,0.0235155824778726,0.005999999999986094,56.47344648997663,0.06753526831966583,0.17578125,1.0
4414,4.0,30,ICM,True,0.016016247830663428,0.10058041000047524,853,1.0,0.45,0.17806592851957564,0.425,0.2750275940687913,0.35,0.37198925961800683,0.09696166554921562,0.07510426296904171,0.006000000001318284,25.675669382325047,0.02867229006178329,0.234375,1.0
4431,4.0,30,DCM,False,,0.1473975730004895,115,,,,,,,,,,,,,,1.0
4431,4.0,30,ICM-noSI,True,0.002610113733881627,0.16731057099968893,673,1.0,0.175,0.16071839873482535,0.275,0.24721094019644058,0.275,0.33370348165805586,0.0864925414616153,0.06822585723128204,0.006000000041927998,68.02012765580436,0.07825702115326866,0.2109375,1.0
4431,4.0,30,ICM,False,,0.17140191800172033,853,,,,,,,,,,,,,,1.0
4448,4.0,30,DCM,False,,0.10148356300123851,115,,,,,,,,,,,,,,1.0
4448,4.0,30,ICM-noSI,True,0.007847627412958193,0.2214924809995864,673,1.0,0.55,0.2454693469304857,0.475,0.4312653008258505,0.425,0.6170612547212155,0.18579595389536488,0.0536733930249043,0.006000000010216536,57.46695837697287,0.07474634526271218,0.21875,1.0
4448,4.0,30,ICM,True,0.015108749312584544,0.14908288500009803,853,1.0,0.675,0.21921930300361545,0.625,0.3527911137549692,0.575,0.48636292450632296,0.13357181075135377,0.07767252886141689,0.00797496339084481,24.187724729366376,0.045782295107572146,0.21875,1.0
4465,4.0,30,DCM,False,,0.16557411000030697,115,,,,,,,,,,,,,,1.0
4465,4.0,30,ICM-noSI,True,0.003842059782852194,0.18387151199931395,673,1.0,0.55,0.19650134147251133,0.65,0.33948081145685627,0.65,0.48246028144120123,0.14297946998434496,0.047521871400112096,0.006000000088054288,34.77606488128155,0.02511028250676417,0.19140625,1.0
4465,4.0,30,ICM,False,,0.30739732300025935,853,,,,,,,,,,,,,,1.0
4482,4.0,30,DCM,False,,0.07165827599965269,115,,,,,,,,,,,,,,1.0
4482,4.0,30,ICM-noSI,True,0.019874482436326897,0.07323930200072937,673,1.0,0.45,0.18361252947343143,0.45,0.2893434544184346,0.375,0.3950743793634378,0.10573092494500318,0.07188160452498146,0.006000000003446762,42.79554681760834,0.043058588499514605,0.2421875,1.0
4482,4.0,30,ICM,True,0.01784035691396193,0.10444793100032257,853,1.0,0.675,0.19048118942587677,0.75,0.2863316554224109,0.75,0.38218212141894503,0.09585046599653413,0.08063072343016484,0.013999999999177818,20.17160491649699,0.027566254719898042,0.21875,1.0
4499,4.0,30,DCM,False,,0.0722131239999726,115,,,,,,,,,,,,,,1.0
4499,4.0,30,ICM-noSI,True,0.002136157007133593,0.07212600000093516,673,1.0,0.275,0.15890374837477567,0.3,0.2521442396355588,0.3,0.3453847308963419,0.09324049126078311,0.059663257112051934,0.006000000001940632,24.969522751109825,0.037172558354063356,0.234375,1.0
4499,4.0,30,ICM,True,0.008057304550099901,0.08599634500023967,853,1.0,0.575,0.185335536986725,0.7,0.31366596662628715,0.75,0.44199639626584925,0.12833042963956212,0.046691833847401096,0.010313273499761804,22.045206268481106,0.036947962253625954,0.2265625,1.0
4516,4.0,30,DCM,False,,0.10748137600057817,115,,,,,,,,,,,,,,1.0
4516,4.0,30,ICM-noSI,True,0.0131528888115872,0.07310587499887333,673,1.0,0.35,0.198647095311404,0.375,0.32507541973242254,0.35,0.4515037441534412,0.12642832442101856,0.06621877088856619,0.006000000001819246,37.75112457269139,0.0715534534370772,0.24609375,1.0
4516,4.0,30,ICM,True,0.01619322829013615,0.0881909990002896,853,1.0,0.775,0.23713809720624163,0.85,0.3919419205776118,0.875,0.5467457439489818,0.15480382337137016,0.07187864374758225,0.010455630087289232,18.072114376119856,0.04470747894924998,0.25390625,1.0
4533,4.0,30,DCM,False,,0.06614232800166064,115,,,,,,,,,,,,,,1.0
4533,4.0,30,ICM-noSI,True,0.0040693937208841685,0.08132364700031758,673,1.0,0.425,0.16258184060248157,0.325,0.2658369682056937,0.25,0.36909209580890584,0.10325512760321212,0.05332671299873844,0.006000000000531037,52.480533229079995,0.041427810918608116,0.17578125,1.0
4533,4.0,30,ICM,True,0.005478127883215837,0.08568944199942052,853,1.0,0.525,0.22038289323444832,0.55,0.37975483620854555,0.5,0.5391267791826428,0.15937194297409726,0.052308596881652146,0.008702353378698895,34.796878408480985,0.029274529726960513,0.18359375,1.0
5210,5.0,30,DCM,False,,0.081164446000912,115,,,,,,,,,,,,,,1.0
5210,5.0,30,ICM-noSI,True,0.08521243855450641,0.07459372099947359,673,1.0,0.225,0.21954220332947064,0.2,0.3682916905158363,0.125,0.517041177702202,0.1487494871863657,0.06479271613714964,0.006000000005955281,69.21932812903023,0.06973368725620878,0.3125,1.0
5210,5.0,30,ICM,False,,0.15122129200062773,853,,,,,,,,,,,,,,1.0
5227,5.0,30,DCM,False,,0.08116029699885985,115,,,,,,,,,,,,,,1.0
5227,5.0,30,ICM-noSI,True,0.0019009173371148935,0.07755683899995347,673,1.0,0.35,0.1347997819685137,0.275,0.17009470308979258,0.15,0.20538962421107154,0.035294921121278904,0.09350486084531515,0.006000000001919628,24.106692948272407,0.03399869179017534,0.203125,1.0
5227,5.0,30,ICM,True,0.026059200337687733,0.12845458400079224,853,1.0,0.525,0.2364127520283324,0.65,0.37076961675603953,0.675,0.5051264814837468,0.13435686472770716,0.09334044973236102,0.008715437568264189,14.409904459406608,0.03276271030876743,0.28515625,1.0
5244,5.0,30,DCM,False,,0.06797594299860066,115,,,,,,,,,,,,,,1.0
5244,5.0,30,ICM-noSI,True,0.015113527529918735,0.07531355300125142,673,1.0,0.3,0.19439739749647905,0.275,0.30660318937004744,0.25,0.4188089812436157,0.11220579187356838,0.07619160561005736,0.006000000012853321,73.62831264766776,0.047528841086616154,0.23046875,1.0
5244,5.0,30,ICM,True,0.014604927371424943,0.15118244299992512,853,1.0,0.575,0.28990648752726766,0.675,0.5062216013062528,0.725,0.722536715085238,0.21631511377898516,0.05260729225880469,0.020984081489477786,6.101020635620046,0.07030830804822885,0.21875,1.0
5261,5.0,30,DCM,False,,0.06557041599990043,115,,,,,,,,,,,,,,1.0
5261,5.0,30,ICM-noSI,True,0.01168125391883142,0.07167748700157972,673,1.0,0.65,0.21845041211000646,0.7,0.360186149905712,0.675,0.5019218877014175,0.14173573779570559,0.06298435821408922,0.013730316100211647,31.36903178418861,0.06726658005841424,0.27734375,1.0
5261,5.0,30,ICM,False,,0.1505100409995066,853,,,,,,,,,,,,,,1.0
5278,5.0,30,DCM,False,,0.06587621299877355,115,,,,,,,,,,,,,,1.0
5278,5.0,30,ICM-noSI,True,0.013132122712996583,0.1158506709998619,673,1.0,0.375,0.33353522597984975,0.375,0.6264602277424229,0.375,0.9193852295049961,0.2929250017625733,0.034610224217060705,0.006000000000215708,49.05993287604099,0.048414209616349235,0.15234375,1.0
5278,5.0,30,ICM,True,0.023062724478916014,0.08446808400003647,853,1.0,0.6,0.29342372395009897,0.7,0.5273097298892331,0.65,0.7611957358283675,0.23388600593913428,0.045537718029394304,0.013999999981570407,28.338679013596984,0.04027083654149666,0.16796875,1.0
5295,5.0,30,DCM,False,,0.06983671600028174,115,,,,,,,,,,,,,,1.0
5295,5.0,30,ICM-noSI,True,0.021761949787570376,0.0783375539995177,673,1.0,0.325,0.16742213821167898,0.275,0.27447475990856274,0.3,0.3815273816054465,0.10705262169688376,0.05436951647722131,0.006000000037573866,39.17803107431268,0.042163160625645624,0.18359375,1.0
5295,5.0,30,ICM,False,,0.1507745620001515,853,,,,,,,,,,,,,,1.0
5312,5.0,30,DCM,False,,0.07990079899900593,115,,,,,,,,,,,,,,1.0
5312,5.0,30,ICM-noSI,True,0.008245471806498662,0.07257118100096704,673,1.0,0.4,0.23946505944498053,0.5,0.4280433947778203,0.475,0.61662173011066,0.1885783353328397,0.04488672407923956,0.006000000032901241,34.800405705362685,0.05176453156826277,0.23046875,1.0
5312,5.0,30,ICM,True,0.016808971609447075,0.129447176001122,853,1.0,0.55,0.25380299218062713,0.575,0.42750982049737685,0.625,0.6012166488141265,0.1737068283167497,0.06275668601314881,0.017339477850728632,32.949309562439474,0.037940319898141284,0.28515625,1.0
5329,5.0,30,DCM,False,,0.07187663100012287,115,,,,,,,,,,,,,,1.0
5329,5.0,30,ICM-noSI,True,0.02723528696919709,0.08101036000152817,673,1.0,0.275,0.16882769487815583,0.375,0.24393417628262015,0.375,0.31904065768708445,0.07510648140446433,0.0877212134719237,0.006000000001767791,38.37640357552439,0.05116831872104177,0.22265625,1.0
5329,5.0,30,ICM,False,,0.2998206749998644,853,,,,,,,,,,,,,,1.0
5346,5.0,30,DCM,False,,0.11123393500020029,115,,,,,,,,,,,,,,1.0
5346,5.0,30,ICM-noSI,True,0.011844749853246383,0.07373914800155035,673,1.0,0.45,0.20044052292479336,0.575,0.33536712734727453,0.575,0.47029373176975575,0.13492660442248114,0.05951391849796497,0.0060000000043472414,32.33822642020104,0.03932152751841426,0.22265625,1.0
5346,5.0,30,ICM,True,0.019868250174222397,0.09769425599915849,853,1.0,0.725,0.24936221892258903,0.85,0.4194062902713087,0.85,0.5894503616200284,0.1700440713487197,0.07331814742961731,0.0060000001442519785,19.26269350361358,0.020641962921331664,0.265625,1.0
5363,5.0,30,DCM,False,,0.10531242900106008,115,,,,,,,,,,,,,,1.0
5363,5.0,30,ICM-noSI,True,0.02333558131753726,0.0809261440008413,673,1.0,0.25,0.20442424150854102,0.325,0.3481484447534227,0.275,0.4918726479983045,0.14372420324488172,0.05252655187015306,0.008173486393506223,39.15835631159993,0.15415252877445684,0.26171875,1.0
5363,5.0,30,ICM,False,,0.23371228299947688,853,,,,,,,,,,,,,,1.0
5380,5.0,30,DCM,False,,0.06523484199897212,115,,,,,,,,,,,,,,1.0
5380,5.0,30,ICM-noSI,True,0.02959032082949516,0.08053139500043471,673,1.0,0.425,0.22804239544415764,0.45,0.3716256261557842,0.55,0.5152088568674108,0.14358323071162654,0.07045916470895856,0.014000000023572531,25.339283638452457,0.08892958427542065,0.3203125,1.0
5380,5.0,30,ICM,False,,0.1528040390003298,853,,,,,,,,,,,,,,1.0
5397,5.0,30,DCM,False,,0.06755451599929074,115,,,,,,,,,,,,,,1.0
5397,5.0,30,ICM-noSI,True,0.018180194420976827,0.07535825400009344,673,1.0,0.325,0.16900588592724586,0.4,0.26304967200531076,0.375,0.3570934580833757,0.09404378607806493,0.06812402222655074,0.006838077622630168,30.19500047624301,0.07183578590154616,0.2265625,1.0
5397,5.0,30,ICM,False,,0.27683197899932566,853,,,,,,,,,,,,,,1.0
5414,5.0,30,DCM,False,,0.06525320799846668,115,,,,,,,,,,,,,,1.0
5414,5.0,30,ICM-noSI,True,0.06200683704469862,0.07978422899941506,673,1.0,0.4,0.21083103785541688,0.475,0.35275840080138154,0.45,0.4946857637473463,0.14192736294596467,0.05490367487693998,0.014000000032512231,25.26521609135543,0.05742774778876578,0.29296875,1.0
5414,5.0,30,ICM,False,,0.2053246270006639,853,,,,,,,,,,,,,,1.0
5431,5.0,30,DCM,False,,0.06830115800039493,115,,,,,,,,,,,,,,1.0
5431,5.0,30,ICM-noSI,True,0.007191143128932497,0.07356594300108554,673,1.0,0.325,0.1614346908927044,0.375,0.26446305853388147,0.25,0.3674914261750585,0.1030283676411771,0.05240632325157109,0.005999999999956226,39.616916364395564,0.05613528985695518,0.16796875,1.0
5431,5.0,30,ICM,True,0.017801159542556476,0.08601645800081315,853,1.0,0.675,0.21473599347061553,0.7,0.34922820592696713,0.725,0.4837204183833187,0.13449221245635157,0.07424378101254916,0.006000000001714809,22.8882671550984,0.0328068265083965,0.265625,1.0
5448,5.0,30,DCM,False,,0.11156073099846253,115,,,,,,,,,,,,,,1.0
5448,5.0,30,ICM-noSI,True,0.016027445553361726,0.07640496200110647,673,1.0,0.325,0.257995081974124,0.4,0.45859421828005864,0.425,0.6591933545859934,0.20059913630593465,0.049035812775868576,0.00836013289232079,49.01918055201562,0.07918399763380113,0.24609375,1.0
5448,5.0,30,ICM,False,,0.1787197110006673,853,,,,,,,,,,,,,,1.0
5465,5.0,30,DCM,False,,0.08779415100070764,115,,,,,,,,,,,,,,1.0
5465,5.0,30,ICM-noSI,True,0.011478850506448084,0.1382503769982577,673,1.0,0.5,0.20382258299932676,0.5,0.3227325946342325,0.425,0.4416426062691383,0.11891001163490574,0.07891257136220402,0.006000000002217029,43.3081322079039,0.061575302788087205,0.265625,1.0
5465,5.0,30,ICM,True,0.021628431032028037,0.09037873400120588,853,1.0,0.725,0.2506662784430252,0.85,0.4014046991072983,0.875,0.5521431197715714,0.15073842066427315,0.07792785782665071,0.021999999952101314,12.944254664616226,0.01649999789273994,0.2890625,1.0
5482,5.0,30,DCM,False,,0.06680635600059759,115,,,,,,,,,,,,,,1.0
5482,5.0,30,ICM-noSI,True,0.008782550525202817,0.08145234000039636,673,1.0,0.25,0.19148515717296177,0.35,0.3127017878158052,0.375,0.4339184184586486,0.12121663064284341,0.06426852652940437,0.006000000000713994,49.129914689976125,0.07855804541563416,0.25,1.0
5482,5.0,30,ICM,False,,0.15199219700116373,853,,,,,,,,,,,,,,1.0
5499,5.0,30,DCM,False,,0.06543489499927091,115,,,,,,,,,,,,,,1.0
5499,5.0,30,ICM-noSI,True,0.009531736521656502,0.08157785300136311,673,1.0,0.45,0.19248394663019677,0.525,0.31814855634955086,0.6,0.44381316606890503,0.1256646097193541,0.060819336910672005,0.0060000000001706605,35.1327297532937,0.035143686372587024,0.2109375,1.0
5499,5.0,30,ICM,True,0.01742030459812853,0.13368291900042095,853,1.0,0.675,0.24574437054456486,0.75,0.3990155199356191,0.7,0.5522866693266734,0.15327114939105427,0.08647322115266949,0.0060000000008411224,18.7139963704526,0.03672047241495302,0.23046875,1.0
5516,5.0,30,DCM,False,,0.07492016499963938,115,,,,,,,,,,,,,,1.0
5516,5.0,30,ICM-noSI,True,0.01095511995445061,0.07506366099914885,673,1.0,0.325,0.19003884704748125,0.3,0.33847514810563106,0.35,0.48691144916378093,0.14843630105814984,0.03560254598993545,0.005999999999395963,28.964595975234623,0.020554439924199253,0.13671875,1.0
5516,5.0,30,ICM,True,0.011028611715348165,0.09011384000041289,853,1.0,0.425,0.24552977477197166,0.65,0.43594804766827694,0.6,0.6263663205645823,0.19041827289630528,0.049111501875505136,0.00600000000016125,38.09917524553898,0.044635721871515655,0.1875,1.0
5533,5.0,30,DCM,False,,0.06607273800000257,115,,,,,,,,,,,,,,1.0
5533,5.0,30,ICM-noSI,True,0.002099476262594432,0.0767434030003642,673,1.0,0.725,0.2041496933036699,0.75,0.3112664925086127,0.7,0.41838329171355537,0.10711679920494277,0.09103289402964279,0.006000000069084337,36.832584538215414,0.04211508982260931,0.19921875,1.0
5533,5.0,30,ICM,True,0.011833203889862809,0.08590316099980555,853,1.0,0.85,0.24911276114738662,0.85,0.39442827969831906,0.85,0.5397437982492514,0.14531551855093244,0.09450277931720195,0.009294463279252239,27.524965970355243,0.03149999980614135,0.265625,1.0
1070,1.0,10,DCM,True,0.018528036670182255,0.027333385000019916,55,1.0,0.4,0.04800000000344653,0.125,0.04800000000344653,0.05,0.04800000000344653,0.0,0.0,0.04800000000344653,2.3954303943325637,0.02154450746094462,0.01953125,8.0
1070,1.0,10,ICM-noSI,True,0.01852803660138905,0.030581750001147157,253,1.0,0.425,0.048000000831461755,0.075,0.04800000139971459,0.05,0.04800000196796741,5.682528265241277e-10,2.1087935021520455e-10,0.04800000005232958,2.3905824042228883,0.02152623688771997,0.015625,8.0
1070,1.0,10,ICM,True,0.018528036666925166,0.04309774799912702,433,1.0,1.0,0.048000000406284986,1.0,0.04800000070329656,0.925,0.04800000100030812,2.970115658675335e-10,1.0885510260482701e-10,0.04800000000041832,0.4044266883151892,0.0033140019391988407,0.0234375,8.0
1087,1.0,10,DCM,True,0.022840208202424495,0.020508352001343155,55,1.0,0.725,0.04800000005059921,0.375,0.04800000005059921,0.175,0.04800000005059921,0.0,0.0,0.04800000005059921,1.1133434401234843,0.011048236444985982,0.01953125,8.0
1087,1.0,10,ICM-noSI,True,0.02284020821005491,0.0316256969999813,253,1.0,0.7,0.04800000032287875,0.425,0.04800000050907731,0.175,0.04800000069527587,1.8619855685295376e-10,1.1091441187442633e-10,0.04800000002576579,1.1985319631626261,0.012778321034937146,0.01953125,8.0
1087,1.0,10,ICM,True,0.022840208277134226,0.04196534800030349,433,1.0,1.0,0.04800000008145355,1.0,0.04800000013344555,1.0,0.04800000018543754,5.199199454453809e-11,3.1231396832633946e-11,0.04799999999823017,0.309803332853588,0.0020772521818906986,0.01953125,8.0
1104,1.0,10,DCM,True,0.024150946483274625,0.018556121998699382,55,1.0,0.475,0.04800000008826169,0.25,0.04800000008826169,0.1,0.04800000008826169,0.0,0.0,0.04800000008826169,2.2361927508946144,0.017345689906315423,0.02734375,8.0
1104,1.0,10,ICM-noSI,True,0.024150946525180975,0.03125351199923898,253,1.0,0.575,0.0480000002461081,0.3,0.04800000038365227,0.125,0.04800000052119644,1.3754417262659474e-10,8.281122797630644e-11,0.04800000002575269,1.4947456184344552,0.013468906798994859,0.0234375,8.0
1104,1.0,10,ICM,True,0.024150946562393902,0.041161558001476806,433,1.0,1.0,0.048000000042557056,1.0,0.04800000006898085,1.0,0.04800000009540463,2.6423784934326827e-11,1.5828749008257415e-11,0.04800000000030452,0.2213728923535219,0.0030061438940537366,0.01953125,8.0
1121,1.0,10,DCM,True,0.02069351225678718,0.019342997000421747,55,1.0,0.65,0.048000000015676766,0.375,0.048000000015676766,0.275,0.048000000015676766,0.0,0.0,0.048000000015676766,1.8288877741714666,0.01556637698816693,0.01953125,8.0
1121,1.0,10,ICM-noSI,True,0.020693512331369734,0.07091931399918394,253,1.0,0.6,0.04800000028371796,0.375,0.04800000043648355,0.275,0.04800000058924915,1.527655962917947e-10,1.049176484224446e-10,0.04800000002603472,1.8059207845475667,0.0156196690383347,0.01953125,8.0
1121,1.0,10,ICM,True,0.02069351238883104,0.04232036800021888,433,1.0,1.0,0.04800000002014028,1.0,0.04800000003232705,1.0,0.048000000044513824,1.2186773277843286e-11,8.493803407132594e-12,0.0479999999994597,0.24589739119745818,0.001489040466687408,0.01953125,8.0
1138,1.0,10,DCM,True,0.02297143062076157,0.01829827099936665,55,1.0,0.825,0.0480000000128568,0.45,0.0480000000128568,0.15,0.0480000000128568,0.0,0.0,0.0480000000128568,1.3810376401640667,0.010125746708581771,0.01953125,8.0
1138,1.0,10,ICM-noSI,True,0.022971430325811223,0.031118496000999585,253,1.0,0.825,0.048000001895405105,0.45,0.04800000303044016,0.175,0.048000004165475216,1.135035054884531e-09,5.7593637502597e-10,0.04800000018443367,1.5290187750559934,0.01041766632222478,0.015625,8.0
1138,1.0,10,ICM,True,0.022971430684542077,0.04110449200015864,433,1.0,1.0,0.048000000067868684,1.0,0.04800000011454397,1.0,0.04800000016121926,4.6675287415782865e-11,2.334274614217039e-11,0.047999999997850644,0.3484342937466287,0.002297769883215839,0.01953125,8.0
1155,1.0,10,DCM,True,0.022870888356611097,0.01889075600047363,55,1.0,0.225,0.0480000000063073,0.1,0.0480000000063073,0.1,0.0480000000063073,0.0,0.0,0.0480000000063073,3.370960917272627,0.04421398349513994,0.01953125,8.0
1155,1.0,10,ICM-noSI,True,0.02287088824050285,0.03604154399909021,253,1.0,0.225,0.04800000075135965,0.1,0.048000001187680885,0.1,0.04800000162400213,4.3632123410173533e-10,2.3854378466146526e-10,0.04800000007649464,3.3149150127105895,0.04447696783816224,0.015625,8.0
1155,1.0,10,ICM,True,0.02287088835838421,0.04130363100011891,433,1.0,1.0,0.04800000004715923,1.0,0.04800000007850388,0.95,0.04800000010984854,3.13446535359161e-11,1.6815023616660393e-11,0.04799999999899955,0.29117950471644205,0.004245757178303444,0.01953125,8.0
1172,1.0,10,DCM,True,0.02666666578768229,0.01791010300075868,55,1.0,0.725,0.04800000012230012,0.4,0.04800000012230012,0.275,0.04800000012230012,0.0,0.0,0.04800000012230012,1.6060333678620426,0.017922811404631922,0.0234375,8.0
1172,1.0,10,ICM-noSI,True,0.02666666627863237,0.03822004600078799,253,1.0,0.725,0.04800000123106045,0.4,0.048000001986501076,0.275,0.0480000027419417,7.554406236250674e-10,3.9108941836744133e-10,0.048000000084530405,1.6193090527682634,0.018336997183798553,0.01953125,8.0
1172,1.0,10,ICM,True,0.02666666665241506,0.07828362799955357,433,1.0,1.0,0.04800000004017813,1.0,0.04800000006736121,1.0,0.04800000009454428,2.7183077061465257e-11,1.3907363722590405e-11,0.04799999999908769,0.2631584665386424,0.002902240521090893,0.01953125,8.0
1189,1.0,10,DCM,True,0.022645897343899404,0.02066241499960597,55,1.0,0.175,0.04800000006374036,0.05,0.04800000006374036,0.025,0.04800000006374036,0.0,0.0,0.04800000006374036,5.13677910173118,0.03272063398091796,0.03125,8.0
1189,1.0,10,ICM-noSI,True,0.022645897289359035,0.029843057000107365,253,1.0,0.25,0.04800000082083747,0.1,0.048000001427446544,0.025,0.04800000203405562,6.066090783845924e-10,1.7996128451867979e-10,0.048000000034267104,4.612215995314655,0.02958904932904438,0.01953125,8.0
1189,1.0,10,ICM,True,0.022645897360965155,0.0406931870002154,433,1.0,1.0,0.04800000006424878,1.0,0.04800000011521497,0.9,0.04800000016618115,5.096618444273407e-11,1.45132493151558e-11,0.047999999998769353,0.29411399127448706,0.002260100714496338,0.01953125,8.0
1206,1.0,10,DCM,True,0.020164504562735625,0.018520263000027626,55,1.0,0.575,0.048000000022204906,0.275,0.048000000022204906,0.225,0.048000000022204906,0.0,0.0,0.048000000022204906,2.3579540772486243,0.014696331603251678,0.01953125,8.0
1206,1.0,10,ICM-noSI,True,0.020164504461690182,0.03713084000082745,253,1.0,0.675,0.04800000101352925,0.4,0.04800000160689381,0.275,0.048000002200258365,5.933645625957549e-10,3.2350779065883517e-10,0.04800000009665689,2.239396382100048,0.013558525000590627,0.01953125,8.0
1206,1.0,10,ICM,True,0.020164504708476215,0.04135310300080164,433,1.0,1.0,0.048000000018463704,1.0,0.04800000003070861,1.0,0.048000000042953524,1.22449055472104e-11,6.630685974916606e-12,0.04799999999958812,0.38504077052028385,0.0017289282711875353,0.01953125,8.0
1223,1.0,10,DCM,True,0.026666666086580477,0.01852282800064131,55,1.0,0.45,0.048000000017411455,0.25,0.048000000017411455,0.175,0.048000000017411455,0.0,0.0,0.048000000017411455,4.030494467600516,0.0219900232636705,0.01953125,8.0
1223,1.0,10,ICM-noSI,True,0.026666666657045018,0.030844638000417035,253,1.0,0.475,0.048000000047874525,0.25,0.04800000008142141,0.175,0.048000000114968314,3.3546894822434444e-11,1.1992686990965392e-11,0.04800000000233494,4.020210548276887,0.021922058248279974,0.01953125,8.0
1223,1.0,10,ICM,True,0.026666666623241502,0.04343471500033047,433,1.0,1.0,0.048000000155846455,0.825,0.0480000002723925,0.675,0.048000000388938535,1.1654604101679206e-10,4.278079996630465e-11,0.047999999996519604,0.439054549747828,0.004911857129922037,0.01953125,8.0
1240,1.0,10,DCM,True,0.022761395161636565,0.017701749999105232,55,1.0,0.65,0.04800000002832416,0.3,0.04800000002832416,0.2,0.04800000002832416,0.0,0.0,0.04800000002832416,1.720922519699776,0.01741511234539901,0.01953125,8.0
1240,1.0,10,ICM-noSI,True,0.022761395115058806,0.03142982899953495,253,1.0,0.65,0.048000000637621484,0.3,0.0480000010187513,0.2,0.04800000139988112,3.811298139786925e-10,2.162165894451243e-10,0.04800000004027509,1.7263761520995713,0.017559141214859474,0.01953125,8.0
1240,1.0,10,ICM,True,0.022761395334889512,0.04546585499883804,433,1.0,1.0,0.04800000002224388,0.95,0.048000000036933554,0.75,0.04800000005162323,1.4689671023366757e-11,8.277763948454044e-12,0.04799999999927645,0.4494364591582289,0.007183684440355886,0.01953125,8.0
1257,1.0,10,DCM,True,0.025742210357366117,0.018392345000393107,55,1.0,0.85,0.04800000001745113,0.4,0.04800000001745113,0.25,0.04800000001745113,0.0,0.0,0.04800000001745113,0.9852030239451959,0.008814674267955902,0.01953125,8.0
1257,1.0,10,ICM-noSI,True,0.025742210112716345,0.03019056300036027,253,1.0,0.825,0.048000001369136513,0.525,0.04800000212852455,0.275,0.04800000288791258,7.593880275029222e-10,5.027148955651282e-10,0.04800000010703359,0.9934032018777966,0.009045110908621146,0.01953125,8.0
1257,1.0,10,ICM,True,0.025742210478364176,0.04154621099951328,433,1.0,1.0,0.04800000002996022,0.975,0.048000000048610006,0.85,0.04800000006725978,1.864977974900558e-11,1.2335912453415867e-11,0.04799999999897453,0.3409190935322582,0.0056386558893128935,0.01953125,8.0
1274,1.0,10,DCM,True,0.026666666508780575,0.06457650499942247,55,1.0,0.825,0.048000000042874774,0.725,0.048000000042874774,0.45,0.048000000042874774,0.0,0.0,0.048000000042874774,1.5965575523840423,0.008963503709902515,0.01953125,8.0
1274,1.0,10,ICM-noSI,True,0.026666666621269017,0.03181480599960196,253,1.0,0.8,0.04800000013777927,0.7,0.04800000020983849,0.425,0.048000000281897715,7.205922287065448e-11,5.247602540991978e-11,0.04800000001324402,1.5160816708123062,0.008532029794598233,0.01953125,8.0
1274,1.0,10,ICM,True,0.026666666641183896,0.04541369100115844,433,1.0,1.0,0.04800000006429284,1.0,0.048000000102730964,1.0,0.04800000014116908,3.843811303875282e-11,2.796234605106639e-11,0.04799999999789238,0.4100424892045866,0.002145052039076112,0.01953125,8.0
1291,1.0,10,DCM,True,0.020934472707327526,0.0176218249998783,55,1.0,0.8,0.04800000019653775,0.625,0.04800000019653775,0.35,0.04800000019653775,0.0,0.0,0.04800000019653775,1.1534529162205498,0.008270331291639788,0.01953125,8.0
1291,1.0,10,ICM-noSI,True,0.020934473814080135,0.030068481999478536,253,1.0,0.8,0.04800000021567555,0.65,0.048000000346008674,0.3,0.048000000476341814,1.3033313461970864e-10,6.3420997793634e-11,0.04800000002192141,1.2524273523653937,0.008737426763234567,0.01953125,8.0
1291,1.0,10,ICM,True,0.020934473771499377,0.041998985998361604,433,1.0,1.0,0.04800000020325266,0.925,0.048000000345242565,0.875,0.04800000048723248,1.4198990903405436e-10,6.897652343830524e-11,0.04799999999228623,0.48791921188796256,0.0044788141739044995,0.01953125,8.0
1308,1.0,10,DCM,True,0.016140160455389928,0.018434408000757685,55,1.0,0.9,0.048000000007213876,0.6,0.048000000007213876,0.25,0.048000000007213876,0.0,0.0,0.048000000007213876,1.1554321342750913,0.01066001281211304,0.01953125,8.0
1308,1.0,10,ICM-noSI,True,0.01614016045059177,0.030403402999581886,253,1.0,0.975,0.048000000151857236,0.725,0.048000000248045696,0.275,0.04800000034423414,9.618845441859704e-11,4.295356124246837e-11,0.04800000001271522,0.9452197090451802,0.008443296490984936,0.01953125,8.0
1308,1.0,10,ICM,True,0.016140160478827336,0.04196665900053631,433,1.0,1.0,0.04800000001907777,1.0,0.04800000003245473,0.95,0.04800000004583168,1.3376952892685467e-11,6.025924189621048e-12,0.0479999999996749,0.3295423656571885,0.0037036591915022843,0.01953125,8.0
1325,1.0,10,DCM,True,0.026666666568909567,0.019407996000154526,55,1.0,0.525,0.04800000001365838,0.225,0.04800000001365838,0.075,0.04800000001365838,0.0,0.0,0.04800000001365838,1.911123738990895,0.03012950207353815,0.01953125,8.0
1325,1.0,10,ICM-noSI,True,0.026666666654108044,0.03130283300015435,253,1.0,0.5,0.04800000004015392,0.175,0.04800000006340274,0.075,0.04800000008665155,2.3248811499071305e-11,1.2771572754143871e-11,0.04800000000413354,1.9776463093503431,0.03158449134771801,0.01953125,8.0
1325,1.0,10,ICM,True,0.026666666634211626,0.040339801998925395,433,1.0,1.0,0.048000000104630965,1.0,0.04800000017392291,0.875,0.04800000024321488,6.929195638077492e-11,3.7733101502556666e-11,0.04799999999760591,0.27763370497044143,0.0040368850584094895,0.01953125,8.0
1342,1.0,10,DCM,True,0.018456741344398706,0.01938267199875554,55,1.0,0.75,0.04800000003429064,0.425,0.04800000003429064,0.15,0.04800000003429064,0.0,0.0,0.04800000003429064,1.390860110980451,0.01165672107510854,0.0234375,8.0
1342,1.0,10,ICM-noSI,True,0.018456741374457727,0.03136957000060647,253,1.0,0.775,0.0480000000849513,0.425,0.04800000014042521,0.225,0.048000000195899103,5.547389955098445e-11,2.3032242097636456e-11,0.048000000006445165,1.2561045648361964,0.012002276530675825,0.01953125,8.0
1342,1.0,10,ICM,True,0.018456741368221525,0.0438678919999802,433,1.0,0.925,0.048000000035282264,0.9,0.048000000060675195,0.75,0.04800000008606813,2.5392934253723523e-11,1.0279507440077709e-11,0.04799999999960983,0.7238379987139307,0.004833905012505357,0.0234375,8.0
1359,1.0,10,DCM,True,0.02666666664573946,0.017477223998866975,55,1.0,0.575,0.04800000002851926,0.25,0.04800000002851926,0.175,0.04800000002851926,0.0,0.0,0.04800000002851926,2.1273378543144728,0.024352673011079365,0.01953125,8.0
1359,1.0,10,ICM-noSI,True,0.026666666644896034,0.029727428000114742,253,1.0,0.55,0.04800000007966014,0.25,0.048000000123190376,0.15,0.04800000016672061,4.353023141158051e-11,2.6901000784783862e-11,0.048000000009228924,2.2231021169344016,0.02618219370070929,0.01953125,8.0
1359,1.0,10,ICM,True,0.026666666661429802,0.04146792500068841,433,1.0,1.0,0.04800000002040121,0.875,0.048000000033134274,0.8,0.048000000045867325,1.2733052758190278e-11,7.95414436017182e-12,0.04799999999971402,0.3559800260494624,0.007401688801780604,0.01953125,8.0
1376,1.0,10,DCM,True,0.019740020519535526,0.017552043000250706,55,1.0,0.325,0.04800000000024199,0.225,0.04800000000024199,0.15,0.04800000000024199,0.0,0.0,0.04800000000024199,3.171691779692957,0.016012007508259152,0.03125,8.0
1376,1.0,10,ICM-noSI,True,0.019740020535310605,0.030775793999055168,253,1.0,0.375,0.04800000013094098,0.225,0.048000000222662285,0.125,0.0480000003143836,9.17213082727613e-11,3.092778500440342e-11,0.04800000000829189,2.9674177535298485,0.016005410329581915,0.02734375,8.0
1376,1.0,10,ICM,True,0.019740020547288236,0.04282444599994051,433,1.0,0.85,0.04800000010792535,0.65,0.04800000019190204,0.325,0.04800000027587872,8.397668319146187e-11,2.6138458887285515e-11,0.04799999999781021,0.6960754088495907,0.00603415159214582,0.0234375,8.0
1393,1.0,10,DCM,True,0.026535267130960227,0.01858681999874534,55,1.0,0.575,0.04800000006398818,0.4,0.04800000006398818,0.225,0.04800000006398818,0.0,0.0,0.04800000006398818,1.7160390769926008,0.031240096318832095,0.01953125,8.0
1393,1.0,10,ICM-noSI,True,0.026535268546737635,0.03353998799866531,253,1.0,0.575,0.04800000005241224,0.375,0.04800000008251062,0.2,0.048000000112608986,3.009837245154083e-11,1.7017438897715167e-11,0.04800000000529643,1.72016120220631,0.031329980528016166,0.01953125,8.0
1393,1.0,10,ICM,True,0.026535268556965193,0.042952969000907615,433,1.0,1.0,0.0480000000194179,1.0,0.04800000003193313,0.975,0.04800000004444836,1.2515230460417318e-11,7.066202070447661e-12,0.047999999999836465,0.22067415651361455,0.0029091240101765115,0.01953125,8.0
2070,2.0,10,DCM,True,0.02666666466947271,0.030278646998340264,55,1.0,0.125,0.04800000079980707,0.05,0.04800000079980707,0.05,0.04800000079980707,0.0,0.0,0.04800000079980707,3.667611125207919,0.037565910040423756,0.0234375,8.0
2070,2.0,10,ICM-noSI,True,0.026666666654911835,0.03135397500045656,253,1.0,0.125,0.048000000043079985,0.05,0.04800000006990629,0.05,0.04800000009673261,2.682631391849048e-11,1.4118390195618757e-11,0.04800000000213528,3.66155406719883,0.037474657995564375,0.02734375,8.0
2070,2.0,10,ICM,True,0.026666666371292568,0.05630348700105969,433,1.0,0.35,0.04800000086932764,0.225,0.04800000145068583,0.175,0.04800000203204402,5.813581933020126e-10,3.040922384941774e-10,0.0479999999838772,1.4767738070483816,0.01403739160124573,0.01953125,8.0
2087,2.0,10,DCM,True,0.018364917010189167,0.017506526000943268,55,1.0,0.225,0.04800000002218723,0.125,0.04800000002218723,0.05,0.04800000002218723,0.0,0.0,0.04800000002218723,2.295636426751124,0.01538449624267997,0.01953125,8.0
2087,2.0,10,ICM-noSI,True,0.01836491692173634,0.03197369699955743,253,1.0,0.2,0.04800000057859757,0.05,0.0480000009192455,0.05,0.04800000125989344,3.4064793412891095e-10,1.7696448536114307e-10,0.04800000006098515,2.501543459302545,0.016709431983115725,0.01953125,8.0
2087,2.0,10,ICM,True,0.018364916971765972,0.04141811800036521,433,1.0,0.5,0.04800000028710051,0.375,0.04800000048074957,0.25,0.048000000674398635,1.9364905653632793e-10,9.69135241816581e-11,0.04799999999653794,0.734374479168411,0.01071428548970399,0.01953125,8.0
2104,2.0,10,DCM,True,0.024363350245007104,0.018917831001090235,55,1.0,0.15,0.04800000133572438,0.1,0.04800000133572438,0.05,0.04800000133572438,0.0,0.0,0.04800000133572438,2.5421224558491597,0.022236178720957234,0.0234375,8.0
2104,2.0,10,ICM-noSI,True,0.02436335031889252,0.030782392001128756,253,1.0,0.175,0.04800000003431,0.1,0.048000000052224205,0.025,0.0480000000701384,1.7914201270688065e-11,1.1528271569207302e-11,0.048000000004867524,2.3379308773011838,0.021705974171578934,0.0234375,8.0
2104,2.0,10,ICM,True,0.024363350318874166,0.041477201999441604,433,1.0,0.3,0.048000000021759,0.325,0.048000000035528595,0.25,0.0480000000492982,1.3769595903214832e-11,8.615063904337736e-12,0.047999999999374335,0.691554320341227,0.005206222939211469,0.0234375,8.0
2121,2.0,10,DCM,True,0.01454059119470829,0.018623169000420603,55,1.0,0.175,0.048000000149011776,0.05,0.048000000149011776,0.025,0.048000000149011776,0.0,0.0,0.048000000149011776,2.933947483709149,0.029374999946045866,0.01953125,8.0
2121,2.0,10,ICM-noSI,True,0.014540591540876413,0.032423316000858904,253,1.0,0.2,0.048000000048145586,0.05,0.04800000007806966,0.025,0.04800000010799375,2.9924082702340055e-11,1.534841255467529e-11,0.048000000002873085,2.723970045218285,0.027693374259456505,0.01953125,8.0
2121,2.0,10,ICM,True,0.014540591436920434,0.04543016199932026,433,1.0,0.45,0.04932751046845821,0.375,0.05065502053451432,0.3,0.05198253060057044,0.0013275100660561196,3.002048345900943e-10,0.04800000010219725,0.8788468102441682,0.00925671510888737,0.01953125,8.0
2138,2.0,10,DCM,True,0.02666666635262896,0.0178141800006415,55,1.0,0.075,0.04800000013868693,0.025,0.04800000013868693,0.025,0.04800000013868693,0.0,0.0,0.04800000013868693,5.366382521006059,0.05385712200376693,0.0234375,8.0
2138,2.0,10,ICM-noSI,True,0.026666666652725123,0.030794774000241887,253,1.0,0.075,0.04800000003810856,0.025,0.04800000005799036,0.025,0.048000000077872154,1.988179589090223e-11,1.289768646904591e-11,0.04800000000532907,5.403366399853899,0.054005394911292595,0.0234375,8.0
2138,2.0,10,ICM,True,0.026666666228333413,0.08038022999971872,433,1.0,0.425,0.04800000088703951,0.325,0.048000001428040326,0.2,0.04800000196904113,5.410008132197229e-10,3.4708289003617313e-10,0.0479999999989558,0.9674178399252625,0.010389850920767052,0.02734375,8.0
2155,2.0,10,DCM,True,0.025588765938983668,0.017948761998923146,55,1.0,0.1,0.048000000335283635,0.05,0.048000000335283635,0.05,0.048000000335283635,0.0,0.0,0.048000000335283635,5.323064653938408,0.05591862587723828,0.0234375,8.0
2155,2.0,10,ICM-noSI,True,0.025588765989374915,0.0325442089997523,253,1.0,0.15,0.04800000090499521,0.075,0.04800000138590629,0.075,0.048000001866817354,4.809110699628957e-10,3.106594653231283e-10,0.04800000011342468,5.242708814606495,0.05590028228662006,0.01953125,8.0
2155,2.0,10,ICM,True,0.025588766175452998,0.04295357400042121,433,1.0,0.55,0.04800000002319802,0.475,0.04800000003739936,0.3,0.0480000000516007,1.4201341448138043e-11,9.315669223197457e-12,0.047999999999681006,0.5995496531253536,0.005649745093252903,0.01953125,8.0
2172,2.0,10,DCM,True,0.02666666622914684,0.024589941000158433,55,1.0,0.15,0.04800000006517387,0.075,0.04800000006517387,0.1,0.04800000006517387,0.0,0.0,0.04800000006517387,3.9244400786055476,0.04912537360092881,0.01953125,8.0
2172,2.0,10,ICM-noSI,True,0.026666666647383146,0.03003589199943235,253,1.0,0.15,0.048000000063521106,0.1,0.04800000009575819,0.1,0.04800000012799528,3.2237090225601916e-11,2.7021547586122115e-11,0.048000000004262466,3.8826522888488832,0.049294260004633536,0.01953125,8.0
2172,2.0,10,ICM,True,0.026666666648340068,0.04420771200057061,433,1.0,0.475,0.04800000004112648,0.525,0.0480000000648176,0.475,0.04800000008850872,2.3691121131418163e-11,1.890751664985561e-11,0.04799999999852784,0.8777731117537831,0.0060553624053253235,0.01953125,8.0
2189,2.0,10,DCM,True,0.018931831345464063,0.018240053001136403,55,1.0,0.15,0.04800000001459581,0.075,0.04800000001459581,0.025,0.04800000001459581,0.0,0.0,0.04800000001459581,3.4134071452675236,0.03372249886075207,0.01953125,8.0
2189,2.0,10,ICM-noSI,True,0.01893183102492189,0.031601755999872694,253,1.0,0.15,0.04800000103039278,0.075,0.04800000168040071,0.05,0.04800000233040864,6.500079274885636e-10,3.282500168084058e-10,0.04800000005213483,3.826283597645764,0.036558919519842914,0.015625,8.0
2189,2.0,10,ICM,True,0.018931831302434997,0.08373275000121794,433,1.0,0.525,0.0485962122614593,0.5,0.04859621244444222,0.475,0.048596212627425146,1.829829234776932e-10,1.2704482790152077e-10,0.04859621195143155,0.732992476234229,0.002902394258706434,0.0234375,8.0
2206,2.0,10,DCM,True,0.020306178244920405,0.018844049000108498,55,1.0,0.175,0.04800000053535572,0.175,0.04800000053535572,0.1,0.04800000053535572,0.0,0.0,0.04800000053535572,2.6371594196013097,0.017747232705522475,0.01953125,8.0
2206,2.0,10,ICM-noSI,True,0.020306178897939835,0.03209622300164483,253,1.0,0.2,0.04800000007864996,0.1,0.04800000012192849,0.05,0.04800000016520702,4.3278532517605396e-11,3.1131975431102905e-11,0.04800000000423945,2.6426323876522897,0.017447062563365173,0.01953125,8.0
2206,2.0,10,ICM,True,0.02030617855633622,0.04324647799876402,433,1.0,0.375,0.04837312917493556,0.225,0.048373130282842194,0.2,0.048373131390748836,1.1079066359889603e-09,7.440208576596041e-10,0.04837312732300807,1.2255293170143706,0.020360361191539056,0.015625,8.0
2223,2.0,10,DCM,True,0.02666666634887947,0.017587557000297238,55,1.0,0.25,0.04800000009600147,0.15,0.04800000009600147,0.075,0.04800000009600147,0.0,0.0,0.04800000009600147,3.121291405801079,0.031399157239264286,0.0234375,8.0
2223,2.0,10,ICM-noSI,True,0.026666666663212744,0.03053105599974515,253,1.0,0.275,0.048000000022140686,0.125,0.048000000034630216,0.075,0.048000000047119754,1.2489530482672032e-11,6.762448291466906e-12,0.04800000000288871,3.077250790762213,0.031242629242189415,0.02734375,8.0
2223,2.0,10,ICM,True,0.02666666658129436,0.08273268300035852,433,1.0,0.6,0.04800000025069615,0.575,0.04800000041793926,0.55,0.048000000585182355,1.672431060007583e-10,8.868862405645969e-11,0.04799999999476442,0.49740015716258035,0.0025304050428723024,0.01953125,8.0
2240,2.0,10,DCM,True,0.01836449308299944,0.017642070999499992,55,1.0,0.175,0.0480000004382318,0.05,0.0480000004382318,0.0,0.0480000004382318,0.0,0.0,0.0480000004382318,2.3915653819955613,0.013080320708287699,0.01953125,8.0
2240,2.0,10,ICM-noSI,True,0.01836449337026499,0.03392206500029715,253,1.0,0.175,0.04800000003610212,0.05,0.04800000005858546,0.0,0.048000000081068805,2.2483344350530752e-11,9.973044707727199e-12,0.048000000003645724,2.388437248963292,0.012872251455497336,0.01953125,8.0
2240,2.0,10,ICM,True,0.018364493301306455,0.0442657550011063,433,1.0,0.45,0.0489696807468448,0.325,0.048969681052098216,0.25,0.048969681357351615,3.052534073289746e-10,1.732368351554759e-10,0.04896968026835456,1.0900123139078401,0.012438848249382461,0.015625,8.0
2257,2.0,10,DCM,True,0.021196502160715277,0.018636019000041415,55,1.0,0.025,0.04800000001197764,0.025,0.04800000001197764,0.025,0.04800000001197764,0.0,0.0,0.04800000001197764,7.976841125101013,0.06424605449615567,0.01953125,8.0
2257,2.0,10,ICM-noSI,True,0.02119650219062093,0.03180793499996071,253,1.0,0.025,0.0480000000956823,0.025,0.04800000015287944,0.025,0.048000000210076575,5.7197134533978916e-11,3.3535682391956434e-11,0.048000000004949486,8.043361341054824,0.06518731708036452,0.01953125,8.0
2257,2.0,10,ICM,True,0.021196502199205932,0.04095590600081778,433,1.0,0.4,0.04800000004503911,0.425,0.04800000007448731,0.25,0.0480000001039355,2.9448194484817036e-11,1.7256069368653302e-11,0.04799999999833485,0.6141602658532322,0.0072948971763300285,0.01953125,8.0
2274,2.0,10,DCM,True,0.014029027174492417,0.018184886999733862,55,1.0,0.05,0.04800000023314742,0.075,0.04800000023314742,0.075,0.04800000023314742,0.0,0.0,0.04800000023314742,5.968843583342464,0.04480143050664176,0.0234375,8.0
2274,2.0,10,ICM-noSI,True,0.01402902730213008,0.03191802299988922,253,1.0,0.075,0.048000000376634856,0.1,0.048000000641032714,0.075,0.04800000090543057,2.643978565991509e-10,7.582809292193694e-11,0.048000000036408905,5.726991670766505,0.042230019248447936,0.0234375,8.0
2274,2.0,10,ICM,True,0.01402902731857567,0.041665964001367684,433,1.0,0.55,0.048000000119908716,0.45,0.04800000021451008,0.375,0.04800000030911143,9.460136042420432e-11,2.7405738235261208e-11,0.04799999999790161,0.7809851588579156,0.007289983231801772,0.01953125,8.0
2291,2.0,10,DCM,True,0.026666666335248543,0.018673606000447762,55,1.0,0.325,0.048000000170624155,0.225,0.048000000170624155,0.2,0.048000000170624155,0.0,0.0,0.048000000170624155,2.085484253420717,0.02318289492763871,0.0234375,8.0
2291,2.0,10,ICM-noSI,True,0.026666666085998353,0.032030592001319746,253,1.0,0.3,0.04800000162784259,0.225,0.04800000239393733,0.175,0.048000003160032056,7.660947331499355e-10,6.30724515412335e-10,0.04800000023102334,2.1571536662001876,0.023996731777140484,0.01953125,8.0
2291,2.0,10,ICM,True,0.026666666647656215,0.04933802499908779,433,1.0,0.425,0.04800000003984441,0.325,0.0480000000622132,0.275,0.04800000008458201,2.2368801683356692e-11,1.89205354176083e-11,0.04799999999855507,0.9508184580967204,0.014857537233430529,0.0234375,8.0
2308,2.0,10,DCM,True,0.02666666663227426,0.018655414000022574,55,1.0,0.1,0.04800000002718148,0.125,0.04800000002718148,0.1,0.04800000002718148,0.0,0.0,0.04800000002718148,5.200231379051167,0.050068315553082436,0.0234375,8.0
2308,2.0,10,ICM-noSI,True,0.02666666662087845,0.03167520399983914,253,1.0,0.1,0.04800000018515468,0.125,0.04800000027935776,0.1,0.04800000037356085,9.420308214310239e-11,6.596642060240239e-11,0.048000000024985175,5.363653064027068,0.05220730717855269,0.0234375,8.0
2308,2.0,10,ICM,True,0.02666666650726126,0.0413806590004242,433,1.0,0.25,0.048000000397262724,0.225,0.04800000064024333,0.175,0.048000000883223946,2.429806092885687e-10,1.6245119501849265e-10,0.04799999999183092,1.2775878687037432,0.007662928913520051,0.015625,8.0
2325,2.0,10,DCM,True,0.026666666490250554,0.018501787999412045,55,1.0,0.05,0.04800000006916919,0.025,0.04800000006916919,0.025,0.04800000006916919,0.0,0.0,0.04800000006916919,7.1533975172050015,0.07351700408894381,0.01953125,8.0
2325,2.0,10,ICM-noSI,True,0.026666666524055794,0.030630055000074208,253,1.0,0.05,0.04800000128319584,0.025,0.048000002224998596,0.025,0.04800000316680136,9.418027571560057e-10,2.965327452717721e-10,0.04800000004486034,7.160726298878675,0.07367133829084585,0.01953125,8.0
2325,2.0,10,ICM,True,0.02666666661110616,0.043541498000195133,433,1.0,0.225,0.048000000213536675,0.175,0.04800000037643703,0.1,0.048000000539337395,1.6290035936666674e-10,5.56085371423688e-11,0.04799999999502778,1.5296534927765366,0.013820974865148328,0.01953125,8.0
2342,2.0,10,DCM,True,0.02390844974124376,0.018579749999844353,55,1.0,0.15,0.048000000526843965,0.05,0.048000000526843965,0.025,0.048000000526843965,0.0,0.0,0.048000000526843965,5.106601940265506,0.036989192494707016,0.03515625,8.0
2342,2.0,10,ICM-noSI,True,0.023908450000793332,0.031159776001004502,253,1.0,0.175,0.04800000067482888,0.025,0.0480000011175433,0.025,0.04800000156025773,4.427144272077829e-10,1.582614785832905e-10,0.048000000073852966,4.760257896357704,0.033685139062725925,0.03125,8.0
2342,2.0,10,ICM,True,0.023908449853935688,0.04221001800033264,433,1.0,0.35,0.048000001089294156,0.2,0.048000001913550895,0.125,0.04800000273780763,8.242567356661256e-10,2.8604585459043124e-10,0.04799999997899157,1.0109811734277647,0.01259961770763851,0.015625,8.0
2359,2.0,10,DCM,True,0.026666666496623477,0.018453278000379214,55,1.0,0.075,0.048000000159471166,0.025,0.048000000159471166,0.0,0.048000000159471166,0.0,0.0,0.048000000159471166,7.816861618584802,0.10955521992659238,0.01953125,8.0
2359,2.0,10,ICM-noSI,True,0.026666666613364823,0.0326038109997171,253,1.0,0.125,0.0480000001888054,0.025,0.048000000292804976,0.0,0.04800000039680456,1.0399957752538791e-10,6.625971104363186e-11,0.04800000001854612,7.662392914070072,0.1073205283510862,0.01953125,8.0
2359,2.0,10,ICM,True,0.026666666442537932,0.045635119000507984,433,1.0,0.375,0.048000000719712305,0.275,0.04800000117536954,0.15,0.048000001631026766,4.5565722883703154e-10,2.837469464024387e-10,0.047999999980308135,0.9383035517898012,0.013077586485454762,0.0234375,8.0
2376,2.0,10,DCM,True,0.02055087201997856,0.01773602200046298,55,1.0,0.15,0.04800000008619135,0.025,0.04800000008619135,0.025,0.04800000008619135,0.0,0.0,0.04800000008619135,2.554377807318339,0.02256563178172788,0.0234375,8.0
2376,2.0,10,ICM-noSI,True,0.020550872099664073,0.03403725099997246,253,1.0,0.175,0.04800000025964702,0.05,0.04800000042756837,0.0,0.048000000595489735,1.6792135501013031e-10,8.0180669230223e-11,0.04800000001154499,2.4881795683561787,0.023296775977893813,0.0234375,8.0
2376,2.0,10,ICM,True,0.020550871932586746,0.0790230819984572,433,1.0,0.3,0.048000000641139524,0.2,0.04800000109332707,0.075,0.04800000154551463,4.5218755270413713e-10,2.1223952406874764e-10,0.047999999976712435,1.2636755273669507,0.020055196726936564,0.015625,8.0
2393,2.0,10,DCM,True,0.02119011462731092,0.0175646739990043,55,1.0,0.175,0.04800000005255138,0.1,0.04800000005255138,0.05,0.04800000005255138,0.0,0.0,0.04800000005255138,3.396494231600732,0.02778117688548698,0.01953125,8.0
2393,2.0,10,ICM-noSI,True,0.02119011465277046,0.030238906998420134,253,1.0,0.175,0.04800000003556712,0.1,0.048000000056146575,0.05,0.048000000076726036,2.0579458023375945e-11,1.1458644421133937e-11,0.04800000000352901,3.4114654387466414,0.027939323634772473,0.01953125,8.0
2393,2.0,10,ICM,True,0.021190114535616394,0.04036880000057863,433,1.0,0.45,0.04800000045773469,0.375,0.04800000075063157,0.375,0.04800000104352844,2.9289687385268666e-10,1.628456780711133e-10,0.048000000001992144,0.7701474185277849,0.005762988381737333,0.01953125,8.0
3070,3.0,10,DCM,True,0.022246310760050885,0.02521842000169272,55,1.0,0.05,0.04833940456901718,0.05,0.04833940456901718,0.025,0.04833940456901718,0.0,0.0,0.04833940456901718,10.47071977337197,0.07826844591662933,0.01953125,8.0
3070,3.0,10,ICM-noSI,True,0.022246310437007134,0.031196936999549507,253,1.0,0.05,0.04833940472920066,0.05,0.04833940507045798,0.0,0.04833940541171529,3.4125731265726346e-10,2.190978358167985e-10,0.04833940416884551,10.716579408504549,0.07975426773454117,0.0234375,8.0
3070,3.0,10,ICM,True,0.028218965838708022,0.044580199999472825,433,1.0,0.225,0.0569498590938593,0.075,0.056949859492627444,0.05,0.05694985989139558,3.9876814081786997e-10,2.0812720957157583e-10,0.05694985848696395,1.9360188113004138,0.02140016393923952,0.02734375,8.0
3087,3.0,10,DCM,True,0.01988045243543622,0.01812154700019164,55,1.0,0.0,0.0483010354523012,0.0,0.0483010354523012,0.0,0.0483010354523012,0.0,0.0,0.0483010354523012,15.83029481077923,0.14659334734254192,0.0234375,8.0
3087,3.0,10,ICM-noSI,True,0.019880452036465688,0.030287674000646803,253,1.0,0.0,0.04830103592640246,0.0,0.048301036563148034,0.0,0.04830103719989361,6.367455694877126e-10,1.5728622629764206e-10,0.04830103513237067,15.102976592451073,0.13957199411471352,0.0234375,8.0
3087,3.0,10,ICM,True,0.027545661948628623,0.04382711899961578,433,1.0,0.15,0.057732678824160236,0.15,0.057732680143950846,0.075,0.057732681463741456,1.3197906081295642e-09,3.2982873271053776e-10,0.05773267717454089,2.5550201031647695,0.022561235664513513,0.02734375,8.0
3104,3.0,10,DCM,True,0.026666666486486846,0.018199121001089225,55,1.0,0.025,0.04800000004908106,0.0,0.04800000004908106,0.0,0.04800000004908106,0.0,0.0,0.04800000004908106,7.173454956021494,0.08414776701216808,0.0234375,8.0
3104,3.0,10,ICM-noSI,True,0.026666666514126205,0.03195008100010455,253,1.0,0.025,0.04800000040414825,0.0,0.04800000066448578,0.0,0.048000000924823316,2.6033753224521097e-10,1.3014386513878656e-10,0.04800000001366686,7.276658209307015,0.08471906746126856,0.0234375,8.0
3104,3.0,10,ICM,True,0.03892276706189468,0.045044676000543404,433,1.0,0.125,0.05662752899958288,0.025,0.05662754226297615,0.0,0.05662755552636943,1.3263393286436695e-08,1.3000470940497658e-08,0.056627502735718635,2.0389714525937643,0.029235367443046556,0.0234375,8.0
3121,3.0,10,DCM,True,0.026666666590549667,0.01803076299984241,55,1.0,0.075,0.04836065128399625,0.05,0.04836065128399625,0.0,0.04836065128399625,0.0,0.0,0.04836065128399625,6.96452546817219,0.03908924005700756,0.046875,8.0
3121,3.0,10,ICM-noSI,True,0.0266666665986426,0.031781318999492214,253,1.0,0.05,0.04836065150496627,0.05,0.048360651753477236,0.0,0.048360652001988205,2.485109702913947e-10,7.124533811333439e-11,0.04836065118520996,7.318042369102967,0.040952072072247964,0.05078125,8.0
3121,3.0,10,ICM,True,0.03323758333994622,0.04588430799958587,433,1.0,0.05,0.05338895700927593,0.05,0.053388959281599105,0.0,0.05338896155392227,2.272323164098468e-09,1.049838089306002e-09,0.053388953687114694,3.871346055454091,0.02393595533468018,0.03515625,8.0
3138,3.0,10,DCM,True,0.026087046440524057,0.018444389001160744,55,1.0,0.05,0.04912012760622915,0.025,0.04912012760622915,0.025,0.04912012760622915,0.0,0.0,0.04912012760622915,3.8735167378368653,0.05280854990817785,0.0234375,8.0
3138,3.0,10,ICM-noSI,True,0.024380235653029523,0.031228493000526214,253,1.0,0.075,0.04979969342224503,0.025,0.0515993858607229,0.025,0.053399078299200785,0.0017996924384778782,9.866912871568357e-10,0.04799999999707587,3.871985618949904,0.052690841871430666,0.0234375,8.0
3138,3.0,10,ICM,True,0.029399001952913877,0.04532352299975173,433,1.0,0.15,0.05431542272427079,0.15,0.055867279532024736,0.05,0.05741913633977869,0.001551856807753948,1.4560135969468575e-10,0.05276356577091547,1.9194630868507718,0.02451280909579276,0.03515625,8.0
3155,3.0,10,DCM,True,0.023365489344040993,0.018689466000068933,55,1.0,0.025,0.04800000004468834,0.0,0.04800000004468834,0.0,0.04800000004468834,0.0,0.0,0.04800000004468834,6.588799680099867,0.04233261254880549,0.01953125,8.0
3155,3.0,10,ICM-noSI,True,0.023365489325895522,0.030681583000841783,253,1.0,0.025,0.04800000044329261,0.025,0.0480000007392945,0.025,0.0480000010352964,2.9600189326547714e-10,1.321789955379442e-10,0.04800000001511172,7.1664663026135935,0.045151344961606554,0.01953125,8.0
3155,3.0,10,ICM,True,0.02336548941810229,0.043816520999826025,433,1.0,0.075,0.04800000007187367,0.025,0.048000000122745606,0.05,0.04800000017361754,5.087193832438545e-11,2.2332313632708298e-11,0.04799999999866942,3.586343876957696,0.036791430761621835,0.03125,8.0
3172,3.0,10,DCM,True,0.02094002122197302,0.018847287999960827,55,1.0,0.0,0.05208306519936227,0.0,0.05208306519936227,0.0,0.05208306519936227,0.0,0.0,0.05208306519936227,9.422476082263195,0.05491671334678612,0.0234375,8.0
3172,3.0,10,ICM-noSI,True,0.020939880076918736,0.031911150999803795,253,1.0,0.0,0.05171983559445923,0.0,0.05323181340714683,0.0,0.054743791219834435,0.0015119778126875994,1.0662976508511225e-09,0.05020785671547399,9.468428426955754,0.055074601792740506,0.01953125,8.0
3172,3.0,10,ICM,True,0.03171449373671582,0.04662960200039379,433,1.0,0.175,0.06892511398307444,0.2,0.075297911291419,0.15,0.08167070859976355,0.006372797308344558,4.06084505215616e-11,0.06255231663412143,3.0565785492444837,0.016499999914137975,0.03515625,8.0
3189,3.0,10,DCM,True,0.023377719780248177,0.0183697550000943,55,1.0,0.075,0.0523658060332234,0.0,0.0523658060332234,0.0,0.0523658060332234,0.0,0.0,0.0523658060332234,5.543829078774826,0.04951773935017942,0.02734375,8.0
3189,3.0,10,ICM-noSI,True,0.023377718943049294,0.030754166000406258,253,1.0,0.075,0.052055615708632194,0.0,0.05252873451659588,0.0,0.053001853324559554,0.00047311880796367895,6.070766129957088e-10,0.051582496293591906,5.644323376226764,0.04744826603694499,0.0234375,8.0
3189,3.0,10,ICM,True,0.02743340561742954,0.049961371998506365,433,1.0,0.175,0.06165036869267979,0.1,0.06832096917255989,0.1,0.07499156965244,0.006670600479880095,1.1744321311239593e-10,0.054979768095356485,2.482685032562031,0.024116926846584452,0.03515625,8.0
3206,3.0,10,DCM,True,0.02715395845227421,0.018351158998484607,55,1.0,0.025,0.04861045046384341,0.075,0.04861045046384341,0.075,0.04861045046384341,0.0,0.0,0.04861045046384341,2.4439440089216315,0.018688009688122342,0.01953125,8.0
3206,3.0,10,ICM-noSI,True,0.02666666665818812,0.06787873800021771,253,1.0,0.05,0.048577970644718936,0.075,0.048843574294650416,0.075,0.04910917794458189,0.00026560364993147626,2.5313597056793455e-11,0.04831236696947386,2.4324868075177797,0.01875644994807968,0.01953125,8.0
3206,3.0,10,ICM,True,0.026866739405307368,0.0452521830011392,433,1.0,0.125,0.050754973299420934,0.075,0.05295514832122936,0.125,0.055155323343037785,0.0022001750218084218,2.770728821179967e-10,0.048554798000539634,2.314555102626938,0.02487294864642503,0.0234375,8.0
3223,3.0,10,DCM,True,0.02425429162494116,0.018129684000086854,55,1.0,0.0,0.04799999999194291,0.0,0.04799999999194291,0.0,0.04799999999194291,0.0,0.0,0.04799999999194291,6.327983359809957,0.06925096343848919,0.01953125,8.0
3223,3.0,10,ICM-noSI,True,0.024254291676726915,0.03165535500011174,253,1.0,0.0,0.048000000093727554,0.0,0.048000000153715305,0.0,0.04800000021370306,5.998775239799997e-11,3.5651867348492174e-11,0.04799999999808794,6.415443959486368,0.0708823394452922,0.0234375,8.0
3223,3.0,10,ICM,True,0.024254291556578208,0.04656892000093649,433,1.0,0.275,0.06093953301869866,0.225,0.06557390742044263,0.175,0.07020828182218661,0.004634374401743982,3.3722749527044064e-10,0.056305158279727166,2.424364451532838,0.026749142033378387,0.02734375,8.0
3240,3.0,10,DCM,True,0.02377179079619797,0.017340049000267754,55,1.0,0.025,0.05322433924878435,0.0,0.05322433924878435,0.0,0.05322433924878435,0.0,0.0,0.05322433924878435,6.843768549532368,0.053362327023819656,0.02734375,8.0
3240,3.0,10,ICM-noSI,True,0.017920400090322273,0.032218741998804035,253,1.0,0.025,0.051852086906395554,0.0,0.05185208769395735,0.0,0.05185208848151914,7.875617920067676e-10,0.0038520860921982545,0.048000000026635514,6.890119468510131,0.05382803976012612,0.03515625,8.0
3240,3.0,10,ICM,True,0.02291565020543784,0.048386101001597126,433,1.0,0.05,0.05470945016691538,0.025,0.05470945023230182,0.0,0.0547094502976883,6.538646461939185e-11,0.002249505062872445,0.05245994503865646,3.429728418565168,0.026647496543563798,0.03125,8.0
3257,3.0,10,DCM,True,0.02666666657857246,0.018903436000982765,55,1.0,0.075,0.048000000105155184,0.05,0.048000000105155184,0.05,0.048000000105155184,0.0,0.0,0.048000000105155184,7.324613694865473,0.0674814984665956,0.01953125,8.0
3257,3.0,10,ICM-noSI,True,0.026666666499752006,0.030525146999934805,253,1.0,0.1,0.04800000036000898,0.05,0.04800000051809873,0.05,0.04800000067618847,1.5808974441093568e-10,1.700292058559322e-10,0.048000000031890026,7.378410724219192,0.06845665166542164,0.015625,8.0
3257,3.0,10,ICM,True,0.036605132657231754,0.04544636900027399,433,1.0,0.175,0.05225036926034614,0.125,0.052250370243919965,0.05,0.052250371227493785,9.835738162637997e-10,3.3618705441097464e-09,0.05225036491490178,2.519525144480921,0.03133384446462409,0.015625,8.0
3274,3.0,10,DCM,True,0.019000240485807642,0.017869258999780868,55,1.0,0.1,0.048000000001439655,0.025,0.048000000001439655,0.0,0.048000000001439655,0.0,0.0,0.048000000001439655,3.277694189722647,0.048173371440861146,0.01953125,8.0
3274,3.0,10,ICM-noSI,True,0.0190002404566106,0.0323066929995548,253,1.0,0.125,0.048000000059379044,0.025,0.048000000097299676,0.0,0.0480000001352203,3.792062800836187e-11,2.251711910458309e-11,0.0479999999989413,3.098854076847517,0.04563300899498596,0.01953125,8.0
3274,3.0,10,ICM,True,0.02306556686325099,0.043709180999940145,433,1.0,0.125,0.05210117650948185,0.075,0.05210117814851419,0.05,0.052101179787546525,1.6390323338433927e-09,7.876024188482676e-10,0.052101174082847104,2.5652236710050365,0.017334825304229085,0.02734375,8.0
3291,3.0,10,DCM,True,0.02538698267411166,0.021553874999881373,55,1.0,0.05,0.04800000005824835,0.0,0.04800000005824835,0.0,0.04800000005824835,0.0,0.0,0.04800000005824835,6.271815553401312,0.05252229512958115,0.03515625,8.0
3291,3.0,10,ICM-noSI,True,0.025386982735169917,0.07107247499880032,253,1.0,0.05,0.04800000003065951,0.0,0.048000000050639535,0.0,0.04800000007061956,1.9980025653283318e-11,9.195975489236994e-12,0.04800000000148351,6.202732166698153,0.04979959330770893,0.03515625,8.0
3291,3.0,10,ICM,True,0.031098689996448107,0.045609807000801084,433,1.0,0.175,0.05934315519789004,0.075,0.05934315799347366,0.025,0.059343160789057284,2.7955836171442516e-09,0.0014806658725378694,0.05786248652976855,2.6642406122035243,0.03946886725138987,0.03515625,8.0
3308,3.0,10,DCM,True,0.026666665553629194,0.017754366001099697,55,1.0,0.0,0.048646526364740185,0.025,0.048646526364740185,0.025,0.048646526364740185,0.0,0.0,0.048646526364740185,6.622917806752075,0.09367442712304089,0.02734375,8.0
3308,3.0,10,ICM-noSI,True,0.026666665982925837,0.031303494000894716,253,1.0,0.0,0.04864652677263387,0.025,0.04864652778639955,0.025,0.04864652880016523,1.013765678325561e-09,6.781986608044227e-10,0.048646525080669537,6.622919450444317,0.09367444311560953,0.02734375,8.0
3308,3.0,10,ICM,True,0.02666666661198584,0.08502530800069508,433,1.0,0.2,0.058614898414758664,0.075,0.059469120320031064,0.05,0.06032334222530348,0.0008542219052724077,8.167605975649779e-11,0.0577606764278102,2.1103706937003657,0.03392251925791123,0.0234375,8.0
3325,3.0,10,DCM,True,0.02474827924926496,0.01781597000081092,55,1.0,0.075,0.0546722512524007,0.05,0.0546722512524007,0.05,0.0546722512524007,0.0,0.0,0.0546722512524007,4.513666490390463,0.05823053847984616,0.0234375,8.0
3325,3.0,10,ICM-noSI,True,0.02474827936360313,0.03260695499920985,253,1.0,0.05,0.05429389276123242,0.05,0.05472401974887033,0.05,0.05515414673650827,0.0004301269876379207,2.1923655507588756e-11,0.053863765751670845,4.447064723962288,0.05865978762520685,0.0234375,8.0
3325,3.0,10,ICM,True,0.0341818465352261,0.048434390000693384,433,1.0,0.275,0.06761092912469552,0.125,0.0676109296254902,0.1,0.0676109301262849,5.007946857009526e-10,1.0858110407818815e-10,0.06761092851531973,2.318302250802837,0.031013509526091387,0.02734375,8.0
3342,3.0,10,DCM,True,0.028105696204374624,0.024370249000639888,55,1.0,0.075,0.052986978788039166,0.05,0.052986978788039166,0.05,0.052986978788039166,0.0,0.0,0.052986978788039166,7.667006706508694,0.07132569794517363,0.0234375,8.0
3342,3.0,10,ICM-noSI,True,0.028105696798025808,0.03239622200089798,253,1.0,0.075,0.05298697523071929,0.05,0.05298697526470732,0.05,0.052986975298695324,3.398801843808955e-11,1.5226242006747303e-11,0.05298697518150504,7.667006830567405,0.07132569264565347,0.0234375,8.0
3342,3.0,10,ICM,True,0.02883913536770137,0.046277849998659804,433,1.0,0.1,0.06791477672541225,0.075,0.08167723563026738,0.05,0.09543969453512251,0.013762458904855132,5.927680680845291e-09,0.05415231189287645,4.270891211089041,0.02337212834635935,0.046875,8.0
3359,3.0,10,DCM,True,0.031780313203967514,0.01806470100018487,55,1.0,0.1,0.05106818799879918,0.025,0.05106818799879918,0.025,0.05106818799879918,0.0,0.0,0.05106818799879918,3.5975710024819474,0.04202133934693708,0.03125,8.0
3359,3.0,10,ICM-noSI,True,0.031780313048084326,0.030630004999693483,253,1.0,0.1,0.05106818830232597,0.025,0.05106818855272499,0.0,0.05106818880312401,2.50399023122928e-10,1.482039690056182e-10,0.05106818790372297,3.542249992214329,0.04110971405083354,0.03125,8.0
3359,3.0,10,ICM,True,0.035837454338921444,0.047117886000705766,433,1.0,0.325,0.05544586412321804,0.25,0.05544588378823674,0.125,0.05544590345325543,1.966501869332332e-08,6.121333230459302e-10,0.055445843846066024,2.1013734400267254,0.03991250729255391,0.01171875,8.0
3376,3.0,10,DCM,True,0.02713020154531362,0.018677031999686733,55,1.0,0.15,0.05190878193763172,0.0,0.05190878193763172,0.0,0.05190878193763172,0.0,0.0,0.05190878193763172,4.912163112494531,0.03709920226665871,0.0234375,8.0
3376,3.0,10,ICM-noSI,True,0.026666666624918237,0.03165273000013258,253,1.0,0.15,0.05192038241220216,0.0,0.05192038281971414,0.0,0.05192038322722612,4.0751197739698586e-10,0.0002787688463964113,0.05164161315829378,4.912162880066403,0.03709920286683216,0.0234375,8.0
3376,3.0,10,ICM,True,0.030621119520215376,0.04446162500062201,433,1.0,0.25,0.06094714052770313,0.15,0.060947140604472406,0.05,0.0609471406812417,7.676928364005913e-11,8.820550138757005e-10,0.06094713956887883,2.223573670355316,0.02768352009933861,0.03125,8.0
3393,3.0,10,DCM,True,0.025885352817586596,0.018382217998805572,55,1.0,0.0,0.04814074653463526,0.0,0.04814074653463526,0.025,0.04814074653463526,0.0,0.0,0.04814074653463526,12.42154698072915,0.15870421111279429,0.03125,8.0
3393,3.0,10,ICM-noSI,True,0.025885352896621944,0.033354315999531536,253,1.0,0.0,0.04814074643004292,0.0,0.048140746457010775,0.025,0.048140746483978626,2.6967849578129846e-11,1.5057168518918895e-11,0.0481407463880179,11.801735009325377,0.14988705373878697,0.02734375,8.0
3393,3.0,10,ICM,True,0.02588535289812442,0.059436392000861815,433,1.0,0.15,0.0669031478329927,0.075,0.06690314818211676,0.05,0.0669031485312408,3.491240511852333e-10,0.006444091073716418,0.060459056410152236,3.1929671566424545,0.04026287762942993,0.05078125,8.0
4070,4.0,10,DCM,True,0.03999098181146709,0.027236169999014237,55,1.0,0.025,0.059207720269401756,0.0,0.059207720269401756,0.0,0.059207720269401756,0.0,0.0,0.059207720269401756,9.395469107044532,0.07892931441987937,0.0546875,8.0
4070,4.0,10,ICM-noSI,True,0.03999098118330977,0.03171094600111246,253,1.0,0.0,0.059207720847746635,0.0,0.05920772223084771,0.0,0.05920772361394881,1.383101090811858e-09,3.635892702844973e-10,0.059207719101056266,9.39546916134144,0.0789293130342606,0.046875,8.0
4070,4.0,10,ICM,True,0.05419244829233167,0.08403383100085193,433,1.0,0.075,0.07309912350677197,0.05,0.07309912450865617,0.025,0.07309912551054039,1.0018842047372652e-09,2.5679984759100825e-10,0.07309912224808791,2.248969006801036,0.03289383097428489,0.03125,8.0
4087,4.0,10,DCM,True,0.022067894641362662,0.018057463001241558,55,1.0,0.0,0.04883241058193078,0.0,0.04883241058193078,0.0,0.04883241058193078,0.0,0.0,0.04883241058193078,13.871785928301003,0.14700472158644218,0.02734375,8.0
4087,4.0,10,ICM-noSI,True,0.022067892685668077,0.032474397999976645,253,1.0,0.025,0.04835152545627308,0.0,0.048703050894784355,0.0,0.04905457633329564,0.00035152543851128007,1.7305758037925446e-11,0.04800000000045604,14.520498724434832,0.15593596921103692,0.0234375,8.0
4087,4.0,10,ICM,True,0.0341809639479603,0.053538988999207504,433,1.0,0.075,0.07440539333074239,0.075,0.08032449475488143,0.075,0.08624359617902047,0.005919101424139042,3.962804877650319e-11,0.06848629186697529,2.1655559961890365,0.017938115026009283,0.0390625,8.0
4104,4.0,10,DCM,True,0.018957422651616655,0.017525659000966698,55,1.0,0.05,0.04904976459421962,0.05,0.04904976459421962,0.025,0.04904976459421962,0.0,0.0,0.04904976459421962,3.9792263085624273,0.041618169490414664,0.0234375,8.0
4104,4.0,10,ICM-noSI,True,0.018957422663357534,0.030991034998805844,253,1.0,0.05,0.04904976455200026,0.05,0.049049764585660204,0.025,0.049049764619320146,3.3659943833723394e-11,1.9428564911851747e-11,0.049049764498911755,3.9250486969569924,0.04127450493040688,0.0234375,8.0
4104,4.0,10,ICM,True,0.02965744017531939,0.05103134299861267,433,1.0,0.075,0.058484516685868425,0.025,0.058484516791910565,0.025,0.05848451689795272,1.0604215201184491e-10,2.0799553984075487e-11,0.058484516559026714,2.6455269473775354,0.022821061520381214,0.03515625,8.0
4121,4.0,10,DCM,True,0.033181245844611684,0.017917197999850032,55,1.0,0.025,0.056739104519308345,0.0,0.056739104519308345,0.0,0.056739104519308345,0.0,0.0,0.056739104519308345,8.799781591587646,0.15071609713668715,0.0390625,8.0
4121,4.0,10,ICM-noSI,True,0.03318124561087397,0.03160787999877357,253,1.0,0.025,0.05673910330387866,0.0,0.05673910347889777,0.0,0.05673910365391686,1.750191024515158e-10,6.925487716262227e-11,0.05673910305960468,8.900116312156547,0.1507160987010039,0.0390625,8.0
4121,4.0,10,ICM,True,0.04719305375342062,0.04547090000050957,433,1.0,0.275,0.08723113282422265,0.15,0.08723113311206351,0.075,0.08723113339990436,2.87840849298642e-10,0.0032478859601826546,0.08398324657619916,2.4028084148467825,0.049988272344331564,0.046875,8.0
4138,4.0,10,DCM,True,0.03352459006321975,0.018035308999969857,55,1.0,0.025,0.052519082221283264,0.025,0.052519082221283264,0.05,0.052519082221283264,0.0,0.0,0.052519082221283264,7.059177933771878,0.07902297192175367,0.0234375,8.0
4138,4.0,10,ICM-noSI,True,0.02614120245181079,0.03370380700107489,253,1.0,0.05,0.053507987487735234,0.05,0.05901597495778242,0.05,0.06452396242782962,0.0055079874700471945,1.8642402256597717e-11,0.04799999999904564,6.908536765049276,0.06602177579813384,0.03125,8.0
4138,4.0,10,ICM,True,0.026260529797273793,0.04918298200027493,433,1.0,0.125,0.06968635328828361,0.125,0.08245493864709146,0.025,0.09522352400589931,0.012768585358807854,1.0672882464093306e-09,0.05691776686218751,3.9918303372988584,0.07293780311166165,0.04296875,8.0
4155,4.0,10,DCM,True,0.0397099073375535,0.018583416000183206,55,1.0,0.1,0.07073685720418205,0.0,0.07073685720418205,0.0,0.07073685720418205,0.0,0.0,0.07073685720418205,3.151826568521728,0.0573297342530798,0.02734375,8.0
4155,4.0,10,ICM-noSI,True,0.03970990626983738,0.03190348200041626,253,1.0,0.1,0.07073685908167696,0.0,0.07073686110551934,0.0,0.07073686312936171,2.0238423810208684e-09,1.0541331097554082e-09,0.07073685600370147,3.15182666541248,0.05732973341218193,0.0234375,8.0
4155,4.0,10,ICM,True,0.046752532523076734,0.04591864099893428,433,1.0,0.0,0.08312208359353554,0.0,0.0831220836831335,0.0,0.08312208377273146,8.95979601469652e-11,5.387918194827892e-11,0.08312208345005839,4.605113659491539,0.10563377617737324,0.03515625,8.0
4172,4.0,10,DCM,True,0.017022708285097037,0.021409315000710194,55,1.0,0.0,0.05195428306866451,0.0,0.05195428306866451,0.0,0.05195428306866451,0.0,0.0,0.05195428306866451,16.580382103513408,0.12383326097876901,0.03515625,8.0
4172,4.0,10,ICM-noSI,True,0.01635574921006256,0.03117974299857451,253,1.0,0.0,0.0511000526575522,0.0,0.05420010496769263,0.0,0.05730015727783305,0.0031000523101404236,3.493098398019487e-10,0.047999999998101936,17.174859695395117,0.12423998832257332,0.03125,8.0
4172,4.0,10,ICM,True,0.03166210996914116,0.05352745600066555,433,1.0,0.075,0.07213006994976502,0.0,0.08128670370386283,0.0,0.0904433374579606,0.009156633754097795,2.1072792310736734e-11,0.06297343617459444,3.8166393094180373,0.03454613385295657,0.04296875,8.0
4189,4.0,10,DCM,True,0.023831230394107734,0.018735153000307037,55,1.0,0.025,0.052646285476225504,0.025,0.052646285476225504,0.025,0.052646285476225504,0.0,0.0,0.052646285476225504,9.580314019309276,0.07439745613863438,0.02734375,8.0
4189,4.0,10,ICM-noSI,True,0.02383123031834197,0.031489258999499725,253,1.0,0.025,0.05264628548134498,0.025,0.05264628552681923,0.025,0.052646285572293436,4.547422844023589e-11,6.877050086560482e-11,0.05264628536710027,9.482045401209126,0.07314788207024239,0.02734375,8.0
4189,4.0,10,ICM,True,0.02759226470549952,0.04440017799970519,433,1.0,0.2,0.07247998797240959,0.1,0.08325150618855573,0.1,0.09402302440470185,0.010771518216146128,3.21044618126543e-10,0.061708469435218835,2.5935751139193477,0.04815431324693398,0.05859375,8.0
4206,4.0,10,DCM,True,0.01767553085942342,0.01835525000024063,55,1.0,0.0,0.05910188122737049,0.0,0.05910188122737049,0.0,0.05910188122737049,0.0,0.0,0.05910188122737049,8.146816030373511,0.05225163932431953,0.02734375,8.0
4206,4.0,10,ICM-noSI,True,0.01327831120268732,0.03266343299947039,253,1.0,0.0,0.05683189549172181,0.0,0.06566379089102078,0.0,0.07449568629031975,0.008831895399298966,5.841191452062567e-11,0.048000000034010934,8.168343581996076,0.05232221910427483,0.02734375,8.0
4206,4.0,10,ICM,True,0.016021744631167338,0.04760788999919896,433,1.0,0.075,0.07469695224511458,0.1,0.09808814227139714,0.075,0.12147933229767971,0.02339119002628256,6.695596858973332e-11,0.05130576215187606,2.9255792661877584,0.019029198416581905,0.04296875,8.0
4223,4.0,10,DCM,True,0.028712670386608075,0.018426204998831963,55,1.0,0.05,0.07312949334615038,0.0,0.07312949334615038,0.0,0.07312949334615038,0.0,0.0,0.07312949334615038,11.971598137915972,0.14650930072390003,0.03125,8.0
4223,4.0,10,ICM-noSI,True,0.028712670221211465,0.03155249400151661,253,1.0,0.05,0.0702856884989969,0.0,0.0754599971199753,0.0,0.08063430574095369,0.005174308620978399,6.073998275369697e-11,0.06511137981727852,16.691456633011626,0.15852106135291044,0.03515625,8.0
4223,4.0,10,ICM,True,0.041796164913378696,0.04505729000084102,433,1.0,0.35,0.09334895377884668,0.275,0.09334896406521573,0.15,0.0933489743515848,1.0286369062791999e-08,1.1023490300255124e-09,0.09334894239012859,1.593432970658351,0.033190252154390865,0.04296875,8.0
4240,4.0,10,DCM,True,0.027546650433300155,0.03197945800093294,55,1.0,0.0,0.05084503525882039,0.0,0.05084503525882039,0.025,0.05084503525882039,0.0,0.0,0.05084503525882039,6.5309870591176775,0.08227227383982627,0.0390625,8.0
4240,4.0,10,ICM-noSI,True,0.027546650770349315,0.04163312200034852,253,1.0,0.0,0.05084503401961604,0.0,0.05084503405921843,0.025,0.05084503409882082,3.960239181282093e-11,2.1724701332759047e-11,0.05084503395828895,6.530987561047811,0.08227227695869177,0.0390625,8.0
4240,4.0,10,ICM,True,0.0345908223233422,0.0440785569990112,433,1.0,0.025,0.05583504668766894,0.025,0.055835047281925655,0.05,0.055835047876182355,5.942567058067557e-10,9.458835469401741e-11,0.055835045998823885,6.509331081110826,0.03149999939548556,0.04296875,8.0
4257,4.0,10,DCM,True,0.033029458985711,0.01807454899972072,55,1.0,0.025,0.05181767544577457,0.025,0.05181767544577457,0.0,0.05181767544577457,0.0,0.0,0.05181767544577457,4.561610989331262,0.058451699622204645,0.015625,8.0
4257,4.0,10,ICM-noSI,True,0.026666666616947814,0.03171442799975921,253,1.0,0.025,0.05253248641086161,0.0,0.05253248705397273,0.0,0.05253248769708385,6.431111225124744e-10,0.00453248565092654,0.04800000011682394,4.211375187499358,0.049429431905355425,0.0390625,8.0
4257,4.0,10,ICM,True,0.04416348699252888,0.060798124000939424,433,1.0,0.05,0.06663897609598239,0.0,0.06663897618282284,0.0,0.06663897626966327,8.684043641290594e-11,0.0012646162489008135,0.06537435976024115,3.186290619564709,0.05623765862372154,0.0390625,8.0
4274,4.0,10,DCM,True,0.02666666651474286,0.018429636000291794,55,1.0,0.0,0.0480000001572116,0.0,0.0480000001572116,0.0,0.0480000001572116,0.0,0.0,0.0480000001572116,19.064953975588896,0.17422306108722768,0.0234375,8.0
4274,4.0,10,ICM-noSI,True,0.026666666092182,0.031937331001245184,253,1.0,0.0,0.048000001724477326,0.0,0.04800000293361795,0.0,0.048000004142758554,1.2091406156701982e-09,5.447053838655209e-10,0.04799999997063133,19.070510730888863,0.17429277769803714,0.01953125,8.0
4274,4.0,10,ICM,True,0.0384256370957597,0.045583469998746295,433,1.0,0.0,0.05883498724878331,0.075,0.05883499032531507,0.025,0.058834993401846836,3.0765317518761896e-09,2.652892027151313e-10,0.05883498390696236,2.366165423074665,0.016499999905985024,0.0234375,8.0
4291,4.0,10,DCM,True,0.018954556960884043,0.018935297999632894,55,1.0,0.025,0.04800000109766655,0.0,0.04800000109766655,0.0,0.04800000109766655,0.0,0.0,0.04800000109766655,7.973938643320196,0.06629352143288654,0.0234375,8.0
4291,4.0,10,ICM-noSI,True,0.016483200908559408,0.04212118800023745,253,1.0,0.05,0.048894495233665444,0.0,0.04889449537844248,0.0,0.048894495523219526,1.4477704542824361e-10,0.000894495088648511,0.04800000000023989,7.462588415840977,0.06316482034943281,0.01953125,8.0
4291,4.0,10,ICM,True,0.030886034676000703,0.0487656599998445,433,1.0,0.275,0.08186576769728096,0.1,0.08186576827490596,0.05,0.08186576885253097,5.776250004911866e-10,0.004213124889087723,0.07765264223056825,1.9960236576055541,0.041803049992995556,0.05078125,8.0
4308,4.0,10,DCM,True,0.04071244501899964,0.018254417000207468,55,1.0,0.05,0.05762945471216674,0.025,0.05762945471216674,0.0,0.05762945471216674,0.0,0.0,0.05762945471216674,13.59656491296232,0.10588755015859566,0.0390625,8.0
4308,4.0,10,ICM-noSI,True,0.04071244479138426,0.030813076000413275,253,1.0,0.05,0.057298946421345656,0.025,0.05805861477559604,0.0,0.058818283129846424,0.0007596683542503808,8.932473937148465e-11,0.056539277977770544,14.492878385412121,0.10663245739905913,0.0390625,8.0
4308,4.0,10,ICM,True,0.04475248729491046,0.04305231399848708,433,1.0,0.275,0.08203015381104317,0.175,0.08354923328187955,0.15,0.08506831275271595,0.0015190794708363907,8.343529883158656e-11,0.08051107425677148,5.303845759002822,0.061180822955502756,0.03515625,8.0
4325,4.0,10,DCM,True,0.03048456369503748,0.019837771000311477,55,1.0,0.0,0.05890156939416512,0.0,0.05890156939416512,0.0,0.05890156939416512,0.0,0.0,0.05890156939416512,16.482360598475022,0.17274429538838093,0.0390625,8.0
4325,4.0,10,ICM-noSI,True,0.030484561443749638,0.030691575000673765,253,1.0,0.0,0.057107065610306706,0.0,0.06392339230095648,0.0,0.07073971899160625,0.006816326690649769,1.0304209432190994e-09,0.05029073788923599,16.277329157612215,0.1699677914319429,0.0546875,8.0
4325,4.0,10,ICM,True,0.03530472839787814,0.04496332500093558,433,1.0,0.025,0.07015434315058837,0.0,0.07844109610285219,0.0,0.08672784905511599,0.008286752952263804,9.633247378140428e-10,0.06186758923499983,5.804818450988356,0.03768677942110299,0.0625,8.0
4342,4.0,10,DCM,True,0.034417505605847734,0.01989344400135451,55,1.0,0.0,0.05422955810405937,0.0,0.05422955810405937,0.0,0.05422955810405937,0.0,0.0,0.05422955810405937,6.393209753483956,0.07354007158728643,0.01953125,8.0
4342,4.0,10,ICM-noSI,True,0.03039799194826074,0.03262171499955002,253,1.0,0.0,0.05187171694517032,0.0,0.051871717184539624,0.0,0.051871717423908933,2.3936930148549195e-10,0.0022926621620552564,0.04957905454374577,6.303789998757513,0.07299051282706477,0.03125,8.0
4342,4.0,10,ICM,True,0.04210342879560859,0.05416985800002294,433,1.0,0.15,0.07217639911450424,0.125,0.07217639940626572,0.1,0.07217639969802721,2.9176147937085786e-10,0.0007788251907386215,0.07139757363200414,2.013709983415931,0.028441735027087134,0.03515625,8.0
4359,4.0,10,DCM,True,0.018940868080529416,0.017716474998451304,55,1.0,0.1,0.04800000002201793,0.025,0.04800000002201793,0.0,0.04800000002201793,0.0,0.0,0.04800000002201793,6.36358178588415,0.059265859996513376,0.01953125,8.0
4359,4.0,10,ICM-noSI,True,0.0189408680510864,0.06631544999981998,253,1.0,0.1,0.0480000004215438,0.0,0.04800000065911521,0.0,0.0480000008966866,2.375714022342985e-10,1.3136830622351188e-10,0.04800000005260409,6.336654864136723,0.058534079175634524,0.015625,8.0
4359,4.0,10,ICM,True,0.03551036849573316,0.04460158300025796,433,1.0,0.1,0.06231292486284221,0.025,0.06231292502908168,0.025,0.06231292519532115,1.6623946488142486e-10,2.032789405819521e-10,0.06231292449332382,2.69332586131171,0.04353725801582675,0.04296875,8.0
4376,4.0,10,DCM,True,0.037284144975316784,0.017887566000354127,55,1.0,0.0,0.0640474909683485,0.0,0.0640474909683485,0.0,0.0640474909683485,0.0,0.0,0.0640474909683485,17.79652323493797,0.21379769533885545,0.0390625,8.0
4376,4.0,10,ICM-noSI,True,0.026517364777363193,0.03204231199924834,253,1.0,0.0,0.06325425562988611,0.0,0.0716208592167486,0.0,0.07998746280361109,0.008366603586862482,0.006887651421512245,0.04800000062151139,17.42893725230821,0.20384914212965224,0.046875,8.0
4376,4.0,10,ICM,True,0.039875879857996996,0.04692681599954085,433,1.0,0.175,0.08528323961674344,0.1,0.09768463992265039,0.05,0.11008604022855736,0.012401400305906956,1.928858496653878e-09,0.07288183738197798,3.9543830292328357,0.0524209980815058,0.06640625,8.0
4393,4.0,10,DCM,True,0.020602614492737266,0.017961587000172585,55,1.0,0.0,0.05817672793613584,0.0,0.05817672793613584,0.0,0.05817672793613584,0.0,0.0,0.05817672793613584,11.394118236216155,0.11923891641951799,0.0234375,8.0
4393,4.0,10,ICM-noSI,True,0.020602612148155255,0.03203450000000885,253,1.0,0.0,0.058176725246960805,0.0,0.05817673064257219,0.0,0.05817673603818359,5.395611389226745e-09,1.920320393762034e-10,0.05817671965931738,11.394121933065255,0.11923890127563448,0.0234375,8.0
4393,4.0,10,ICM,True,0.02560023220068096,0.046070051001152024,433,1.0,0.225,0.07572879657592987,0.075,0.07881064388868661,0.075,0.08189249120144333,0.003081847312756731,2.556989775421268e-10,0.07264694900747418,1.8325580827806218,0.031499999804537965,0.03515625,8.0
5070,5.0,10,DCM,True,0.039293477926387044,0.02615292999871599,55,1.0,0.025,0.062425222839113705,0.0,0.062425222839113705,0.0,0.062425222839113705,0.0,0.0,0.062425222839113705,10.767380277816754,0.13103046705952526,0.015625,8.0
5070,5.0,10,ICM-noSI,True,0.03929347696208678,0.03250573200057261,253,1.0,0.025,0.06112637639384555,0.0,0.06112637645324093,0.0,0.061126376512636325,5.939539548460771e-11,0.0009533885117226169,0.06017298782272753,12.121069820035725,0.13534552766281857,0.03125,8.0
5070,5.0,10,ICM,True,0.059146337405607166,0.08381407900014892,433,1.0,0.125,0.09231938084680881,0.125,0.09231938090874128,0.1,0.09231938097067374,6.193246346725915e-11,1.2128124878047817e-10,0.0923193806635951,2.4543912138755353,0.024024297148942164,0.04296875,8.0
5087,5.0,10,DCM,True,0.041239923079916085,0.018600290999529534,55,1.0,0.025,0.06624146106023424,0.025,0.06624146106023424,0.0,0.06624146106023424,0.0,0.0,0.06624146106023424,7.502256184090397,0.11946352573832006,0.03515625,8.0
5087,5.0,10,ICM-noSI,True,0.034170945076594884,0.031242778999512666,253,1.0,0.025,0.06536785345610127,0.025,0.06536785362971546,0.0,0.06536785380332963,1.7361417816326896e-10,0.005226395053404038,0.06014145822908307,10.718245686552086,0.13033132116026805,0.046875,8.0
5087,5.0,10,ICM,True,0.06850661739496294,0.04556211599992821,433,1.0,0.425,0.11459849894792991,0.35,0.11459850045230642,0.35,0.1145985019566829,1.5043764970878712e-09,1.920584155842134e-09,0.11459849552296926,0.9219450910253357,0.01748660999354168,0.046875,8.0
5104,5.0,10,DCM,True,0.02831738322843054,0.017579482999281026,55,1.0,0.05,0.05707820981409364,0.0,0.05707820981409364,0.0,0.05707820981409364,0.0,0.0,0.05707820981409364,6.615067744666981,0.02760654464285843,0.03515625,8.0
5104,5.0,10,ICM-noSI,True,0.02831738114421515,0.03443378600059077,253,1.0,0.025,0.057078209385059434,0.0,0.05707821257977776,0.0,0.05707821577449608,3.1947183282795637e-09,1.4662912989153611e-10,0.057078206043711964,6.7670404382765295,0.02760654386627051,0.03515625,8.0
5104,5.0,10,ICM,True,0.0323743799113623,0.043559821000599186,433,1.0,0.175,0.09524813857113519,0.175,0.1098664711411301,0.1,0.12448480371112502,0.014618332569994919,2.3739376792252434e-09,0.0806298036272026,2.53929605868077,0.020620621595421107,0.05078125,8.0
5121,5.0,10,DCM,True,0.04477970781459816,0.0180791959992348,55,1.0,0.025,0.07928861745798597,0.025,0.07928861745798597,0.0,0.07928861745798597,0.0,0.0,0.07928861745798597,9.878318194362858,0.09231657522147685,0.06640625,8.0
5121,5.0,10,ICM-noSI,True,0.03933608994350911,0.0315212799996516,253,1.0,0.025,0.08304319222419505,0.05,0.0889955647852767,0.0,0.09494793734635835,0.005952372561081662,1.3588686373129093e-10,0.07709081952722652,9.297286710991093,0.07757026498832287,0.05859375,8.0
5121,5.0,10,ICM,True,0.038285167223916255,0.04291938100141124,433,1.0,0.25,0.11338449740663148,0.2,0.13271935217348568,0.175,0.15205420694033994,0.01933485476685424,4.5396407592509376e-11,0.09404964259438083,2.5399759445830465,0.022734265597643133,0.05859375,8.0
5138,5.0,10,DCM,True,0.03625410769563923,0.01861527499931981,55,1.0,0.025,0.05628781285358707,0.025,0.05628781285358707,0.0,0.05628781285358707,0.0,0.0,0.05628781285358707,8.837816771274587,0.1435296025544281,0.03125,8.0
5138,5.0,10,ICM-noSI,True,0.03625410655290079,0.03156925599978422,253,1.0,0.0,0.05359025875222467,0.025,0.05613980257043531,0.0,0.05868934638864596,0.002549543818210637,1.1622978858881756e-10,0.05104071481778426,8.837816011957177,0.14352959664932313,0.03515625,8.0
5138,5.0,10,ICM,True,0.05331480568931278,0.045986019000338274,433,1.0,0.1,0.08170255030481972,0.075,0.08306564594440927,0.1,0.08442874158399881,0.0013630956395895466,1.4967740986480002e-09,0.08033945316845606,4.8574262302823925,0.05236324396821046,0.03125,8.0
5155,5.0,10,DCM,True,0.04687236639167323,0.019064950000029057,55,1.0,0.0,0.07121751391508645,0.0,0.07121751391508645,0.025,0.07121751391508645,0.0,0.0,0.07121751391508645,11.976496447217608,0.15298951560211005,0.046875,8.0
5155,5.0,10,ICM-noSI,True,0.04687236035322737,0.03169197399984114,253,1.0,0.0,0.07121751462418184,0.0,0.07121751598964983,0.025,0.0712175173551178,1.3654679835858738e-09,6.610421029963034e-10,0.07121751259767176,11.976500745735319,0.15298956605475889,0.04296875,8.0
5155,5.0,10,ICM,True,0.0699344004141336,0.043935632000284386,433,1.0,0.225,0.10409122339878407,0.05,0.10409122377466289,0.05,0.1040912241505417,3.75878823903927e-10,1.6971462693144135e-10,0.10409122285319061,2.9761395165163558,0.05854279852576283,0.05078125,8.0
5172,5.0,10,DCM,True,0.027070870025019074,0.01761091800108261,55,1.0,0.025,0.04844687275306665,0.0,0.04844687275306665,0.0,0.04844687275306665,0.0,0.0,0.04844687275306665,10.818773857316312,0.0809725261947627,0.0390625,8.0
5172,5.0,10,ICM-noSI,True,0.027070870127418763,0.032754649000708014,253,1.0,0.025,0.048431839734464834,0.0,0.04862115736959729,0.0,0.04881047500472975,0.00018931763513245552,1.3241147222646324e-11,0.048242522086091234,10.994765394201774,0.08243241797331369,0.03515625,8.0
5172,5.0,10,ICM,True,0.05722077642785303,0.045847790001062094,433,1.0,0.05,0.08110474409560918,0.025,0.09415748478565555,0.0,0.10721022547570191,0.013052740690046364,1.8396571043855498e-10,0.0680520032215971,12.126354869056254,0.07609685690506152,0.09765625,8.0
5189,5.0,10,DCM,True,0.038885194740763164,0.017901555000207736,55,1.0,0.0,0.04800000203334387,0.0,0.04800000203334387,0.0,0.04800000203334387,0.0,0.0,0.04800000203334387,8.349615712499512,0.0655967903821762,0.03515625,8.0
5189,5.0,10,ICM-noSI,True,0.03888519554465166,0.03786608200061892,253,1.0,0.0,0.048000000122552,0.0,0.04800000019777085,0.0,0.048000000272989694,7.521884740553494e-11,4.401885363604355e-11,0.0480000000033143,8.411130688761828,0.06553152447941657,0.03515625,8.0
5189,5.0,10,ICM,True,0.03706238425935737,0.04713910099962959,433,1.0,0.125,0.08178618351005315,0.05,0.08178618382406216,0.05,0.08178618413807118,3.1400902082372896e-10,5.50656532053708e-11,0.08178618314097846,2.670769102524243,0.031499999912959625,0.03515625,8.0
5206,5.0,10,DCM,True,0.0270504277777115,0.019776310000452213,55,1.0,0.025,0.08102813974707175,0.0,0.08102813974707175,0.0,0.08102813974707175,0.0,0.0,0.08102813974707175,10.860423618794968,0.07360623396395533,0.046875,8.0
5206,5.0,10,ICM-noSI,True,0.02705042774340777,0.03252930499911599,253,1.0,0.025,0.08155476170342035,0.0,0.09034209071835966,0.0,0.09912941973329895,0.008787329014939293,1.7109816522529657e-11,0.07276743267137126,17.45303081959721,0.07534863664631353,0.05859375,8.0
5206,5.0,10,ICM,True,0.030990896172656806,0.04377783200106933,433,1.0,0.15,0.11613533468903578,0.25,0.13997811079548014,0.25,0.1638208869019245,0.023842776106444356,2.1946326756609302e-11,0.09229255856064508,4.011482214952773,0.02558305766325153,0.0859375,8.0
5223,5.0,10,DCM,True,0.01577100779102187,0.018403561000013724,55,1.0,0.025,0.054942591777034186,0.0,0.054942591777034186,0.0,0.054942591777034186,0.0,0.0,0.054942591777034186,8.847721547291394,0.06687108487733756,0.0234375,8.0
5223,5.0,10,ICM-noSI,True,0.015769137863163588,0.031279918001018814,253,1.0,0.025,0.05494285989616406,0.0,0.054945329360925,0.0,0.054947798825685935,2.4694647609310293e-06,2.2404525198371485e-10,0.05494039020735788,8.847344218822865,0.06686671394615099,0.0234375,8.0
5223,5.0,10,ICM,True,0.03487914615316246,0.04455172599955404,433,1.0,0.2,0.08956233556210905,0.225,0.08956233771839862,0.1,0.08956233987468822,2.1562895781093137e-09,7.386666025206883e-10,0.08956233266715287,2.4453259815275272,0.016499998019797582,0.0390625,8.0
5240,5.0,10,DCM,True,0.07255413043837816,0.0177908670011675,55,1.0,0.1,0.08409060249521522,0.05,0.08409060249521522,0.0,0.08409060249521522,0.0,0.0,0.08409060249521522,5.6532361097737125,0.12077154616849428,0.0546875,8.0
5240,5.0,10,ICM-noSI,True,0.04478535238311774,0.03254532599930826,253,1.0,0.1,0.08871380029789407,0.05,0.11258696586228037,0.05,0.13646013142666663,0.023873165564386283,1.9492792831751753e-10,0.06484063453857986,4.367501476001926,0.06286337945969295,0.03125,8.0
5240,5.0,10,ICM,True,0.04894533381327424,0.04558961400107364,433,1.0,0.2,0.1121969897028718,0.225,0.1408069979344019,0.125,0.16941700616593203,0.02861000823153011,4.277490638651564e-11,0.08358698142856678,2.409120300956812,0.0319756362098762,0.08203125,8.0
5257,5.0,10,DCM,True,0.042170470448325774,0.01798938200045086,55,1.0,0.075,0.07227892357126932,0.075,0.07227892357126932,0.025,0.07227892357126932,0.0,0.0,0.07227892357126932,5.8477329854642335,0.04614222097834139,0.07421875,8.0
5257,5.0,10,ICM-noSI,True,0.042170461546438304,0.030986925999968662,253,1.0,0.0,0.07109940002190675,0.075,0.07874101753625863,0.025,0.08638263505061053,0.007641617514351888,2.4672481473468322e-09,0.06345778004030671,9.219730401271397,0.048603476557764314,0.0859375,8.0
5257,5.0,10,ICM,True,0.03997621222952097,0.04505765999965661,433,1.0,0.0,0.08677053676318137,0.025,0.10064001462561674,0.0,0.11450949248805206,0.013869477862435354,0.004229934664548582,0.06867112423619744,5.09601713260879,0.05172164657136713,0.0703125,8.0
5274,5.0,10,DCM,True,0.02944850955044229,0.01917437600059202,55,1.0,0.0,0.05235491389198181,0.0,0.05235491389198181,0.0,0.05235491389198181,0.0,0.0,0.05235491389198181,7.261790560701222,0.07909302329628287,0.03515625,8.0
5274,5.0,10,ICM-noSI,True,0.029448510507442474,0.032033233999754884,253,1.0,0.0,0.05235490852610576,0.0,0.052354908579709314,0.0,0.05235490863331288,5.360355828364472e-11,2.5060334145355593e-11,0.05235490844744186,7.2110840456602014,0.07909321248215573,0.03515625,8.0
5274,5.0,10,ICM,True,0.058579030703628,0.04785708599956706,433,1.0,0.075,0.09417683042596785,0.1,0.09417683157107652,0.075,0.09417683271618518,1.145108670040379e-09,3.7728056963574525e-10,0.09417682890357862,3.9466732810645704,0.047376546038712664,0.05859375,8.0
5291,5.0,10,DCM,True,0.04109440821695866,0.018373449998762226,55,1.0,0.0,0.0816155246722626,0.025,0.0816155246722626,0.0,0.0816155246722626,0.0,0.0,0.0816155246722626,8.646775347606777,0.05049927498849571,0.0390625,8.0
5291,5.0,10,ICM-noSI,True,0.04109440725944001,0.03238758499901451,253,1.0,0.0,0.08161552447290706,0.025,0.08161552473602303,0.0,0.08161552499913902,2.631159862880597e-10,3.6211569098753637e-10,0.08161552384767537,8.67808814659771,0.05064502227912826,0.0390625,8.0
5291,5.0,10,ICM,True,0.05228192176047828,0.043682076000550296,433,1.0,0.075,0.09373052122181721,0.05,0.09373052159507808,0.05,0.09373052196833893,3.7326085703984553e-10,4.594251812535836e-10,0.09373052038913118,2.2390435381142675,0.022104891191863096,0.046875,8.0
5308,5.0,10,DCM,True,0.03912803788620105,0.018541657000241685,55,1.0,0.05,0.0730095458485101,0.025,0.0730095458485101,0.0,0.0730095458485101,0.0,0.0,0.0730095458485101,11.87926929483165,0.11277027221669889,0.05078125,8.0
5308,5.0,10,ICM-noSI,True,0.03912803783784339,0.03679307200036419,253,1.0,0.05,0.07300954574547058,0.025,0.07300954586426196,0.0,0.07300954598305334,1.1879137397803266e-10,3.376959348716845e-11,0.07300954559290962,12.002149710733557,0.11366109543713987,0.05078125,8.0
5308,5.0,10,ICM,True,0.04903727339713813,0.04481563800072763,433,1.0,0.125,0.0896245877023728,0.075,0.09864104334645445,0.05,0.10765749899053612,0.00901645564408165,3.4077012588580884e-10,0.08060813171752103,2.3886625595550903,0.052606854213269716,0.04296875,8.0
5325,5.0,10,DCM,True,0.03657163417931558,0.01846330499938631,55,1.0,0.0,0.0861965940385229,0.0,0.0861965940385229,0.0,0.0861965940385229,0.0,0.0,0.0861965940385229,5.366461890302895,0.09414161638892699,0.0546875,8.0
5325,5.0,10,ICM-noSI,True,0.03657163392450939,0.03218661400023848,253,1.0,0.0,0.07989269725775885,0.0,0.08871297093792355,0.0,0.09753324461808825,0.008820273680164708,4.2091624132511597e-10,0.07107242315667789,10.644598577754342,0.09414161167705491,0.0703125,8.0
5325,5.0,10,ICM,True,0.038453433641625505,0.044197426999744494,433,1.0,0.2,0.09388988662383227,0.2,0.10560487669932586,0.1,0.11731986677481943,0.011714990075493575,2.9770843463133083e-10,0.08217489625063026,2.967198795615991,0.031083867494164696,0.0546875,8.0
5342,5.0,10,DCM,True,0.02709298290821992,0.01830901999892376,55,1.0,0.0,0.06501538182836131,0.0,0.06501538182836131,0.0,0.06501538182836131,0.0,0.0,0.06501538182836131,7.910712858390071,0.0797322479991687,0.0390625,8.0
5342,5.0,10,ICM-noSI,True,0.02641839599799152,0.03269647200067993,253,1.0,0.0,0.06363579254512189,0.0,0.0792715839510417,0.0,0.09490737535696152,0.015635791405919818,5.708415233098796e-11,0.048000001082117924,8.058933261298503,0.08110450604133052,0.0390625,8.0
5342,5.0,10,ICM,True,0.05702314773298488,0.044628527999520884,433,1.0,0.225,0.10801414124579138,0.15,0.13722575639241485,0.05,0.16643737153903831,0.02921161514662346,8.703029652426356e-11,0.07880252601213762,2.235024880086561,0.033348755166455746,0.07421875,8.0
5359,5.0,10,DCM,True,0.021285184702188046,0.017878819000543444,55,1.0,0.025,0.05644278808227234,0.0,0.05644278808227234,0.0,0.05644278808227234,0.0,0.0,0.05644278808227234,9.131403238152712,0.05804462652710209,0.02734375,8.0
5359,5.0,10,ICM-noSI,True,0.014260917220656215,0.03288119100034237,253,1.0,0.05,0.059462328277156806,0.0,0.07092465634032662,0.025,0.08238698440349643,0.011462328063169814,2.092943922243252e-10,0.0480000000046926,9.10733813411786,0.06425304887818467,0.03125,8.0
5359,5.0,10,ICM,True,0.026693046477682433,0.04631175000031362,433,1.0,0.1,0.07617116456416939,0.0,0.07734480829595225,0.0,0.07851845202773511,0.001173643731782854,1.7422702845276512e-11,0.07499752081496383,3.7966520041651215,0.031499999939142015,0.046875,8.0
5376,5.0,10,DCM,True,0.01602308677075616,0.01800575199922605,55,1.0,0.0,0.048000000019865326,0.0,0.048000000019865326,0.0,0.048000000019865326,0.0,0.0,0.048000000019865326,8.949359251013519,0.06735567971992429,0.02734375,8.0
5376,5.0,10,ICM-noSI,True,0.01602308659312869,0.031579059999785386,253,1.0,0.0,0.04800000129678913,0.0,0.04800000226395258,0.0,0.04800000323111604,9.671634527191783e-10,3.4815626178834314e-10,0.04799999998146942,8.958449771621353,0.06715827050999768,0.02734375,8.0
5376,5.0,10,ICM,True,0.018638763773903298,0.04325251800037222,433,1.0,0.05,0.0983094754135941,0.05,0.14020020119207013,0.05,0.18209092697054616,0.04189072577847604,0.00523460382996818,0.05118414580514987,4.864787891637544,0.05468586723177138,0.05859375,8.0
5393,5.0,10,DCM,True,0.058752274469819794,0.017836678000094253,55,1.0,0.025,0.0733140004790587,0.0,0.0733140004790587,0.0,0.0733140004790587,0.0,0.0,0.0733140004790587,11.03619593010273,0.11441848597687743,0.07421875,8.0
5393,5.0,10,ICM-noSI,True,0.058752274225633914,0.06827092499952414,253,1.0,0.025,0.07331400034066715,0.0,0.07331400071406458,0.0,0.07331400108746197,3.7339741315136283e-10,9.737458626114138e-11,0.07331399986989516,11.036196007955448,0.11441848199354732,0.07421875,8.0
5393,5.0,10,ICM,True,0.05851663811535704,0.04575551000016276,433,1.0,0.1,0.09225157739851637,0.05,0.09621826069884525,0.025,0.1001849439991741,0.003966683300328865,1.0769355293484116e-10,0.08828489399049397,5.593670691465016,0.09773794911663491,0.03125,8.0
1210,1.0,30,DCM,True,0.011643407304135454,0.05030270899987954,115,1.0,1.0,0.04800000012651576,0.85,0.04800000012651576,0.7,0.04800000012651576,0.0,0.0,0.04800000012651576,0.44917133375653984,0.0031147170144752573,0.01953125,8.0
1210,1.0,30,ICM-noSI,True,0.011643407672171268,0.0674614580002526,673,1.0,1.0,0.04800000011427872,0.85,0.04800000019528539,0.7,0.048000000276292074,8.100667831395663e-11,3.1934701241797055e-11,0.048000000001337334,0.5092658791801211,0.003165673858265605,0.01953125,8.0
1210,1.0,30,ICM,True,0.011643407607544492,0.07931922799980384,853,1.0,1.0,0.048000001668727435,1.0,0.048000002875035766,1.0,0.048000004081344104,1.206308333938164e-09,4.815637959373015e-10,0.0479999999808553,0.20679732064605524,0.0016030766737437085,0.015625,8.0
1227,1.0,30,DCM,True,0.013593186641527413,0.0372506820003764,115,1.0,0.975,0.04800000003186121,0.8,0.04800000003186121,0.55,0.04800000003186121,0.0,0.0,0.04800000003186121,0.6764499767608839,0.004164084432651816,0.01953125,8.0
1227,1.0,30,ICM-noSI,True,0.013593186605268643,0.06786736300091434,673,1.0,0.975,0.04800000073338229,0.725,0.048000001232868295,0.45,0.04800000173235429,4.99486002129919e-10,2.1366385349827495e-10,0.04800000002023243,0.7686780455077818,0.004597643047053984,0.015625,8.0
1227,1.0,30,ICM,True,0.013593186649766944,0.08308223700078088,853,1.0,1.0,0.048000000174959014,0.95,0.048000000297809445,0.8,0.04800000042065987,1.2285042853487084e-10,5.327252282049226e-11,0.04799999999883606,0.4034588196560679,0.004192938415533254,0.01953125,8.0
1244,1.0,30,DCM,True,0.014876510704299533,0.03663984000013443,115,1.0,0.925,0.04800000004165689,0.65,0.04800000004165689,0.45,0.04800000004165689,0.0,0.0,0.04800000004165689,1.0449376442453944,0.007206921898650687,0.01953125,8.0
1244,1.0,30,ICM-noSI,True,0.014876510676562415,0.06720532299914339,673,1.0,0.925,0.04800000037032311,0.675,0.048000000626137254,0.425,0.048000000881951395,2.5581413686796075e-10,9.613421450098773e-11,0.04800000001837477,1.04154540304439,0.00736699885755665,0.015625,8.0
1244,1.0,30,ICM,True,0.014876510713647768,0.1447813729992049,853,1.0,1.0,0.048000000088424956,1.0,0.0480000001528824,0.9,0.048000000217339855,6.445744948965128e-11,2.3699483684953167e-11,0.04800000000026802,0.2809433451412939,0.0032613424356807696,0.01953125,8.0
1261,1.0,30,DCM,True,0.013642063814080237,0.038059886001065024,115,1.0,1.0,0.048000000013134446,0.85,0.048000000013134446,0.65,0.048000000013134446,0.0,0.0,0.048000000013134446,0.5937004200245073,0.004100815754195991,0.01953125,8.0
1261,1.0,30,ICM-noSI,True,0.013642063812916829,0.06695170900093217,673,1.0,0.975,0.04800000017745163,0.85,0.04800000029522912,0.625,0.04800000041300663,1.1777750073559738e-10,6.04116160062032e-11,0.04799999999926251,0.5791317589803132,0.0044235444396693024,0.015625,8.0
1261,1.0,30,ICM,True,0.013642063816600908,0.0775654230001237,853,1.0,1.0,0.04800000007242457,1.0,0.04800000012070828,1.0,0.048000000168992,4.8283718936132876e-11,2.4739489406130025e-11,0.047999999999401355,0.22531020547020883,0.0013411092896623567,0.01953125,8.0
1278,1.0,30,DCM,True,0.01574304433279062,0.038044159999117255,115,1.0,0.85,0.048000000456496786,0.525,0.048000000456496786,0.3,0.048000000456496786,0.0,0.0,0.048000000456496786,1.006672100785394,0.006668691995065369,0.01953125,8.0
1278,1.0,30,ICM-noSI,True,0.01574304457729585,0.06780713599982846,673,1.0,0.875,0.04800000091125839,0.475,0.04800000151819993,0.275,0.04800000212514146,6.069415380297728e-10,2.9530705300351356e-10,0.0480000000090098,1.0565375011444926,0.0071445117181918715,0.015625,8.0
1278,1.0,30,ICM,True,0.01574304451428758,0.11018527099986386,853,1.0,1.0,0.04800000074243728,0.8,0.048000001244700205,0.65,0.04800000174696314,5.02262930664454e-10,2.457311315062441e-10,0.04799999999444322,0.4078422198171499,0.004642217009247052,0.015625,8.0
1295,1.0,30,DCM,True,0.016921428721772783,0.037534088998654624,115,1.0,1.0,0.04800000011246357,0.875,0.04800000011246357,0.675,0.04800000011246357,0.0,0.0,0.04800000011246357,0.5042860656327467,0.00610260758530512,0.01953125,8.0
1295,1.0,30,ICM-noSI,True,0.016921428822401104,0.06967554400034714,673,1.0,1.0,0.04800000003774133,0.925,0.04800000006376744,0.7,0.04800000008979354,2.6026105950384467e-11,1.0679447993147859e-11,0.04800000000103578,0.5069153197680928,0.006138333416555453,0.01953125,8.0
1295,1.0,30,ICM,True,0.016921428726863325,0.07630258700010017,853,1.0,1.0,0.04800000074372025,0.95,0.04800000127534902,0.875,0.0480000018069778,5.316287713479594e-10,2.212057404397031e-10,0.04799999999088574,0.3156142286891236,0.00465187002786549,0.015625,8.0
1312,1.0,30,DCM,True,0.016389641090426055,0.0381836310007202,115,1.0,0.9,0.048000000025690936,0.8,0.048000000025690936,0.5,0.048000000025690936,0.0,0.0,0.048000000025690936,0.7986691754399801,0.005928620207607982,0.01953125,8.0
1312,1.0,30,ICM-noSI,True,0.016389641072911923,0.0657795189999888,673,1.0,0.9,0.0480000002645905,0.725,0.048000000451002736,0.475,0.04800000063741496,1.8641222704535957e-10,6.78044252941479e-11,0.048000000010373856,0.9494759853932788,0.006177045583482421,0.01953125,8.0
1312,1.0,30,ICM,True,0.01638964108997807,0.07984431499971834,853,1.0,0.95,0.048000000020790114,0.85,0.04800000003601997,0.775,0.04800000005124984,1.5229863283889327e-11,5.542612559799389e-12,0.04800000000001764,0.5074316215365552,0.0045188399287272585,0.01953125,8.0
1329,1.0,30,DCM,True,0.01127765767930475,0.044717351000144845,115,1.0,1.0,0.04800000020264452,0.925,0.04800000020264452,0.75,0.04800000020264452,0.0,0.0,0.04800000020264452,0.4356494323614345,0.0028291659103125005,0.01953125,8.0
1329,1.0,30,ICM-noSI,True,0.011277657704603941,0.06865767700037395,673,1.0,1.0,0.04800000043658389,0.9,0.04800000075274685,0.7,0.048000001068909816,3.161629631287593e-10,1.0384042085349343e-10,0.0480000000165805,0.42335582193136057,0.0029144493588422193,0.01953125,8.0
1329,1.0,30,ICM,True,0.011277657696092165,0.08152494600108184,853,1.0,1.0,0.04800000036057225,0.925,0.04800000063202467,0.775,0.04800000090347708,2.714524160856832e-10,8.990858764359774e-11,0.04799999999921124,0.2929278287454971,0.002433655382305,0.01953125,8.0
1346,1.0,30,DCM,True,0.01864716777078898,0.07812492199991539,115,1.0,1.0,0.04800000009999959,0.975,0.04800000009999959,0.95,0.04800000009999959,0.0,0.0,0.04800000009999959,0.41770272371362877,0.002620809784470393,0.01953125,8.0
1346,1.0,30,ICM-noSI,True,0.018647167835953448,0.0680891439988045,673,1.0,1.0,0.048000001215256174,0.9,0.04800000208879818,0.725,0.04800000296234017,8.735419999015872e-10,3.241176927527814e-10,0.04800000001759648,0.6101533197229302,0.0037547140395541856,0.015625,8.0
1346,1.0,30,ICM,True,0.018647167970288266,0.08731852699929732,853,1.0,1.0,0.04800000004805742,1.0,0.04800000008307948,1.0,0.04800000011810155,3.502206549415197e-11,1.3141397052889657e-11,0.04799999999989396,0.3040649995038244,0.0007331311383323991,0.01953125,8.0
1363,1.0,30,DCM,True,0.018335090098433895,0.03848552999988897,115,1.0,0.95,0.04800000000214867,0.8,0.04800000000214867,0.525,0.04800000000214867,0.0,0.0,0.04800000000214867,0.7511569382883491,0.003546441743174228,0.01953125,8.0
1363,1.0,30,ICM-noSI,True,0.018335090092978214,0.11064945199905196,673,1.0,0.95,0.048000000109227295,0.8,0.048000000194842594,0.625,0.048000000280457894,8.561529761929782e-11,2.355681796035398e-11,0.048000000000055186,0.7401068314131086,0.0036687610622733458,0.01953125,8.0
1363,1.0,30,ICM,True,0.018335090086611102,0.08384403300078702,853,1.0,1.0,0.048000000148525915,0.95,0.04800000026527336,0.8,0.048000000382020805,1.1674744226010854e-10,3.172516323561661e-11,0.04800000000005332,0.46378493164015094,0.0029183319828545162,0.01953125,8.0
1380,1.0,30,DCM,True,0.014606956880416567,0.038744643999962136,115,1.0,0.9,0.048000000006877805,0.775,0.048000000006877805,0.5,0.048000000006877805,0.0,0.0,0.048000000006877805,1.1386622220877889,0.007784675354423842,0.01953125,8.0
1380,1.0,30,ICM-noSI,True,0.014606956869816069,0.06851468999957433,673,1.0,0.9,0.04800000047228296,0.7,0.048000000781689,0.45,0.048000001091095035,3.094060366676427e-10,1.5074309558523974e-10,0.04800000001213384,1.152792040993778,0.007891068309269,0.01953125,8.0
1380,1.0,30,ICM,True,0.014606956876916414,0.12174679800045851,853,1.0,1.0,0.04800000006830577,0.95,0.04800000011415375,0.95,0.04800000016000173,4.5847979685317915e-11,2.2395931740133778e-11,0.048000000000061854,0.38601224840962145,0.001725832008747874,0.01953125,8.0
1397,1.0,30,DCM,True,0.01739481460051671,0.03941300999940722,115,1.0,0.725,0.048000000010036854,0.475,0.048000000010036854,0.175,0.048000000010036854,0.0,0.0,0.048000000010036854,1.1782839542054475,0.008457471262384608,0.01953125,8.0
1397,1.0,30,ICM-noSI,True,0.017394814459439335,0.06783272399843554,673,1.0,0.7,0.04800000127492106,0.4,0.04800000220020734,0.15,0.048000003125493615,9.252862828135976e-10,3.485009430994819e-10,0.04800000000113383,1.1977771924340161,0.008576075862260071,0.015625,8.0
1397,1.0,30,ICM,True,0.01739481458998903,0.07887338699947577,853,1.0,1.0,0.04800000020486235,0.975,0.04800000035448336,0.925,0.04800000050410437,1.4962100413421606e-10,5.639767420219493e-11,0.047999999998843676,0.36396646810689104,0.0033013685500921097,0.01953125,8.0
1414,1.0,30,DCM,True,0.01907461348273845,0.04010942800050543,115,1.0,0.95,0.04800000000644267,0.675,0.04800000000644267,0.325,0.04800000000644267,0.0,0.0,0.04800000000644267,0.715951810456684,0.006282950177922991,0.01953125,8.0
1414,1.0,30,ICM-noSI,True,0.019074613483067653,0.06865042899880791,673,1.0,0.925,0.048000000027026375,0.625,0.04800000004595727,0.325,0.04800000006488817,1.8930897523764942e-11,7.880436735821156e-12,0.048000000000215044,0.7904172413629774,0.005645025613549251,0.01953125,8.0
1414,1.0,30,ICM,True,0.019074613415885556,0.12102190900077403,853,1.0,1.0,0.04800000033310944,1.0,0.04800000056674262,0.975,0.04800000080037581,2.3363318504085116e-10,9.872199607970659e-11,0.04800000000075426,0.2293115461557407,0.002003903688508668,0.01953125,8.0
1431,1.0,30,DCM,True,0.016592409753945856,0.03912632100036717,115,1.0,0.975,0.048000000008820855,0.725,0.048000000008820855,0.625,0.048000000008820855,0.0,0.0,0.048000000008820855,0.8682482059141323,0.005376361340609315,0.01953125,8.0
1431,1.0,30,ICM-noSI,True,0.016592409745545447,0.06643087900010869,673,1.0,0.95,0.04800000046807472,0.725,0.048000000799672204,0.6,0.048000001131269676,3.3159747665633694e-10,1.3029210406395052e-10,0.04800000000618514,0.9008271558106526,0.005926487578105017,0.015625,8.0
1431,1.0,30,ICM,True,0.016592409743861693,0.11582382800042978,853,1.0,1.0,0.0480000006109649,1.0,0.04800000104746909,1.0,0.048000001483973286,4.3650419111831225e-10,1.7174301058614637e-10,0.0480000000027177,0.13574142918615809,0.0017936816314269022,0.01953125,8.0
1448,1.0,30,DCM,True,0.01851079190246736,0.037212164999800734,115,1.0,0.9,0.04800000001262045,0.65,0.04800000001262045,0.325,0.04800000001262045,0.0,0.0,0.04800000001262045,0.9378456794919081,0.0077834249719456045,0.01953125,8.0
1448,1.0,30,ICM-noSI,True,0.018510791911627123,0.06466616399848135,673,1.0,0.8,0.04800000016272576,0.55,0.04800000027025114,0.275,0.04800000037777653,1.0752538547493081e-10,4.9775699986580734e-11,0.048000000005424676,1.2305417756421262,0.009802308001709337,0.01953125,8.0
1448,1.0,30,ICM,True,0.01851079189747528,0.1194564769994031,853,1.0,1.0,0.04800000015889127,1.0,0.04800000026716351,0.975,0.04800000037543574,1.082722344243503e-10,5.024995278435304e-11,0.04800000000036908,0.2612326711296114,0.00447388816304739,0.01953125,8.0
1465,1.0,30,DCM,True,0.013352084767722934,0.03759041999910551,115,1.0,0.85,0.048000000347789215,0.575,0.048000000347789215,0.35,0.048000000347789215,0.0,0.0,0.048000000347789215,0.90997905142185,0.008077742267314503,0.01953125,8.0
1465,1.0,30,ICM-noSI,True,0.013352085026649075,0.06573579299947596,673,1.0,0.825,0.048000001090829435,0.575,0.0480000018757432,0.25,0.04800000266065697,7.849137620389324e-10,3.080406391323396e-10,0.047999999997875034,0.9404919054130084,0.008490459767055314,0.015625,8.0
1465,1.0,30,ICM,True,0.013352085030958836,0.12493648599956941,853,1.0,0.975,0.04800000055619451,0.925,0.04800000095869804,0.825,0.048000001361201555,4.025035209115633e-10,1.601658608002993e-10,0.04799999999352514,0.46775093793343003,0.004433742109316241,0.01953125,8.0
1482,1.0,30,DCM,True,0.015143707868000244,0.03771934700125712,115,1.0,1.0,0.048000000023855335,0.65,0.048000000023855335,0.35,0.048000000023855335,0.0,0.0,0.048000000023855335,0.8519831723835323,0.004464230187671947,0.01953125,8.0
1482,1.0,30,ICM-noSI,True,0.015143707919997562,0.06650375000026543,673,1.0,1.0,0.04800000004549805,0.6,0.04800000007827264,0.325,0.04800000011104724,3.277459146466456e-11,1.127092891392689e-11,0.048000000001452534,0.9085791306626285,0.0048132256240033255,0.01953125,8.0
1482,1.0,30,ICM,True,0.015143707801683318,0.08373601099992811,853,1.0,1.0,0.04800000112854363,1.0,0.048000001967058295,1.0,0.04800000280557297,8.385146709424507e-10,2.911221288006181e-10,0.04799999999890682,0.2289708542897615,0.0022573946310233683,0.01953125,8.0
1499,1.0,30,DCM,True,0.010936095255614016,0.04203393999887339,115,1.0,0.95,0.04800000008280417,0.825,0.04800000008280417,0.45,0.04800000008280417,0.0,0.0,0.04800000008280417,0.719630808138576,0.004585456431128496,0.01953125,8.0
1499,1.0,30,ICM-noSI,True,0.01093609530530883,0.10635634899881552,673,1.0,0.95,0.0480000001784655,0.75,0.048000000305387924,0.475,0.048000000432310355,1.2692242988279397e-10,4.798780008762884e-11,0.048000000003555275,0.8388800046239069,0.005570164763520638,0.01953125,8.0
1499,1.0,30,ICM,True,0.010936095229116802,0.07833721399947535,853,1.0,1.0,0.0480000008144683,0.95,0.048000001406720456,0.75,0.04800000199897262,5.922521581455492e-10,2.2662871768001916e-10,0.047999999995587427,0.3222028781047241,0.003609841316931983,0.01953125,8.0
1516,1.0,30,DCM,True,0.02153203976284363,0.036273226998673636,115,1.0,1.0,0.04800000001259342,0.825,0.04800000001259342,0.625,0.04800000001259342,0.0,0.0,0.04800000001259342,0.5817513769763966,0.0043196648729607046,0.01953125,8.0
1516,1.0,30,ICM-noSI,True,0.021532039772144324,0.06908188799934578,673,1.0,0.975,0.0480000003920513,0.85,0.04800000063209915,0.625,0.04800000087214699,2.4004784378647163e-10,1.4113071156174385e-10,0.04800000001087274,0.5751766786401242,0.0036137667409875673,0.015625,8.0
1516,1.0,30,ICM,True,0.021532039761122106,0.12209802600045805,853,1.0,1.0,0.04800000028102775,1.0,0.04800000045645976,1.0,0.04800000063189175,1.7543200130302986e-10,1.0329405152679264e-10,0.0480000000023017,0.16701747424674424,0.001441930877851827,0.01953125,8.0
1533,1.0,30,DCM,True,0.017664924918254745,0.03856570700008888,115,1.0,1.0,0.04800000004080375,0.825,0.04800000004080375,0.55,0.04800000004080375,0.0,0.0,0.04800000004080375,0.6311763161966137,0.004828046747212114,0.01953125,8.0
1533,1.0,30,ICM-noSI,True,0.017664924929090404,0.07065474100090796,673,1.0,1.0,0.0480000000722776,0.775,0.04800000011863848,0.525,0.04800000016499936,4.636088257693772e-11,2.3065023048963764e-11,0.04800000000285169,0.6586518222043296,0.0048301471875469015,0.01953125,8.0
1533,1.0,30,ICM,True,0.017664924904316426,0.0784800780002115,853,1.0,1.0,0.04800000045601594,1.0,0.04800000076366037,1.0,0.0480000010713048,3.07644434932522e-10,1.5351584631325275e-10,0.04799999999485566,0.1761057782583118,0.0012390341201027333,0.015625,8.0
2210,2.0,30,DCM,True,0.01764473234662443,0.04538776699882874,115,1.0,0.3,0.04827231931132808,0.175,0.04827231931132808,0.1,0.04827231931132808,0.0,0.0,0.04827231931132808,1.1638745990218724,0.005004822224655592,0.01953125,8.0
2210,2.0,30,ICM-noSI,True,0.017644732195966666,0.07272080700022343,673,1.0,0.325,0.04827232061748899,0.15,0.048272322052094856,0.1,0.04827232348670072,1.4346058660323635e-09,4.179786324080316e-10,0.048272318764904495,1.185618551773613,0.005054719789689299,0.015625,8.0
2210,2.0,30,ICM,True,0.017644732362840695,0.09281347399883089,853,1.0,0.3,0.050266451251583376,0.225,0.050266456620728726,0.125,0.05026646198987408,5.36914534711686e-09,6.980282973137754e-11,0.050266445812635195,1.9496730210927196,0.011616392749115634,0.01953125,8.0
2227,2.0,30,DCM,True,0.02031510492806003,0.0378670250011055,115,1.0,0.45,0.05164312086447363,0.25,0.05164312086447363,0.1,0.05164312086447363,0.0,0.0,0.05164312086447363,1.0821533416024551,0.009790502573181592,0.0234375,8.0
2227,2.0,30,ICM-noSI,True,0.020315104901555303,0.07403564600099344,673,1.0,0.425,0.05167623953964434,0.275,0.052754233020910625,0.15,0.053832226502176894,0.00107799348126628,1.1489089642782292e-10,0.05059824594348715,1.0930530603378206,0.00983250391578716,0.02734375,8.0
2227,2.0,30,ICM,True,0.021433069740285207,0.0941290669998125,853,1.0,0.475,0.053046332801113726,0.275,0.05304635523804628,0.175,0.05304637767497884,2.2436932555579858e-08,2.8845604948758663e-09,0.05304630747962068,0.8779220212486356,0.007978415692307173,0.02734375,8.0
2244,2.0,30,DCM,True,0.013198527797210398,0.03888132600150129,115,1.0,0.525,0.04989144973750928,0.45,0.04989144973750928,0.3,0.04989144973750928,0.0,0.0,0.04989144973750928,1.141258803865411,0.005554431442292285,0.01953125,8.0
2244,2.0,30,ICM-noSI,True,0.012698888069293257,0.07188275100088504,673,1.0,0.525,0.050185655396202414,0.45,0.05115715481578048,0.35,0.05212865423535854,0.0009714994195780639,5.712182928103278e-11,0.049214155919502525,1.2821037450512884,0.006477436419289939,0.01953125,8.0
2244,2.0,30,ICM,True,0.012198613247446989,0.13370367500101565,853,1.0,0.575,0.05095405792959491,0.6,0.05212356486429302,0.525,0.05329307179899114,0.0011695069346981137,0.00042533080847047874,0.049359220186426314,0.5236922114285745,0.004420013005993498,0.0234375,8.0
2261,2.0,30,DCM,True,0.017948220936763078,0.04007586700026877,115,1.0,0.475,0.051414263922642534,0.45,0.051414263922642534,0.325,0.051414263922642534,0.0,0.0,0.051414263922642534,0.9770136323679192,0.004507444669662741,0.0234375,8.0
2261,2.0,30,ICM-noSI,True,0.017948220523974615,0.07047936300114088,673,1.0,0.5,0.051414266496702485,0.4,0.05141427367598574,0.275,0.051414280855269,7.179283265452233e-09,6.092826090283266e-10,0.05141425870813661,0.9770147069637304,0.00450744285342039,0.0234375,8.0
2261,2.0,30,ICM,True,0.018091266624442884,0.08798985899920808,853,1.0,0.4,0.0518669976752165,0.3,0.05186699998845705,0.325,0.05186700230169761,2.3132405591674884e-09,5.196200898814247e-10,0.05186699484235584,0.6191743594588878,0.0023058262675541286,0.01953125,8.0
2278,2.0,30,DCM,True,0.01952772805275253,0.037767683001220576,115,1.0,0.3,0.04968619377083027,0.15,0.04968619377083027,0.025,0.04968619377083027,0.0,0.0,0.04968619377083027,1.8365260657671292,0.008767803062059279,0.0234375,8.0
2278,2.0,30,ICM-noSI,True,0.019527728134041283,0.07393798399971274,673,1.0,0.3,0.04968619469726909,0.175,0.04968619980652485,0.05,0.04968620491578059,5.109255749757887e-09,5.344074912442848e-10,0.04968618905360585,1.775475497218515,0.008285689501218649,0.01953125,8.0
2278,2.0,30,ICM,True,0.021950338695205913,0.09552695200000016,853,1.0,0.625,0.051093518680131234,0.525,0.05109352011466155,0.375,0.051093521549191855,1.434530312008288e-09,2.2158234851668763e-10,0.05109351702401858,0.8750594737370523,0.005277966584594437,0.01953125,8.0
2295,2.0,30,DCM,True,0.016847576993784027,0.037646873999619856,115,1.0,0.325,0.049416938281878695,0.15,0.049416938281878695,0.125,0.049416938281878695,0.0,0.0,0.049416938281878695,2.48039894581396,0.014659068050587587,0.01953125,8.0
2295,2.0,30,ICM-noSI,True,0.015793945994000604,0.07868986799985578,673,1.0,0.425,0.050390154734737694,0.2,0.05278030939669209,0.175,0.05517046405864649,0.002390154661954401,7.43216440023685e-11,0.04799999999846165,1.9426390898989159,0.012174083815996939,0.01953125,8.0
2295,2.0,30,ICM,True,0.01579394595115163,0.1333517560015025,853,1.0,0.4,0.05124633981683746,0.2,0.05422977924301033,0.125,0.057213218669183205,0.002983439426172871,3.066394107875867e-10,0.04826290008402518,2.071883602889948,0.012654559541249832,0.01953125,8.0
2312,2.0,30,DCM,True,0.018427952743886603,0.03703383500032942,115,1.0,0.45,0.050355959692325536,0.225,0.050355959692325536,0.1,0.050355959692325536,0.0,0.0,0.050355959692325536,1.840032192687663,0.007870925696981636,0.0234375,8.0
2312,2.0,30,ICM-noSI,True,0.018427951669581635,0.07427400599954126,673,1.0,0.45,0.050225541243601936,0.225,0.050687562514989584,0.075,0.051149583786377205,0.0004620212713876364,2.922855389759734e-10,0.04976351967992876,1.7995653256915545,0.0075226015104689625,0.015625,8.0
2312,2.0,30,ICM,True,0.018399694175646013,0.0966063750001922,853,1.0,0.6,0.052643183201165455,0.275,0.05370867187679744,0.1,0.05477416055242942,0.0010654886756319877,6.347946128505863e-10,0.05157769389073885,1.1131844636816304,0.008192994552594673,0.01953125,8.0
2329,2.0,30,DCM,True,0.015750182376492453,0.03771872200013604,115,1.0,0.4,0.049696012944667314,0.3,0.049696012944667314,0.2,0.049696012944667314,0.0,0.0,0.049696012944667314,0.9077711476810685,0.00985241639503609,0.01953125,8.0
2329,2.0,30,ICM-noSI,True,0.015750182337030752,0.07376010199914163,673,1.0,0.4,0.049696013102709616,0.325,0.0496960136206949,0.225,0.04969601413868019,5.179852876211591e-10,1.2987097551110212e-10,0.04969601245485335,0.9042310375186904,0.009120251298731619,0.01953125,8.0
2329,2.0,30,ICM,True,0.01575018237018727,0.08818750799946429,853,1.0,0.525,0.050103649604782995,0.375,0.05010364979187966,0.275,0.05010364997897632,1.8709666705684734e-10,4.1246928158601824e-11,0.05010364937643939,1.1519420895656765,0.011482001730923397,0.0234375,8.0
2346,2.0,30,DCM,True,0.015277080492939216,0.03734372600047209,115,1.0,0.45,0.04928398032150582,0.35,0.04928398032150582,0.3,0.04928398032150582,0.0,0.0,0.04928398032150582,1.0341565494139684,0.005167128466508214,0.0234375,8.0
2346,2.0,30,ICM-noSI,True,0.015277080494071716,0.06956389699917054,673,1.0,0.45,0.04928191072090347,0.35,0.049376602144985474,0.325,0.04947129356906748,9.469142408200858e-05,1.5631745113497467e-10,0.049187219140504,1.0115668176477253,0.005055192632389571,0.0234375,8.0
2346,2.0,30,ICM,True,0.015277080407112937,0.08465956899999583,853,1.0,0.65,0.05090975817031222,0.575,0.05204520619228763,0.475,0.05318065421426306,0.001135448021975408,0.0005870916794832268,0.049187218468853586,0.5051244624855573,0.005029422783935034,0.01953125,8.0
2363,2.0,30,DCM,True,0.015333651112358782,0.045606076000694884,115,1.0,0.5,0.04984631161145696,0.375,0.04984631161145696,0.275,0.04984631161145696,0.0,0.0,0.04984631161145696,0.9204377150787171,0.00455056722451086,0.01953125,8.0
2363,2.0,30,ICM-noSI,True,0.01533365097107689,0.07052908800142177,673,1.0,0.475,0.049846311993761584,0.375,0.049846312501549306,0.275,0.049846313009337034,5.077877272466874e-10,1.6412857884895612e-10,0.04984631132184528,0.920437710525765,0.0041232800100856615,0.01953125,8.0
2363,2.0,30,ICM,True,0.01620111897945313,0.08983403500133136,853,1.0,0.575,0.05133933144746472,0.4,0.05133933242823154,0.3,0.0513393334089984,9.807668452023933e-10,1.0658280895151344e-09,0.051339329400869785,0.8219238161559332,0.004460671481495038,0.01953125,8.0
2380,2.0,30,DCM,True,0.013298117612054822,0.07831334199909179,115,1.0,0.45,0.05006442739940566,0.225,0.05006442739940566,0.05,0.05006442739940566,0.0,0.0,0.05006442739940566,2.459310663366009,0.009753671000826794,0.0234375,8.0
2380,2.0,30,ICM-noSI,True,0.013298117220277107,0.06932092500028375,673,1.0,0.425,0.050064428541752345,0.2,0.050064429539611974,0.05,0.0500644305374716,9.978596321247707e-10,5.915597746189664e-10,0.050064426952332944,2.5282298543862645,0.009825956975232579,0.0234375,8.0
2380,2.0,30,ICM,True,0.013636483554046456,0.0906670580006903,853,1.0,0.475,0.051024206211984724,0.325,0.05102420730100508,0.25,0.05102420839002544,1.089020357689969e-09,5.755520141473421e-10,0.051024204547412355,1.4022042113278794,0.009104102344109188,0.015625,8.0
2397,2.0,30,DCM,True,0.01730798773396481,0.03762013300001854,115,1.0,0.175,0.04850860901247038,0.025,0.04850860901247038,0.0,0.04850860901247038,0.0,0.0,0.04850860901247038,2.2008618080279994,0.01371514848706143,0.01953125,8.0
2397,2.0,30,ICM-noSI,True,0.017307987651418336,0.11342290700122248,673,1.0,0.175,0.04855340054078482,0.025,0.04905038184271433,0.025,0.049547363144643836,0.000496981301929505,8.40932126657405e-11,0.0480564191547621,2.2008617383289373,0.013715148801105068,0.01953125,8.0
2397,2.0,30,ICM,True,0.019327202887967822,0.0960821600001509,853,1.0,0.45,0.05043113768161021,0.3,0.05093265303763348,0.15,0.051434168393656776,0.0005015153560232848,5.994375158990632e-10,0.049929621726149405,1.4001256339824115,0.010153124272084854,0.015625,8.0
2414,2.0,30,DCM,True,0.019521066530698697,0.03831547600020713,115,1.0,0.375,0.04998291198058007,0.2,0.04998291198058007,0.1,0.04998291198058007,0.0,0.0,0.04998291198058007,1.364517043744976,0.011888685924032028,0.01953125,8.0
2414,2.0,30,ICM-noSI,True,0.019521066522549556,0.07132827999885194,673,1.0,0.375,0.04998291208660345,0.2,0.04998291313459766,0.1,0.049982914182591875,1.0479942143969833e-09,1.8784770074415626e-10,0.04998291085076153,1.3640853302224607,0.011800373492727556,0.015625,8.0
2414,2.0,30,ICM,True,0.02208856258939045,0.09506506400066428,853,1.0,0.575,0.050739248363836274,0.4,0.050739248610773544,0.325,0.05073924885771082,2.469372698914778e-10,0.00010586302459487976,0.050633385092304126,0.8554214261154408,0.005188275639533668,0.01953125,8.0
2431,2.0,30,DCM,True,0.015236158103601705,0.03741832100058673,115,1.0,0.425,0.04926961454004318,0.35,0.04926961454004318,0.25,0.04926961454004318,0.0,0.0,0.04926961454004318,1.0873620366737518,0.0059241251423164136,0.01953125,8.0
2431,2.0,30,ICM-noSI,True,0.01523615806704177,0.07347738499993284,673,1.0,0.425,0.04925639109936405,0.35,0.0495008614526375,0.25,0.04974533180591094,0.0002444703532734463,6.592740567413681e-11,0.049011920680163204,1.0873619044397957,0.005924125314180036,0.01953125,8.0
2431,2.0,30,ICM,True,0.01515015784443149,0.09542785000121512,853,1.0,0.525,0.05088291095611478,0.45,0.05112738152472461,0.325,0.05137185209333445,0.00024447056860983207,4.460744636008661e-10,0.05063843994143048,0.7374256040026382,0.0049328488978959695,0.01953125,8.0
2448,2.0,30,DCM,True,0.020814585179156225,0.04793660799987265,115,1.0,0.225,0.05015441120031509,0.175,0.05015441120031509,0.1,0.05015441120031509,0.0,0.0,0.05015441120031509,2.1806705296065227,0.012626149766117936,0.02734375,8.0
2448,2.0,30,ICM-noSI,True,0.020452759196291803,0.13036552000085067,673,1.0,0.275,0.050815099099903005,0.175,0.05297462542270035,0.1,0.0551341517454977,0.002159526322797346,6.795417812326366e-09,0.048655565981687854,2.1763781053636655,0.011408031816694364,0.02734375,8.0
2448,2.0,30,ICM,True,0.02135756293382813,0.08927741700063052,853,1.0,0.475,0.0526881392239152,0.325,0.052688139644103904,0.25,0.05268814006429261,4.2018870494647443e-10,3.741596794679557e-10,0.05268813842956682,1.1659136026123091,0.010237094721313997,0.0234375,8.0
2465,2.0,30,DCM,True,0.017208141771562113,0.038637957000901224,115,1.0,0.25,0.0502183769549623,0.2,0.0502183769549623,0.05,0.0502183769549623,0.0,0.0,0.0502183769549623,2.0144941094046502,0.01452466361485652,0.0234375,8.0
2465,2.0,30,ICM-noSI,True,0.017208138203911018,0.08233293500052241,673,1.0,0.25,0.05021837782177026,0.2,0.05021838305072344,0.05,0.05021838827967662,5.228953182432473e-09,3.242536521746286e-09,0.050218369350280546,2.0144926992898085,0.014524646246674102,0.0234375,8.0
2465,2.0,30,ICM,True,0.017832878679848462,0.09023184499892523,853,1.0,0.45,0.0532258111500716,0.325,0.05322581154855025,0.075,0.0532258119470289,3.984786477463204e-10,1.775248576957473e-10,0.0532258105740681,0.9527065252006732,0.007877106397725,0.0234375,8.0
2482,2.0,30,DCM,True,0.018590665859538485,0.04218677299832052,115,1.0,0.225,0.04990281527762143,0.075,0.04990281527762143,0.05,0.04990281527762143,0.0,0.0,0.04990281527762143,2.2242194108466564,0.019688268884827886,0.0234375,8.0
2482,2.0,30,ICM-noSI,True,0.01859066585283537,0.07163855799990415,673,1.0,0.225,0.04990685225558776,0.075,0.05010979326303154,0.05,0.050312734270475334,0.0002029410074437877,3.3760248615005886e-11,0.04970391121438372,2.224219424849136,0.01968826899140297,0.0234375,8.0
2482,2.0,30,ICM,True,0.01808681876151462,0.11177365799994732,853,1.0,0.25,0.05099290068930025,0.1,0.05142320494454329,0.075,0.05185350919978633,0.0004303042552430369,5.912615691371293e-10,0.050562595842795655,1.6538235878578877,0.015824793425679662,0.0234375,8.0
2499,2.0,30,DCM,True,0.012612487827057253,0.04058483100016019,115,1.0,0.4,0.050513080510152464,0.3,0.050513080510152464,0.1,0.050513080510152464,0.0,0.0,0.050513080510152464,1.0330675721545681,0.004823661419347027,0.01953125,8.0
2499,2.0,30,ICM-noSI,True,0.012612488007635161,0.07227808399875357,673,1.0,0.4,0.05051307913937649,0.325,0.05051308004094851,0.1,0.05051308094252053,9.015720214387791e-10,3.532344488172413e-10,0.050513077884570025,1.0330899497553938,0.004823812976213923,0.01953125,8.0
2499,2.0,30,ICM,True,0.013342240777619497,0.1271507820001716,853,1.0,0.625,0.053261677225758565,0.475,0.0532616787381648,0.4,0.053261680250571056,1.5124062437112064e-09,0.00019131647842355286,0.05307035923492877,0.6049203517414602,0.006013752066404088,0.01953125,8.0
2516,2.0,30,DCM,True,0.012620561676624563,0.03634319699995103,115,1.0,0.225,0.049561723621082895,0.175,0.049561723621082895,0.1,0.049561723621082895,0.0,0.0,0.049561723621082895,2.41384478869019,0.010721281241027003,0.015625,8.0
2516,2.0,30,ICM-noSI,True,0.012620561002546247,0.07333247499991558,673,1.0,0.225,0.05004126138631283,0.175,0.051546748366353624,0.1,0.053052235346394416,0.0015054869800407897,8.539168481970448e-10,0.048535773552355194,2.1882699885792185,0.010721281466934407,0.01953125,8.0
2516,2.0,30,ICM,True,0.013622757886451176,0.09042268999837688,853,1.0,0.575,0.05535954056290036,0.5,0.06087020447646169,0.425,0.06638086839002304,0.005510663913561344,4.2250470634282924e-11,0.04984887660708853,0.9297715667738901,0.00623075479362159,0.01953125,8.0
2533,2.0,30,DCM,True,0.016324203831460733,0.03709422199972323,115,1.0,0.225,0.05021490053012273,0.075,0.05021490053012273,0.0,0.05021490053012273,0.0,0.0,0.05021490053012273,1.8182817094717014,0.013764167460751233,0.01953125,8.0
2533,2.0,30,ICM-noSI,True,0.015600327784876128,0.08127754599991022,673,1.0,0.25,0.05051974369513577,0.15,0.0512427942922871,0.05,0.05196584488943843,0.0007230505971513258,1.0083460007551139e-09,0.04979669208963844,1.963892791962455,0.015396795802827944,0.0234375,8.0
2533,2.0,30,ICM,True,0.016581433954942947,0.08602996299850929,853,1.0,0.7,0.05380862840564864,0.7,0.05533810856422108,0.55,0.056867588722793516,0.0015294801585724435,2.0930160694049204e-09,0.05227914615406013,0.456799186869661,0.003476250781757617,0.0234375,8.0
3210,3.0,30,DCM,True,0.026253650507871505,0.047786095999981626,115,1.0,0.35,0.06733656717869697,0.35,0.06733656717869697,0.35,0.06733656717869697,0.0,0.0,0.06733656717869697,1.5010554186226983,0.006352249119519926,0.03125,8.0
3210,3.0,30,ICM-noSI,True,0.02625365039788324,0.07538091399874247,673,1.0,0.275,0.06693055202842083,0.2,0.07167977398982214,0.15,0.0764289959512235,0.004749221961401344,1.275274880947764e-10,0.06218132993949198,3.3283510108546435,0.023507654868252875,0.0390625,8.0
3210,3.0,30,ICM,True,0.029344651179582692,0.09154694999961066,853,1.0,0.35,0.07250655948701719,0.25,0.07689368947599994,0.225,0.0812808194649827,0.004387129988982753,9.575029814930345e-11,0.06811942940228413,2.7700217171742176,0.017949333615866092,0.0390625,8.0
3227,3.0,30,DCM,True,0.026275940935797704,0.03951802999836218,115,1.0,0.425,0.07191388446572394,0.25,0.07191388446572394,0.15,0.07191388446572394,0.0,0.0,0.07191388446572394,0.9554421022546484,0.016627808723961746,0.02734375,8.0
3227,3.0,30,ICM-noSI,True,0.02627594091531591,0.11763738099944021,673,1.0,0.425,0.07191388442954837,0.25,0.07191388456079764,0.15,0.07191388469204693,1.3124927972454207e-10,3.1889132598586803e-11,0.07191388426640996,0.9554421554391938,0.016627808732269544,0.03125,8.0
3227,3.0,30,ICM,True,0.02654684691909784,0.09341568799936795,853,1.0,0.5,0.07447278693689154,0.4,0.07447278759870679,0.325,0.07447278826052206,6.618152677617023e-10,1.225143851759135e-10,0.07447278615256188,0.8960485160949764,0.01015804250245056,0.02734375,8.0
3244,3.0,30,DCM,True,0.026926736530017092,0.0385077069986437,115,1.0,0.45,0.07153325331737717,0.275,0.07153325331737717,0.225,0.07153325331737717,0.0,0.0,0.07153325331737717,1.5301698444132266,0.009902431522609556,0.03515625,8.0
3244,3.0,30,ICM-noSI,True,0.026656671613290297,0.11156915900028253,673,1.0,0.45,0.0717101303146341,0.45,0.07913891567252598,0.3,0.08656770103041786,0.007428785357891878,4.737488539412568e-09,0.06428134021925369,0.8912743811577682,0.007892106597551657,0.02734375,8.0
3244,3.0,30,ICM,True,0.029244833068623445,0.08862641599989729,853,1.0,0.4,0.07323980883359685,0.45,0.08148078584089888,0.425,0.08972176284820095,0.008240977007302055,4.802636834936822e-10,0.0649988313460311,0.9849200510208342,0.00956091864907932,0.03125,8.0
3261,3.0,30,DCM,True,0.03398161554031778,0.0379600689993822,115,1.0,0.4,0.07416830235822666,0.325,0.07416830235822666,0.2,0.07416830235822666,0.0,0.0,0.07416830235822666,1.2317137362477877,0.013045024904242183,0.02734375,8.0
3261,3.0,30,ICM-noSI,True,0.02470541443702983,0.07102513699828705,673,1.0,0.4,0.07324331224078383,0.35,0.07324331316163997,0.2,0.07324331408249611,9.208561459814799e-10,0.005961246903713122,0.06728206441621457,1.3786415311839453,0.007920753637556472,0.046875,8.0
3261,3.0,30,ICM,True,0.032543613210749854,0.08742126200013445,853,1.0,0.7,0.0772056283153435,0.525,0.07806763673618242,0.5,0.0789296451570213,0.0008620084208389035,0.0016322381341433898,0.07471138176036121,0.8335446715980342,0.007433134218584936,0.03515625,8.0
3278,3.0,30,DCM,True,0.023678990332859536,0.0372294270000566,115,1.0,0.475,0.07763334433523052,0.4,0.07763334433523052,0.225,0.07763334433523052,0.0,0.0,0.07763334433523052,1.1729956065858964,0.012256939486600685,0.03125,8.0
3278,3.0,30,ICM-noSI,True,0.02119782590015896,0.0732508710007096,673,1.0,0.4,0.07826095106194299,0.325,0.08534777357100827,0.25,0.09243459608007357,0.0070868225090652825,0.0004899613512475811,0.07068416720163012,1.382348764670304,0.012256940437796862,0.03515625,8.0
3278,3.0,30,ICM,True,0.02429495232892998,0.0952038609993906,853,1.0,0.7,0.07959276798566779,0.5,0.0798573156934827,0.4,0.08012186340129761,0.00026454770781491276,2.9218090488871616e-09,0.07932821735604383,0.535129692367094,0.007916081741742853,0.02734375,8.0
3295,3.0,30,DCM,True,0.020808262308527233,0.04142742600015481,115,1.0,0.35,0.06967747987364739,0.15,0.06967747987364739,0.1,0.06967747987364739,0.0,0.0,0.06967747987364739,1.9398964387883806,0.02003570727745585,0.02734375,8.0
3295,3.0,30,ICM-noSI,True,0.02080826131389433,0.06801090399858367,673,1.0,0.35,0.06967748159815088,0.15,0.06967748516460417,0.1,0.06967748873105747,3.566453304756844e-09,1.3708675193833864e-09,0.06967747666083005,1.93989655953879,0.020035709210846187,0.02734375,8.0
3295,3.0,30,ICM,True,0.023848780144292796,0.08370143600041047,853,1.0,0.475,0.07803573786112818,0.325,0.07803573837470738,0.325,0.07803573888828662,5.13579224334354e-10,1.9031595137524536e-10,0.078035737157233,0.7611318875623547,0.008024725093911667,0.03125,8.0
3312,3.0,30,DCM,True,0.02761431512680765,0.03751258400006918,115,1.0,0.3,0.07287268649406538,0.1,0.07287268649406538,0.05,0.07287268649406538,0.0,0.0,0.07287268649406538,1.9624052305895865,0.01765227284049878,0.0390625,8.0
3312,3.0,30,ICM-noSI,True,0.027614312563767954,0.0689355569993495,673,1.0,0.35,0.07269440287409287,0.1,0.07728191997164728,0.075,0.0818694370692017,0.00458751709755441,1.4669572525778666e-09,0.06810688430958121,1.962405280022482,0.01786027888240868,0.03515625,8.0
3312,3.0,30,ICM,True,0.02822685683218448,0.13677634400119132,853,1.0,0.475,0.07924840434919025,0.425,0.08607170503350402,0.4,0.0928950057178178,0.006823300684313768,4.184341719413435e-10,0.07242510324644232,0.9572743755533981,0.010441076582069608,0.03515625,8.0
3329,3.0,30,DCM,True,0.025154530010089344,0.036153278000711,115,1.0,0.225,0.0663081541937388,0.175,0.0663081541937388,0.1,0.0663081541937388,0.0,0.0,0.0663081541937388,1.5922934994781446,0.018804272137332656,0.03125,8.0
3329,3.0,30,ICM-noSI,True,0.02515452899077701,0.06848870300018461,673,1.0,0.225,0.06630815507463769,0.175,0.06630815836264997,0.1,0.06630816165066225,3.2880122671306292e-09,1.9268863843183842e-09,0.06630814985973905,1.5922937087039195,0.018804275663913364,0.02734375,8.0
3329,3.0,30,ICM,True,0.025126964141121762,0.08710026799963089,853,1.0,0.35,0.07057814191758531,0.325,0.07057814326251514,0.2,0.070578144607445,1.3449298436396898e-09,0.0008502482279211683,0.06972789234473431,0.7361441926921666,0.01572890738498317,0.03125,8.0
3346,3.0,30,DCM,True,0.021724921212920596,0.037553603999185725,115,1.0,0.5,0.07698884912890894,0.425,0.07698884912890894,0.375,0.07698884912890894,0.0,0.0,0.07698884912890894,1.332337085062383,0.009347196740414399,0.03125,8.0
3346,3.0,30,ICM-noSI,True,0.021724921014360327,0.07108787799916172,673,1.0,0.475,0.07644877817236129,0.4,0.08031186576671723,0.35,0.08417495336107317,0.0038630875943559393,6.041765281169884e-11,0.07258569051758769,1.3323372485665994,0.009347197560274578,0.03125,8.0
3346,3.0,30,ICM,True,0.02207151103986608,0.08555416299896024,853,1.0,0.6,0.07910216510352126,0.475,0.08034390672838804,0.275,0.08158564835325481,0.0012417416248667716,6.134426343666499e-11,0.07786042341731024,1.245403207407762,0.016869584048746528,0.03125,8.0
3363,3.0,30,DCM,True,0.01605373397106505,0.0380677459997969,115,1.0,0.25,0.06604938112173543,0.2,0.06604938112173543,0.125,0.06604938112173543,0.0,0.0,0.06604938112173543,1.4475121390943109,0.008243646819739964,0.02734375,8.0
3363,3.0,30,ICM-noSI,True,0.016053733933517847,0.07243997899968235,673,1.0,0.25,0.06657517794400863,0.225,0.0685645885248004,0.15,0.07055399910559215,0.0019894105807917624,5.6692709336962175e-11,0.06458576730652416,1.5912943185801873,0.010241789653415143,0.0234375,8.0
3363,3.0,30,ICM,True,0.01655255128791996,0.08320702200035157,853,1.0,0.525,0.07282133357807286,0.475,0.07552110415191396,0.425,0.07822087472575505,0.002699770573841099,8.69987633789814e-10,0.07012156213424413,0.5710036282969014,0.005527411747306754,0.02734375,8.0
3380,3.0,30,DCM,True,0.025177517795034524,0.03697455800102034,115,1.0,0.25,0.0685363141481053,0.1,0.0685363141481053,0.1,0.0685363141481053,0.0,0.0,0.0685363141481053,2.8296166170573813,0.027172522655948727,0.0234375,8.0
3380,3.0,30,ICM-noSI,True,0.025177516728694647,0.06907448099991598,673,1.0,0.25,0.06853630940344171,0.1,0.06853631106933958,0.1,0.06853631273523744,1.6658978661069338e-09,7.151437248518869e-10,0.06853630702240011,2.829616924246621,0.027172518648342227,0.0234375,8.0
3380,3.0,30,ICM,True,0.025332067262604327,0.08735077699930116,853,1.0,0.475,0.07569042266550889,0.375,0.07569042563085118,0.325,0.07569042859619346,2.9653422793725966e-09,1.4913375868744267e-09,0.07569041820882903,0.9255477749330588,0.009253757914011507,0.03125,8.0
3397,3.0,30,DCM,True,0.023260485050352702,0.038324016000842676,115,1.0,0.425,0.07650860465244425,0.275,0.07650860465244425,0.2,0.07650860465244425,0.0,0.0,0.07650860465244425,1.2350581362188442,0.013826618846242714,0.0234375,8.0
3397,3.0,30,ICM-noSI,True,0.023260484843972338,0.11041397300141398,673,1.0,0.425,0.0765086045308477,0.275,0.07650860623179556,0.2,0.07650860793274343,1.7009478648139047e-09,3.0345624724768234e-10,0.07650860252644359,1.2350585926710411,0.013826626360394792,0.0234375,8.0
3397,3.0,30,ICM,True,0.02656965912651892,0.09106950100067479,853,1.0,0.525,0.08011487801542985,0.3,0.08011487875923144,0.225,0.08011487950303305,7.438016027127136e-10,2.3061773472767482e-10,0.08011487704101052,0.8202034049300921,0.01421016687837151,0.03125,8.0
3414,3.0,30,DCM,True,0.03083355951685126,0.037797187998876325,115,1.0,0.575,0.07310329099279424,0.55,0.07310329099279424,0.4,0.07310329099279424,0.0,0.0,0.07310329099279424,0.988146256961577,0.007286519847650608,0.02734375,8.0
3414,3.0,30,ICM-noSI,True,0.02918186187714203,0.11296884099829185,673,1.0,0.55,0.07375643696654756,0.525,0.07587143038681052,0.375,0.07798642380707348,0.0021149934202629546,6.717257339204417e-10,0.07164144287455887,0.9881486871144377,0.007286542880199365,0.02734375,8.0
3414,3.0,30,ICM,True,0.028303611761296088,0.09380988399971102,853,1.0,0.7,0.07841723430077462,0.625,0.08216247596910886,0.5,0.08590771763744312,0.003745241668334249,2.6318911806238557e-10,0.07467199236925125,0.6555747559518115,0.010560843934060649,0.02734375,8.0
3431,3.0,30,DCM,True,0.0220438713690566,0.037702019999414915,115,1.0,0.325,0.06741646350597152,0.175,0.06741646350597152,0.075,0.06741646350597152,0.0,0.0,0.06741646350597152,1.7740121323686613,0.015745057482635272,0.0234375,8.0
3431,3.0,30,ICM-noSI,True,0.02204387095231098,0.06801509399883798,673,1.0,0.325,0.06741646293931775,0.175,0.067416465259797,0.075,0.06741646758027625,2.3204792506079968e-09,2.7888230263363976e-10,0.0674164603399562,1.7740122617662462,0.01574505851835986,0.02734375,8.0
3431,3.0,30,ICM,True,0.023431214383328392,0.09619759300039732,853,1.0,0.425,0.0713050916138101,0.225,0.07130510515645809,0.075,0.07130511869910612,1.3542648004981038e-08,1.92124479460602e-09,0.0713050761499173,1.6968269780869385,0.016499983391586315,0.0234375,8.0
3448,3.0,30,DCM,True,0.025578679298339894,0.03854268299983232,115,1.0,0.3,0.06950988411181312,0.15,0.06950988411181312,0.05,0.06950988411181312,0.0,0.0,0.06950988411181312,3.273288732979902,0.023836575961492867,0.02734375,8.0
3448,3.0,30,ICM-noSI,True,0.023358902323256298,0.07237591900047846,673,1.0,0.275,0.07366911925206818,0.15,0.08465209940423965,0.1,0.09563507955641112,0.010982980152171468,0.0003765422167873038,0.0623095968831094,3.273289846462259,0.023836598477572146,0.03125,8.0
3448,3.0,30,ICM,True,0.030286815658925024,0.1290440970005875,853,1.0,0.575,0.07711145099043415,0.525,0.0788485122888213,0.275,0.08058557358720841,0.0017370612983871301,0.00023854048483108492,0.07513584920721594,0.6410236297670177,0.006406672695101659,0.02734375,8.0
3465,3.0,30,DCM,True,0.026236095847251985,0.03831387399986852,115,1.0,0.3,0.06954903141206166,0.125,0.06954903141206166,0.125,0.06954903141206166,0.0,0.0,0.06954903141206166,2.0505927551482617,0.022105924851236636,0.03515625,8.0
3465,3.0,30,ICM-noSI,True,0.018195335317891963,0.06968062600026315,673,1.0,0.425,0.06751061694450118,0.325,0.07684318133595035,0.225,0.08617574572739953,0.00933256439144917,0.005645974680086202,0.05253207787296581,2.149285052965203,0.017245566434032855,0.0390625,8.0
3465,3.0,30,ICM,True,0.02730758891664835,0.08275029500146047,853,1.0,0.425,0.07669577912271877,0.375,0.08408582446554361,0.25,0.09147586980836843,0.007390045342824831,2.4811889143737767e-09,0.06930573129870503,2.1682162523907196,0.011302427473209586,0.03515625,8.0
3482,3.0,30,DCM,True,0.037994149404983246,0.03943869899921992,115,1.0,0.475,0.07660237544524112,0.375,0.07660237544524112,0.2,0.07660237544524112,0.0,0.0,0.07660237544524112,1.3161036103621313,0.01895290486255019,0.03515625,8.0
3482,3.0,30,ICM-noSI,True,0.029991740672379082,0.06814864400075749,673,1.0,0.475,0.07582739407990328,0.375,0.07582739424276262,0.225,0.07582739440562195,1.6285933523581294e-10,0.004733028533762299,0.07109436538328165,1.3161036381844975,0.01895290376618175,0.04296875,8.0
3482,3.0,30,ICM,True,0.02627763473607906,0.08961440399980347,853,1.0,0.575,0.08092264263244055,0.575,0.08092264300083497,0.375,0.08092264336922941,3.6839443181833183e-10,0.008863719298458151,0.07205892296558797,0.826836147613307,0.01072058777008067,0.05859375,8.0
3499,3.0,30,DCM,True,0.03134850797018253,0.04268643199975486,115,1.0,0.325,0.06483847032115017,0.1,0.06483847032115017,0.1,0.06483847032115017,0.0,0.0,0.06483847032115017,2.705924349104006,0.021734935169682057,0.02734375,8.0
3499,3.0,30,ICM-noSI,True,0.02948422836693978,0.07949057099904167,673,1.0,0.325,0.06589063663333387,0.2,0.070387010538536,0.1,0.07488338444373809,0.004496373905202101,2.4634706461038494e-10,0.061394262481784714,2.398676050008034,0.019606233173251275,0.02734375,8.0
3499,3.0,30,ICM,True,0.034604069939500236,0.08445399899937911,853,1.0,0.425,0.07280098904303352,0.275,0.07803446119484458,0.25,0.08326793334665565,0.005233472151811074,1.169175391734413e-09,0.06756751572204704,1.6820522392291377,0.020664257125253438,0.03125,8.0
3516,3.0,30,DCM,True,0.024195398626695404,0.03655595100099163,115,1.0,0.375,0.07450159648259141,0.325,0.07450159648259141,0.1,0.07450159648259141,0.0,0.0,0.07450159648259141,1.751899909497158,0.011399555905281841,0.02734375,8.0
3516,3.0,30,ICM-noSI,True,0.021916957952384204,0.12021068899957754,673,1.0,0.425,0.07659607024563167,0.35,0.082859014418775,0.275,0.08912195859191832,0.006262944173143331,1.0505302027263165e-09,0.07033312502195813,1.8376508552185933,0.010368454604224295,0.03125,8.0
3516,3.0,30,ICM,True,0.02611867755124465,0.08712309099973936,853,1.0,0.55,0.07947692404275382,0.5,0.08101197798261457,0.425,0.08254703192247534,0.0015350539398607567,1.824695401094706e-10,0.07794186992042351,0.9508729905133465,0.01151287607732343,0.02734375,8.0
3533,3.0,30,DCM,True,0.03520790467937611,0.03851381599997694,115,1.0,0.375,0.0685042730640743,0.35,0.0685042730640743,0.225,0.0685042730640743,0.0,0.0,0.0685042730640743,1.3979283372931604,0.012984739252572722,0.03125,8.0
3533,3.0,30,ICM-noSI,True,0.03520790464132483,0.07678996300091967,673,1.0,0.375,0.06850427286244297,0.35,0.06850427302580962,0.225,0.06850427318917626,1.6336664641952095e-10,3.158799628860993e-11,0.06850427266748833,1.3979283153605218,0.012984739172455892,0.03125,8.0
3533,3.0,30,ICM,True,0.03549571554312155,0.0856138210001518,853,1.0,0.425,0.07036695754427669,0.325,0.07036695856908153,0.2,0.07036695959388638,1.0248048507822719e-09,2.898601556230141e-10,0.07036695622961167,1.355423430059804,0.013127910420766609,0.03125,8.0
4210,4.0,30,DCM,True,0.0337170220409337,0.05525198299983458,115,1.0,0.3,0.0924277539974144,0.175,0.0924277539974144,0.075,0.0924277539974144,0.0,0.0,0.0924277539974144,1.839116659915798,0.017737532929692712,0.0390625,8.0
4210,4.0,30,ICM-noSI,True,0.02400521535996158,0.07188736899843207,673,1.0,0.3,0.09346592236092191,0.2,0.10428994119389715,0.075,0.11511396002687238,0.010824018832975239,4.5316519095478775e-11,0.08264190348263015,1.8391166272555335,0.01773753246901777,0.04296875,8.0
4210,4.0,30,ICM,True,0.030196590137514103,0.09398976400007086,853,1.0,0.475,0.09950076376714731,0.325,0.10946824375111633,0.125,0.11943572373508533,0.009967479983969003,1.619662771259105e-09,0.08953328216351554,1.243833989804707,0.016499998347463143,0.0390625,8.0
4227,4.0,30,DCM,True,0.02887197845863334,0.037823463999302476,115,1.0,0.4,0.08655436257835006,0.325,0.08655436257835006,0.275,0.08655436257835006,0.0,0.0,0.08655436257835006,0.9702306098651289,0.01050534249165147,0.03515625,8.0
4227,4.0,30,ICM-noSI,True,0.026428711337475135,0.11347192600078415,673,1.0,0.4,0.08588273693009663,0.325,0.09084856794731885,0.3,0.0958143989645411,0.004965831017222226,1.460812291985615e-09,0.08091690445206211,1.3286604618451072,0.009831337814389496,0.03515625,8.0
4227,4.0,30,ICM,True,0.03020196797106834,0.08677298800103017,853,1.0,0.45,0.092717490623866,0.45,0.09271749101866208,0.375,0.09271749141345817,3.9479608232695376e-10,7.817954936804538e-11,0.09271749015089037,0.9024804926373469,0.010013674523182803,0.0390625,8.0
4244,4.0,30,DCM,True,0.0413034160498609,0.03801676900002349,115,1.0,0.425,0.10013160270143329,0.3,0.10013160270143329,0.15,0.10013160270143329,0.0,0.0,0.10013160270143329,1.278288967858357,0.016156124989733456,0.0390625,8.0
4244,4.0,30,ICM-noSI,True,0.03758631307181867,0.0902866719989106,673,1.0,0.45,0.10001335091325296,0.3,0.10001335129002306,0.125,0.10001335166679312,3.7677007134307365e-10,0.0026079883647434346,0.09740536217173948,1.278288916910978,0.01615612811322914,0.046875,8.0
4244,4.0,30,ICM,True,0.03578524943285159,0.08230536000155553,853,1.0,0.725,0.1045002407971896,0.475,0.10450025661405418,0.225,0.10450027243091871,1.5816864555709036e-08,0.005465540780787241,0.09903468419953781,1.1773809436276599,0.01447582314154923,0.05859375,8.0
4261,4.0,30,DCM,True,0.025331442183219973,0.0380971539998427,115,1.0,0.25,0.08323033078566376,0.125,0.08323033078566376,0.075,0.08323033078566376,0.0,0.0,0.08323033078566376,2.054573138457173,0.026175315486751782,0.03515625,8.0
4261,4.0,30,ICM-noSI,True,0.025331441665678887,0.06921723800041946,673,1.0,0.25,0.0832303242142445,0.125,0.08323032449679206,0.075,0.08323032477933964,2.8254757461824516e-10,3.1792648538965575e-10,0.08323032361377043,2.054572855342258,0.026175291251863575,0.03125,8.0
4261,4.0,30,ICM,True,0.032175277044266336,0.08350500099913916,853,1.0,0.4,0.09947016395315304,0.375,0.09947016428470686,0.15,0.09947016461626065,3.315538119790704e-10,4.1758742812168214e-10,0.0994701632040118,0.7508685321526102,0.01649999987474672,0.04296875,8.0
4278,4.0,30,DCM,True,0.03504734001588321,0.03904569500082289,115,1.0,0.375,0.09639057701155193,0.175,0.09639057701155193,0.125,0.09639057701155193,0.0,0.0,0.09639057701155193,1.6731211075284371,0.028588282476405727,0.0390625,8.0
4278,4.0,30,ICM-noSI,True,0.03504734001214773,0.06987902000037138,673,1.0,0.375,0.09639057686135064,0.175,0.0963905770325369,0.125,0.09639057720372317,1.7118627316847407e-10,4.279977003828354e-11,0.09639057664736458,1.6731211614654489,0.028588283657072375,0.0390625,8.0
4278,4.0,30,ICM,True,0.03676646484903156,0.08569702900058473,853,1.0,0.475,0.10149190927070488,0.3,0.10149191130746685,0.275,0.10149191334422877,2.0367619418607302e-09,2.595742484798498e-09,0.10149190463820049,0.6585047610806442,0.013443699823298752,0.03125,8.0
4295,4.0,30,DCM,True,0.04528481341792405,0.03565271899969957,115,1.0,0.25,0.08899266303757777,0.15,0.08899266303757777,0.125,0.08899266303757777,0.0,0.0,0.08899266303757777,1.7902363672398194,0.018094145627239502,0.03125,8.0
4295,4.0,30,ICM-noSI,True,0.04528481353462928,0.06698521599901142,673,1.0,0.25,0.08899266243839454,0.15,0.08899266263957398,0.125,0.0889926628407534,2.011794276975343e-10,2.7993373627714028e-11,0.08899266220922174,1.7902363211948693,0.018094145988938867,0.02734375,8.0
4295,4.0,30,ICM,True,0.05020626234311055,0.08287883800039708,853,1.0,0.525,0.10080521800558126,0.375,0.10080521898144527,0.275,0.10080521995730929,9.758639943540353e-10,3.799736125690252e-10,0.10080521664974366,0.9200046913671953,0.016499999143398808,0.03125,8.0
4312,4.0,30,DCM,True,0.03724658884297987,0.036685524000859004,115,1.0,0.6,0.10181545416663403,0.4,0.10181545416663403,0.25,0.10181545416663403,0.0,0.0,0.10181545416663403,1.5005914251711705,0.01794539918793312,0.04296875,8.0
4312,4.0,30,ICM-noSI,True,0.035958081582888844,0.06837584100139793,673,1.0,0.575,0.10141705261161219,0.4,0.10303432720654859,0.3,0.10465160180148503,0.0016172745949364256,0.0008984031594676215,0.09890137485720814,1.5005917279460685,0.017945402501559685,0.04296875,8.0
4312,4.0,30,ICM,True,0.032653363374398794,0.08712335500058543,853,1.0,0.75,0.10744518284332842,0.55,0.10744518383362407,0.425,0.1074451848239197,9.90295645458285e-10,0.005456741953890151,0.10198843989914261,0.6214881871505504,0.015997354676328346,0.0625,8.0
4329,4.0,30,DCM,True,0.04197285357895939,0.03616098500060616,115,1.0,0.375,0.10215065648948929,0.225,0.10215065648948929,0.15,0.10215065648948929,0.0,0.0,0.10215065648948929,1.6574226102009857,0.03520335274762115,0.046875,8.0
4329,4.0,30,ICM-noSI,True,0.04197285297563705,0.07047540500025207,673,1.0,0.375,0.10215065658499609,0.225,0.10215065697731103,0.15,0.102150657369626,3.92314955255372e-10,3.4053404224779173e-10,0.10215065585214708,1.6574226352451624,0.035203353472294086,0.046875,8.0
4329,4.0,30,ICM,True,0.043259889839601044,0.1337854769990372,853,1.0,0.6,0.10305122766060335,0.425,0.10305122787738422,0.4,0.10305122809416511,2.1678086842416362e-10,1.0413369271852522e-10,0.10305122733968881,0.659979797191318,0.009629018905049733,0.0390625,8.0
4346,4.0,30,DCM,True,0.025479691395421694,0.03877028200076893,115,1.0,0.25,0.0896788608267871,0.075,0.0896788608267871,0.05,0.0896788608267871,0.0,0.0,0.0896788608267871,2.0401559380652494,0.02875454936328503,0.0390625,8.0
4346,4.0,30,ICM-noSI,True,0.025479689674897877,0.06961798699921928,673,1.0,0.25,0.08967886305967927,0.075,0.08967887291932533,0.05,0.0896788827789714,9.859646063141705e-09,9.146590741477559e-10,0.08967885228537414,2.040156526660928,0.02875456630682971,0.0390625,8.0
4346,4.0,30,ICM,True,0.028250417720488558,0.13063531199986755,853,1.0,0.675,0.10390445577171588,0.425,0.10871785919728723,0.275,0.11353126262285862,0.004813403425571369,8.768378603483388e-09,0.0990910435777659,0.9569301793437802,0.01616688288633103,0.0390625,8.0
4363,4.0,30,DCM,True,0.02899994622971776,0.037168593999012955,115,1.0,0.275,0.08293999493179871,0.075,0.08293999493179871,0.0,0.08293999493179871,0.0,0.0,0.08293999493179871,4.614555987782976,0.04163986448578946,0.0390625,8.0
4363,4.0,30,ICM-noSI,True,0.02899994239875778,0.07928802000060386,673,1.0,0.275,0.08293999472305166,0.075,0.08294000181184387,0.0,0.08294000890063609,7.088792212100207e-09,2.7684587048734813e-10,0.08293998735741358,4.614556478345721,0.04163986584461066,0.0390625,8.0
4363,4.0,30,ICM,True,0.026156616630743097,0.08857547400111798,853,1.0,0.45,0.09215507438772645,0.45,0.0968564784222953,0.3,0.10155788245686417,0.004701404034568862,1.8121310708877939e-10,0.08745367017194448,1.5281455520973943,0.018357456062060323,0.03515625,8.0
4380,4.0,30,DCM,True,0.03521719758954338,0.03681017499911832,115,1.0,0.325,0.08769263464886881,0.15,0.08769263464886881,0.05,0.08769263464886881,0.0,0.0,0.08769263464886881,1.3667240065515838,0.02710606357682485,0.03515625,8.0
4380,4.0,30,ICM-noSI,True,0.03521719647604171,0.06886167699849466,673,1.0,0.325,0.08770867562443696,0.125,0.0895978848203707,0.075,0.09148709401630443,0.0018892091959337384,6.265614247932261e-10,0.0858194658019418,1.5910716645942118,0.027899702863805415,0.03515625,8.0
4380,4.0,30,ICM,True,0.04242568915852001,0.08771022300061304,853,1.0,0.5,0.09754692735267886,0.275,0.09754693445099585,0.2,0.09754694154931283,7.098316974310018e-09,4.6005845196489014e-10,0.09754691979430344,1.682318266128029,0.031499998463986906,0.0390625,8.0
4397,4.0,30,DCM,True,0.04950789110971065,0.0758564160005335,115,1.0,0.45,0.09861610197757378,0.4,0.09861610197757378,0.2,0.09861610197757378,0.0,0.0,0.09861610197757378,1.0963473780727437,0.02239536361850869,0.0390625,8.0
4397,4.0,30,ICM-noSI,True,0.044014102104258206,0.0688628059997427,673,1.0,0.45,0.09925097495083723,0.425,0.10337652898595762,0.3,0.10750208302107796,0.004125554035120365,1.7791692591440093e-09,0.09512541913654762,1.0252311744503306,0.022002147183403764,0.03515625,8.0
4397,4.0,30,ICM,True,0.05170343555098611,0.087362722000762,853,1.0,0.675,0.10386986238465945,0.625,0.103869864753887,0.55,0.10386986712311459,2.369227572632268e-09,9.385730753569091e-10,0.10386985907685878,0.6563588526904318,0.015563119446051488,0.04296875,8.0
4414,4.0,30,DCM,True,0.03206187639218056,0.03721077500085812,115,1.0,0.325,0.09228281419448256,0.15,0.09228281419448256,0.075,0.09228281419448256,0.0,0.0,0.09228281419448256,1.8402708915319317,0.024084533211672365,0.04296875,8.0
4414,4.0,30,ICM-noSI,True,0.03206187548957307,0.06798729200090747,673,1.0,0.3,0.09200524280978181,0.15,0.0944238550010539,0.1,0.09684246719232598,0.002418612191272086,4.941067391265752e-11,0.08958663056909905,2.3414362430905977,0.027049452317954192,0.03125,8.0
4414,4.0,30,ICM,True,0.03122344068675937,0.08809668499998224,853,1.0,0.425,0.09860613164061954,0.3,0.09999113155227321,0.15,0.10137613146392685,0.0013849999116536543,2.1427910047552282e-10,0.0972211315146868,1.8128505050010075,0.02457896895468914,0.046875,8.0
4431,4.0,30,DCM,True,0.03165222455731434,0.0779771890011034,115,1.0,0.225,0.08963344251949963,0.1,0.08963344251949963,0.05,0.08963344251949963,0.0,0.0,0.08963344251949963,1.929230453466844,0.024966705970702163,0.0390625,8.0
4431,4.0,30,ICM-noSI,True,0.031652053458191984,0.08058205400084262,673,1.0,0.175,0.09111200698550254,0.075,0.10243023326595782,0.05,0.11374845954641308,0.011318226280455276,1.3249446118128151e-07,0.07979364821058609,2.8236396012845795,0.029622499406423114,0.03515625,8.0
4431,4.0,30,ICM,True,0.03746149196045076,0.0884868600005575,853,1.0,0.5,0.09822043734047864,0.325,0.10146053248319906,0.225,0.10470062762591952,0.0032400951427204346,0.0002186652827907374,0.09476167691496747,1.4108304765040254,0.018725187349334427,0.0390625,8.0
4448,4.0,30,DCM,True,0.0466868405486491,0.03696066700103984,115,1.0,0.55,0.10086842305008137,0.2,0.10086842305008137,0.175,0.10086842305008137,0.0,0.0,0.10086842305008137,1.1739065531439044,0.02369708049245285,0.0390625,8.0
4448,4.0,30,ICM-noSI,True,0.04220333864139779,0.06998760800161108,673,1.0,0.525,0.1023142963302837,0.2,0.10492156918210079,0.2,0.10752884203391781,0.002607272851817054,0.001886744994552427,0.09782027848391422,1.4104023973369222,0.023697045398845804,0.04296875,8.0
4448,4.0,30,ICM,True,0.05408939502627542,0.08661424800084205,853,1.0,0.775,0.10849152998403536,0.75,0.10849153127429934,0.625,0.10849153256456331,1.2902639935004758e-09,2.596146220494621e-10,0.10849152843415673,0.5021844638813138,0.005373388312590377,0.0390625,8.0
4465,4.0,30,DCM,True,0.030686456818041708,0.03676004400040256,115,1.0,0.375,0.10009623451640073,0.3,0.10009623451640073,0.25,0.10009623451640073,0.0,0.0,0.10009623451640073,1.1562393504987818,0.01640098330176487,0.0390625,8.0
4465,4.0,30,ICM-noSI,True,0.03068645584623882,0.1107839940013946,673,1.0,0.375,0.1000962334667221,0.3,0.10009623663710668,0.25,0.10009623980749127,3.1703846043484655e-09,7.849713463006396e-10,0.10009622951136612,1.1562394668359657,0.016400984571148136,0.03125,8.0
4465,4.0,30,ICM,True,0.03330298990577937,0.08721602100013115,853,1.0,0.475,0.10385203009761415,0.425,0.10385203087590753,0.275,0.10385203165420094,7.782933927389192e-10,1.4174236976965052e-10,0.10385202917757838,1.0134026748042197,0.01649999968802557,0.0390625,8.0
4482,4.0,30,DCM,True,0.05072526695718084,0.037779333999424125,115,1.0,0.45,0.09871139929001796,0.225,0.09871139929001796,0.175,0.09871139929001796,0.0,0.0,0.09871139929001796,1.4821715635938444,0.02489684546189751,0.04296875,8.0
4482,4.0,30,ICM-noSI,True,0.050725266649839666,0.11060707700016792,673,1.0,0.45,0.098740514584956,0.225,0.09892513791135567,0.175,0.0991097612377553,0.00018462332639964676,2.4438847282250603e-10,0.0985558910141679,1.4821731684743276,0.024896883362525112,0.04296875,8.0
4482,4.0,30,ICM,True,0.053274708395504286,0.08616391699979431,853,1.0,0.75,0.10770293976201155,0.65,0.11058685800558807,0.625,0.11347077624916455,0.0028839182435765006,2.2132456000514177e-10,0.10481902129711049,0.3402374091586641,0.007961997631323658,0.0390625,8.0
4499,4.0,30,DCM,True,0.02778598493962408,0.037311006999516394,115,1.0,0.3,0.09324005882709013,0.2,0.09324005882709013,0.125,0.09324005882709013,0.0,0.0,0.09324005882709013,0.986928284843342,0.014402819566730396,0.03515625,8.0
4499,4.0,30,ICM-noSI,True,0.021006230102763555,0.07513399900017248,673,1.0,0.25,0.09514757138820411,0.125,0.11252411238564135,0.075,0.1299006533830786,0.01737654099743726,0.0010935796946326738,0.07667745069613417,2.8976426067004595,0.042996370235699855,0.046875,8.0
4499,4.0,30,ICM,True,0.024412982322314074,0.08720048800023505,853,1.0,0.45,0.10119663283002552,0.35,0.10589731071428825,0.2,0.11059798859855104,0.004700677884262764,0.00040018688731108395,0.09609576805845166,1.208290236457699,0.021870001159209312,0.04296875,8.0
4516,4.0,30,DCM,True,0.043920276467448595,0.03895865599952231,115,1.0,0.6,0.10603649279536911,0.5,0.10603649279536911,0.375,0.10603649279536911,0.0,0.0,0.10603649279536911,0.7233029323965138,0.009159918139808383,0.0390625,8.0
4516,4.0,30,ICM-noSI,True,0.04392027372267371,0.0700471700001799,673,1.0,0.6,0.10603648922274511,0.5,0.1060365095647871,0.375,0.10603652990682907,2.0342041988386935e-08,3.214817524301908e-09,0.10603646566588561,0.7233031670566014,0.009159920827227937,0.0390625,8.0
4516,4.0,30,ICM,True,0.04714742808589134,0.09428633999959857,853,1.0,0.725,0.11249603869140823,0.7,0.11249603896576124,0.575,0.11249603924011423,2.74352987882048e-10,1.0129980921888069e-10,0.11249603831575543,0.5779338348669251,0.008774560293310807,0.04296875,8.0
4533,4.0,30,DCM,True,0.039123051814143966,0.040660557000592235,115,1.0,0.2,0.0853301016416525,0.1,0.0853301016416525,0.075,0.0853301016416525,0.0,0.0,0.0853301016416525,2.3960475702202277,0.019203405516355916,0.0390625,8.0
4533,4.0,30,ICM-noSI,True,0.03215595867025004,0.0737256160009565,673,1.0,0.175,0.0827233429425904,0.125,0.09293722974898093,0.05,0.10315111655537149,0.010213886806390543,0.006190472605523793,0.06631898353067606,4.03729159668832,0.022178614224947074,0.05859375,8.0
4533,4.0,30,ICM,True,0.026614489355880212,0.08813425100015593,853,1.0,0.175,0.08769083238586838,0.1,0.0937699681243011,0.075,0.09984910386273382,0.006079135738432722,0.011895662214025809,0.06971603443340986,3.2212282446518414,0.0306401701715302,0.08203125,8.0
5210,5.0,30,DCM,True,0.06621995073201699,0.042351853000582196,115,1.0,0.35,0.12669568408562984,0.15,0.12669568408562984,0.125,0.12669568408562984,0.0,0.0,0.12669568408562984,1.7229875400901953,0.04619527596387363,0.0546875,8.0
5210,5.0,30,ICM-noSI,True,0.06621995021038311,0.07747330399979546,673,1.0,0.35,0.13266275064824296,0.175,0.1660028981075218,0.15,0.19934304556680066,0.033340147459278865,2.686665415551088e-10,0.09932260292029754,2.534886267701043,0.04619524011638798,0.06640625,8.0
5210,5.0,30,ICM,True,0.07656219581348013,0.12715549400127202,853,1.0,0.325,0.13670910238565145,0.25,0.15951553369169907,0.25,0.18232196499774667,0.022806431306047606,7.988697814379975e-11,0.11390267099971688,1.812155701029712,0.03149999941943632,0.0625,8.0
5227,5.0,30,DCM,True,0.04327405481815743,0.037026489999334444,115,1.0,0.4,0.12036499228519396,0.3,0.12036499228519396,0.275,0.12036499228519396,0.0,0.0,0.12036499228519396,1.3721434941743698,0.019549429323775347,0.046875,8.0
5227,5.0,30,ICM-noSI,True,0.043274048467701956,0.07145141799992416,673,1.0,0.4,0.12036498706525904,0.3,0.12036499735972525,0.275,0.12036500765419149,1.029446623046345e-08,1.0102779228854076e-09,0.12036497576051489,1.372143888866702,0.019549426177019158,0.046875,8.0
5227,5.0,30,ICM,True,0.04451342878943825,0.09252191599989601,853,1.0,0.625,0.13053234542065625,0.475,0.13053234578488362,0.35,0.13053234614911097,3.6422736416299e-10,2.581337188616162e-10,0.13053234479829517,0.647067376548634,0.016725101461777525,0.04296875,8.0
5244,5.0,30,DCM,True,0.029096870921588237,0.03676194899890106,115,1.0,0.15,0.1203288044608409,0.125,0.1203288044608409,0.1,0.1203288044608409,0.0,0.0,0.1203288044608409,2.1506099061479325,0.024727855910858243,0.05859375,8.0
5244,5.0,30,ICM-noSI,True,0.028716066114053144,0.06744349599830457,673,1.0,0.15,0.12074362799927729,0.15,0.12399935103021542,0.1,0.12725507406115355,0.0032557230309381265,2.920128550980781e-09,0.11748790204821062,2.4059239706305346,0.024836661245196345,0.05078125,8.0
5244,5.0,30,ICM,True,0.030177141724381486,0.0867154549996485,853,1.0,0.325,0.12478180324391412,0.35,0.12478181562498716,0.25,0.12478182800606019,1.2381073027331915e-08,2.8606328981053407e-09,0.12478178800220821,1.2647064943343893,0.016673452844934045,0.0546875,8.0
5261,5.0,30,DCM,True,0.049221524526527054,0.03717362600036722,115,1.0,0.4,0.12352106822868983,0.275,0.12352106822868983,0.125,0.12352106822868983,0.0,0.0,0.12352106822868983,1.273872748213504,0.03572164644150755,0.04296875,8.0
5261,5.0,30,ICM-noSI,True,0.049221525798721924,0.08436127999993914,673,1.0,0.4,0.12352105286699566,0.275,0.12352105586166555,0.125,0.12352105885633546,2.9946699088595956e-09,1.4822536908427784e-10,0.12352104972410038,1.2738725917456488,0.03572163903030501,0.046875,8.0
5261,5.0,30,ICM,True,0.050441028297706365,0.08619809099945996,853,1.0,0.55,0.12950718638025008,0.425,0.13087904741276116,0.3,0.13225090844527224,0.0013718610325110718,6.906329511613175e-11,0.12813532527867572,1.3141890105879706,0.03474904063479212,0.05078125,8.0
5278,5.0,30,DCM,True,0.040598614052253505,0.037670357000024524,115,1.0,0.3,0.12121549883702468,0.2,0.12121549883702468,0.075,0.12121549883702468,0.0,0.0,0.12121549883702468,2.3401350338477145,0.023902919604757534,0.046875,8.0
5278,5.0,30,ICM-noSI,True,0.03632865077403371,0.06952122599977884,673,1.0,0.225,0.1358003880563338,0.1,0.17488705257786963,0.05,0.21397371709940546,0.03908666452153585,2.1390320753804036e-10,0.09671372332089474,2.3401350597500894,0.02390291970517737,0.046875,8.0
5278,5.0,30,ICM,True,0.036483286871745235,0.08479961500052013,853,1.0,0.35,0.14492551878451043,0.325,0.18855156984117843,0.325,0.23217762089784638,0.04362605105666797,6.83597444098472e-11,0.10129946765948275,1.9674763625945773,0.014131692977115196,0.0546875,8.0
5295,5.0,30,DCM,True,0.04408049193513884,0.0757025570001133,115,1.0,0.325,0.11720653517333342,0.2,0.11720653517333342,0.075,0.11720653517333342,0.0,0.0,0.11720653517333342,1.7764733944486293,0.035585962070623145,0.046875,8.0
5295,5.0,30,ICM-noSI,True,0.03477288173326414,0.0757370120009,673,1.0,0.3,0.11929308993523098,0.175,0.13292297991903376,0.075,0.14655286990283659,0.013629889983802799,9.095626371194126e-09,0.10566319085580181,1.7764733540172986,0.03558596122409727,0.05859375,8.0
5295,5.0,30,ICM,True,0.03671293789556185,0.0886717610010237,853,1.0,0.325,0.12577034949368576,0.225,0.13549181081394832,0.15,0.14521327213421092,0.009721461320262569,4.776040391681706e-09,0.11604888339738281,1.1274630639796943,0.029941008155825954,0.05078125,8.0
5312,5.0,30,DCM,True,0.037390478227050924,0.04113683499963372,115,1.0,0.525,0.1174094675139177,0.15,0.1174094675139177,0.1,0.1174094675139177,0.0,0.0,0.1174094675139177,1.7208890498022664,0.03357929572087215,0.046875,8.0
5312,5.0,30,ICM-noSI,True,0.0373904741889947,0.0675308509999013,673,1.0,0.525,0.11740946518104614,0.15,0.11740947382949618,0.1,0.11740948247794628,8.64845006724992e-09,2.545064309266164e-09,0.11740945398753175,1.7208893468717092,0.03357930157758238,0.046875,8.0
5312,5.0,30,ICM,True,0.0431548890902545,0.08497831000022416,853,1.0,0.55,0.12597221786048773,0.425,0.12597222049513984,0.35,0.1259722231297919,2.6346520960246064e-09,6.244714506401445e-10,0.12597221460136418,1.7083842142500936,0.03175923539133607,0.05078125,8.0
5329,5.0,30,DCM,True,0.03382646274201043,0.037478022000868805,115,1.0,0.425,0.12255674239839279,0.2,0.12255674239839279,0.1,0.12255674239839279,0.0,0.0,0.12255674239839279,1.247844802931062,0.031042494746064964,0.046875,8.0
5329,5.0,30,ICM-noSI,True,0.032107339180090844,0.11252237600092485,673,1.0,0.275,0.12033345852727857,0.275,0.13499575558981353,0.225,0.14965805265234847,0.014662297062534935,3.447170911266997e-10,0.10567116112002654,2.61311979952527,0.031903311527544526,0.0703125,8.0
5329,5.0,30,ICM,True,0.03505070554915509,0.08647942599964153,853,1.0,0.45,0.12573786716471202,0.275,0.12829892026051137,0.2,0.13085997335631072,0.002561053095799337,4.689938284194238e-09,0.12317680937897442,1.0488246487305006,0.03149993643270313,0.046875,8.0
5346,5.0,30,DCM,True,0.034385615311126494,0.037573269000859,115,1.0,0.425,0.12126936490281179,0.225,0.12126936490281179,0.175,0.12126936490281179,0.0,0.0,0.12126936490281179,0.7531070973218424,0.016287290757185047,0.04296875,8.0
5346,5.0,30,ICM-noSI,True,0.03438559827348546,0.1167924959991069,673,1.0,0.425,0.12126937037133374,0.225,0.1212693706794157,0.175,0.12126937098749764,3.080819444843001e-10,8.760495143117712e-11,0.12126936997564686,0.7531071574067224,0.0162873261829819,0.04296875,8.0
5346,5.0,30,ICM,True,0.03701083576064033,0.08482050199927471,853,1.0,0.5,0.12923607327208525,0.375,0.1319220580187495,0.35,0.1346080427654138,0.0026859847466642757,5.150035681702657e-11,0.12655008847392063,0.6293802790156076,0.011197519478037155,0.05078125,8.0
5363,5.0,30,DCM,True,0.03727536740193666,0.03800968500036106,115,1.0,0.5,0.12359738415265138,0.425,0.12359738415265138,0.225,0.12359738415265138,0.0,0.0,0.12359738415265138,1.1039102371555063,0.02274659513097632,0.05078125,8.0
5363,5.0,30,ICM-noSI,True,0.03727536651451785,0.06950098400011484,673,1.0,0.375,0.11955214013843837,0.4,0.14080540639446024,0.225,0.1620586726504821,0.021253266256021856,1.0203300976880694e-09,0.09829887286208644,4.233416573187737,0.02274659910708321,0.0625,8.0
5363,5.0,30,ICM,True,0.040275895940055706,0.08699954700023227,853,1.0,0.55,0.13282551271111834,0.475,0.1456038474510019,0.4,0.15838218219088546,0.012778334739883579,9.359866514509274e-11,0.12004717787763608,1.0879854947502812,0.01980595901237958,0.0546875,8.0
5380,5.0,30,DCM,True,0.049933106803356685,0.03721240300001227,115,1.0,0.475,0.12978031541091595,0.3,0.12978031541091595,0.2,0.12978031541091595,0.0,0.0,0.12978031541091595,1.086184121150863,0.04010503259712553,0.05859375,8.0
5380,5.0,30,ICM-noSI,True,0.04295768431303488,0.0709371650009416,673,1.0,0.55,0.13127968621922653,0.45,0.13691365320224094,0.325,0.14254762018525538,0.005633966983014428,0.0012905553444396063,0.12435516389177248,0.7822703528421434,0.028937637839007782,0.0546875,8.0
5380,5.0,30,ICM,True,0.052229169854595005,0.08534205799878691,853,1.0,0.475,0.13201575510270766,0.275,0.13201576072015628,0.175,0.13201576633760492,5.617448626705925e-09,2.553010602704789e-09,0.13201574693224843,0.7142830849327466,0.018681711644870203,0.0546875,8.0
5397,5.0,30,DCM,True,0.0425503726575724,0.04770824400111451,115,1.0,0.35,0.11845997901578342,0.25,0.11845997901578342,0.175,0.11845997901578342,0.0,0.0,0.11845997901578342,2.0211539853050082,0.04125511127368198,0.04296875,8.0
5397,5.0,30,ICM-noSI,True,0.03773423593200026,0.06868031600060931,673,1.0,0.45,0.11812400143186616,0.325,0.12242070957350118,0.25,0.12671741771513625,0.00429670814163505,2.520282488848915e-09,0.1138272907699486,1.340717523541202,0.03016201830105139,0.046875,8.0
5397,5.0,30,ICM,True,0.04135534061219748,0.131856403000711,853,1.0,0.475,0.12213477176081786,0.425,0.12406277914104646,0.35,0.12599078652127507,0.0019280073802286038,7.820048049912726e-11,0.12020676430238877,0.9254434255010473,0.016499999969186427,0.0390625,8.0
5414,5.0,30,DCM,True,0.048172958239961504,0.04550307500176132,115,1.0,0.25,0.10902697552149414,0.225,0.10902697552149414,0.175,0.10902697552149414,0.0,0.0,0.10902697552149414,1.9532224911123124,0.016124275685900722,0.05078125,8.0
5414,5.0,30,ICM-noSI,True,0.048172957149003395,0.06831596399933915,673,1.0,0.25,0.11008064898007257,0.225,0.12019640376207619,0.175,0.1303121585440798,0.010115754782003628,1.248074500439395e-09,0.09996489294999443,2.1412607219721784,0.021578571129507756,0.0546875,8.0
5414,5.0,30,ICM,True,0.04989560629621967,0.1285229659988545,853,1.0,0.4,0.11604427257753103,0.325,0.11936892732931667,0.3,0.12269358208110233,0.003324654751785651,1.0990938287174936e-09,0.11271961672665154,1.3508936311261912,0.013479338410506178,0.0390625,8.0
5431,5.0,30,DCM,True,0.04742379042776509,0.03736745800051722,115,1.0,0.2,0.11399155381971926,0.05,0.11399155381971926,0.025,0.11399155381971926,0.0,0.0,0.11399155381971926,2.238944579091262,0.05233058521637923,0.05078125,8.0
5431,5.0,30,ICM-noSI,True,0.04416029360114128,0.07064275199991243,673,1.0,0.2,0.11532591294357009,0.05,0.12030875989509146,0.025,0.12529160684661284,0.004982846951521366,9.231890494148566e-11,0.1103430658997298,1.9263029094618263,0.04909907733830876,0.046875,8.0
5431,5.0,30,ICM,True,0.05148869601309101,0.09005561599951761,853,1.0,0.45,0.1257112332754045,0.4,0.12571125545494272,0.275,0.1257112776344809,2.2179538210408658e-08,1.9784668678270503e-09,0.12571120911739941,0.588335426300437,0.018757680392061604,0.046875,8.0
5448,5.0,30,DCM,True,0.04692264219995043,0.03808090200072911,115,1.0,0.25,0.12464899253563835,0.125,0.12464899253563835,0.125,0.12464899253563835,0.0,0.0,0.12464899253563835,4.409756469023249,0.05201968471189036,0.06640625,8.0
5448,5.0,30,ICM-noSI,True,0.04692261712318848,0.0693433289998211,673,1.0,0.325,0.1255762895251898,0.325,0.13638059743848835,0.25,0.1471849053517869,0.010804307913298552,2.078754687610744e-08,0.11477196082434438,3.38173252320203,0.026555336619145137,0.03125,8.0
5448,5.0,30,ICM,True,0.04526895775597559,0.12414324699966528,853,1.0,0.5,0.13049244758487166,0.475,0.14349381616989398,0.4,0.1564951847549163,0.013001368585022325,0.002092575550147433,0.1153985034497019,1.4002438111218998,0.015601315991730438,0.05859375,8.0
5465,5.0,30,DCM,True,0.03903481959943872,0.03923707300054957,115,1.0,0.2,0.11517984654043652,0.25,0.11517984654043652,0.175,0.11517984654043652,0.0,0.0,0.11517984654043652,0.9294731638302521,0.011220435169018037,0.05078125,8.0
5465,5.0,30,ICM-noSI,True,0.032831367733130584,0.06978895599968382,673,1.0,0.225,0.11723472139149653,0.3,0.13380999543241517,0.275,0.1503852694733338,0.01657527404091864,1.4076302309742089e-09,0.10065944594294765,0.9294744137485675,0.01218530677493268,0.05859375,8.0
5465,5.0,30,ICM,True,0.03368221180540496,0.08600771899909887,853,1.0,0.575,0.1270711176871733,0.525,0.13730765053548216,0.5,0.147544183383791,0.010236532848308855,0.005516363873898447,0.11131822096496599,0.44319879047923455,0.0107280486069401,0.0703125,8.0
5482,5.0,30,DCM,True,0.04028016037348261,0.03795816099955118,115,1.0,0.375,0.12417771811124376,0.25,0.12417771811124376,0.125,0.12417771811124376,0.0,0.0,0.12417771811124376,1.4727444748769387,0.023094884021720732,0.05078125,8.0
5482,5.0,30,ICM-noSI,True,0.03552108183160254,0.07052022799871338,673,1.0,0.35,0.12535188279687987,0.225,0.13262114379990048,0.125,0.13989040480292111,0.007269261003020638,7.792408621077041e-10,0.11808262101461833,2.093994348611363,0.03268823981229274,0.05078125,8.0
5482,5.0,30,ICM,True,0.04318579872230153,0.1296989990005386,853,1.0,0.575,0.12968039882411872,0.6,0.13831805425487792,0.425,0.14695570968563715,0.008637655430759212,7.44046775651433e-10,0.12104274264931272,0.8047194078566794,0.01649999825346557,0.05078125,8.0
5499,5.0,30,DCM,True,0.03665241639770401,0.03878130199882435,115,1.0,0.325,0.1137769002974659,0.25,0.1137769002974659,0.125,0.1137769002974659,0.0,0.0,0.1137769002974659,0.958365674054745,0.017143107826226942,0.04296875,8.0
5499,5.0,30,ICM-noSI,True,0.035439042619764896,0.07293705400115869,673,1.0,0.325,0.11420554533667202,0.275,0.11595442268291867,0.2,0.11770330002916532,0.0017488773462466442,5.6570503068416933e-11,0.11245666793385486,0.9541818098629096,0.016699670850391583,0.04296875,8.0
5499,5.0,30,ICM,True,0.040091753533927105,0.08480007400066825,853,1.0,0.375,0.1268402149216926,0.35,0.13230462211708466,0.35,0.13776902931247675,0.005464407195392079,2.605086670143223e-09,0.12137580512121385,0.74652155147528,0.016499976086260693,0.0546875,8.0
5516,5.0,30,DCM,True,0.03172367838303166,0.037437971999679576,115,1.0,0.175,0.10485861677737322,0.175,0.10485861677737322,0.075,0.10485861677737322,0.0,0.0,0.10485861677737322,2.0165658601734613,0.020161849184239244,0.0546875,8.0
5516,5.0,30,ICM-noSI,True,0.03172367444302807,0.06961148299888009,673,1.0,0.2,0.10486837812069298,0.175,0.11375554950468529,0.175,0.12264272088867764,0.008887171383992329,3.447852293332613e-10,0.09598120639191542,2.019846906387033,0.021583721645879544,0.05078125,8.0
5516,5.0,30,ICM,True,0.034122007564697764,0.08559654899909219,853,1.0,0.4,0.12163934547628638,0.35,0.13393341638914244,0.325,0.14622748730199855,0.012294070912856092,1.5445957093228913e-10,0.10934527440897071,0.9548201821177409,0.01649999988599264,0.046875,8.0
5533,5.0,30,DCM,True,0.04278217051434686,0.038939178999498836,115,1.0,0.7,0.12139649236509817,0.725,0.12139649236509817,0.575,0.12139649236509817,0.0,0.0,0.12139649236509817,0.7607315979256029,0.008769042990519227,0.046875,8.0
5533,5.0,30,ICM-noSI,True,0.040229322880213206,0.07019427100021858,673,1.0,0.7,0.1214536222810662,0.55,0.12307071599512835,0.425,0.1246878097091905,0.0016170937140621417,0.0007942382421707072,0.11904229032483335,0.8165795010062799,0.017258585139537,0.046875,8.0
5533,5.0,30,ICM,True,0.04364654438538579,0.08875624000029347,853,1.0,0.725,0.12790859588212689,0.5,0.13019620831384504,0.4,0.1324838207455632,0.002287612431718158,1.6019797674349087e-10,0.12562098329021074,0.6253416598349877,0.01279719913314252,0.05078125,8.0
